date,open,close,high,low,volume,money
2005-04-08,984.66,1003.45,1003.7,979.53,1476252600,9151349808
2005-04-11,1003.88,995.42,1008.74,992.77,1593606600,10436232248
2005-04-12,993.71,978.7,993.71,978.2,1022619300,6479563495
2005-04-13,987.95,1000.9,1006.5,987.95,1607168700,10029602129
2005-04-14,1004.64,986.98,1006.42,985.58,1294571000,7813424514
2005-04-15,982.61,974.08,982.61,971.93,1040895500,6541675456
2005-04-18,970.91,963.77,970.91,958.65,859840000,5329138712
2005-04-19,962.92,965.89,968.87,957.91,921262300,5768907755
2005-04-20,964.15,950.87,964.15,946.2,885070500,5300003714
2005-04-21,948.86,943.98,955.55,938.6,994614500,6140646108
2005-04-22,942.91,939.1,947.91,934.96,1069188400,6373550345
2005-04-25,935.99,930.07,935.99,920.16,1147047800,6667303132
2005-04-26,928.43,937.08,939.7,924.65,1169047100,7029373085
2005-04-27,938.57,926.6,938.91,925.9,1078061100,6432845906
2005-04-28,923.53,942.07,945.5,914.83,1434348600,8315813742
2005-04-29,940.81,932.39,942.45,929.81,1123541900,6853192443
2005-05-09,934.65,909.17,937.39,909.17,852911500,4889696446
2005-05-10,905.54,913.08,913.39,892.31,1049433100,5960910722
2005-05-11,911.84,901.85,917.22,900.44,904204700,5128333208
2005-05-12,899.97,885.82,900.06,883.51,1022872000,6107327165
2005-05-13,883.5,887.54,898.5,875.58,1124490600,6228419643
2005-05-16,885.39,875.27,885.39,869.33,822428800,4630088469
2005-05-17,873.08,881.46,888.28,868.21,877227300,4635198616
2005-05-18,881.14,883.2,890.4,871.82,787861000,4615409280
2005-05-19,882.84,884.17,888.02,871.29,814958300,4263472583
2005-05-20,883.51,882.76,891.02,879.18,722667600,3835476288
2005-05-23,880.28,863.34,880.28,862.1,727979500,3725791093
2005-05-24,861.2,868.46,871.77,855.59,920692900,4777971875
2005-05-25,867.66,868.45,876.3,861.66,723855600,3742173189
2005-05-26,867.76,857.33,872.84,854.96,662278600,3470051082
2005-05-27,855.6,849.51,864.96,848.4,774998300,4240678764
2005-05-30,847.63,855.61,858.46,842.1,697158300,3712116331
2005-05-31,856.56,855.95,863.2,853.29,704782100,3601006687
2005-06-01,855.21,837.53,857.66,836.04,790230200,4274074912
2005-06-02,835.47,818.38,835.49,812.99,950865700,5220786229
2005-06-03,816.55,818.03,823.86,807.97,793605600,4164754479
2005-06-06,816.73,839.0,839.15,807.78,900918500,4685006534
2005-06-07,841.58,837.28,858.09,835.18,1306706800,7248577634
2005-06-08,848.54,905.77,908.83,844.47,3290783900,17414544247
2005-06-09,907.57,912.6,925.37,895.04,3314184000,17782386004
2005-06-10,911.94,894.56,911.94,889.1,2239150200,12006754528
2005-06-13,895.0,892.96,900.18,877.69,1562800200,7944060172
2005-06-14,895.39,883.54,905.41,882.86,1434357000,7692070462
2005-06-15,881.21,866.83,881.25,865.14,1145405600,6272310250
2005-06-16,866.66,879.24,879.49,861.83,1104968500,6115269193
2005-06-17,883.61,880.35,888.08,876.04,1496300900,8285455982
2005-06-20,881.62,906.25,906.48,872.56,1899208200,10290889580
2005-06-21,906.31,896.17,906.31,894.39,1277478400,6890936652
2005-06-22,894.77,900.65,901.24,891.93,1047813400,5882401451
2005-06-23,900.06,893.57,904.9,892.83,950930800,5465028353
2005-06-24,892.06,898.3,898.67,888.4,891873900,4732186046
2005-06-27,904.21,916.04,920.65,904.21,1654540200,8903493734
2005-06-28,913.48,903.72,913.48,901.21,1040221900,5536098456
2005-06-29,906.75,898.9,907.57,898.08,1080674600,5751998008
2005-06-30,897.1,878.69,897.1,876.88,1085547200,5597946269
2005-07-01,875.93,859.49,875.93,858.37,1009459700,5086726820
2005-07-04,855.32,855.93,856.1,842.81,884027700,4026099534
2005-07-05,853.68,849.68,856.74,845.36,799268800,4529674417
2005-07-06,850.25,842.56,854.45,838.61,689831400,3627265630
2005-07-07,841.75,844.73,848.02,839.28,596246500,2901826588
2005-07-08,842.62,829.49,842.62,827.23,722100000,3447787083
2005-07-11,837.86,824.1,850.66,822.52,843900600,4092653674
2005-07-12,821.91,851.82,854.29,818.86,1498987100,7519245269
2005-07-13,850.47,846.23,851.95,841.86,939884200,4674024437
2005-07-14,844.94,849.59,856.1,843.18,936196800,4742557429
2005-07-15,849.87,841.0,854.6,837.78,888956300,4203939701
2005-07-18,839.22,833.0,840.0,829.68,850000600,3767754660
2005-07-19,831.5,835.61,840.14,829.28,789181800,3622924794
2005-07-20,835.3,842.64,844.71,832.14,852647300,3953440082
2005-07-21,842.75,843.99,843.99,835.76,836610100,4118496717
2005-07-22,847.54,859.69,867.16,842.99,2163097600,10210013616
2005-07-25,858.33,856.86,860.95,854.28,1181608000,5762385031
2005-07-26,856.19,876.48,880.03,856.19,2182677600,10513580671
2005-07-27,876.94,894.01,894.03,876.04,2040953700,9688109273
2005-07-28,893.88,890.88,901.0,888.5,2062252700,10326374188
2005-07-29,889.41,888.16,892.29,883.38,1339740600,6409062024
2005-08-01,887.72,891.61,897.28,885.85,1180830900,5451576867
2005-08-02,892.13,903.6,903.65,888.4,1429254700,6441958706
2005-08-03,905.18,909.57,919.28,903.76,2578629800,11911777040
2005-08-04,907.42,904.15,909.83,901.63,1451925600,6682690057
2005-08-05,904.04,923.8,923.81,903.94,1912376500,9585685726
2005-08-08,926.57,927.47,933.15,923.57,2160894400,11135756693
2005-08-09,926.97,933.09,933.39,919.11,1953290700,9704541246
2005-08-10,933.26,940.37,940.37,926.27,2151576300,10214864206
2005-08-11,940.78,953.99,953.99,939.39,2707366600,14042061872
2005-08-12,954.72,938.32,959.27,933.99,2916814400,14457553256
2005-08-15,937.71,954.5,954.5,936.11,2043081300,10503460782
2005-08-16,955.27,945.06,959.34,939.92,2386181800,12606079730
2005-08-17,943.4,953.01,953.34,930.33,2145776900,10910460911
2005-08-18,954.15,920.67,956.84,919.12,3185532700,15916423709
2005-08-19,918.09,923.04,927.32,910.08,2224267900,10881501177
2005-08-22,923.11,931.67,933.35,919.22,1603101000,7745835021
2005-08-23,931.81,923.41,931.81,915.03,1540648800,7508824639
2005-08-24,923.56,930.65,935.23,923.56,1595974700,7736512283
2005-08-25,930.98,930.12,933.2,920.61,1629205700,7604864624
2005-08-26,930.25,928.26,930.33,921.84,1542980400,7186198527
2005-08-29,928.34,917.37,928.34,913.77,1546226100,7137708170
2005-08-30,916.09,914.88,920.21,912.84,1243817000,5858436210
2005-08-31,915.12,927.92,928.21,911.5,1462363000,7034282250
2005-09-01,928.52,944.56,944.95,926.06,2230638400,10558677965
2005-09-02,945.98,947.87,947.92,941.31,1861443800,8864773608
2005-09-05,949.08,952.72,952.99,944.63,1784331800,8242226133
2005-09-06,953.41,936.61,956.3,934.97,2122225500,10583985179
2005-09-07,934.99,952.76,952.9,932.65,1960846600,9956808193
2005-09-08,954.27,955.28,958.87,947.71,2242439300,11753260243
2005-09-09,955.11,949.07,959.9,946.02,1621931000,7924193974
2005-09-12,949.78,949.51,952.55,945.4,1167261300,5610130326
2005-09-13,949.58,963.77,963.92,948.13,1657943100,7999031246
2005-09-14,964.97,970.19,970.26,961.64,1995829100,9942627972
2005-09-15,970.58,969.6,970.96,965.66,1637767900,8098160518
2005-09-16,969.62,967.5,970.37,964.28,1397857100,6989327513
2005-09-19,967.44,971.14,971.99,964.26,1473742100,7427481654
2005-09-20,971.38,961.92,971.65,957.12,1863660400,9189438331
2005-09-21,961.37,944.41,961.37,943.82,1854189500,8760459022
2005-09-22,942.73,923.27,942.73,914.23,1811552500,8625589892
2005-09-23,921.51,916.15,927.42,914.81,1154764400,5549882042
2005-09-26,915.84,918.49,919.65,913.61,883624100,4398425669
2005-09-27,918.87,904.21,921.13,903.39,1108605600,5576097392
2005-09-28,903.33,903.72,910.33,901.38,885031000,4331475905
2005-09-29,904.28,915.98,915.98,904.28,1193897800,5798238295
2005-09-30,916.59,917.39,918.66,913.45,900143300,4529466676
2005-10-10,917.21,907.32,917.21,906.88,715845100,3665624376
2005-10-11,906.63,919.72,919.8,904.04,775829500,4032539378
2005-10-12,920.45,923.49,926.09,917.38,1220885200,6653231000
2005-10-13,923.43,916.5,926.01,916.27,1082890400,6021814326
2005-10-14,916.34,904.83,917.89,902.81,1012394000,5568049025
2005-10-17,903.27,897.62,903.27,892.36,1055250600,5516482064
2005-10-18,897.37,902.37,903.0,895.62,1136631700,5849997730
2005-10-19,902.04,898.74,907.88,897.04,1103304800,5474099406
2005-10-20,898.89,899.91,900.13,889.57,1260872500,6082545635
2005-10-21,899.64,904.41,907.79,897.99,1136458800,5645096184
2005-10-24,905.13,906.65,908.45,900.23,921898200,4674775354
2005-10-25,905.97,894.27,905.97,893.61,1121340100,5687104900
2005-10-26,892.62,875.82,892.62,873.89,1216712300,5911800808
2005-10-27,873.47,875.85,879.67,869.72,1190858800,5881848405
2005-10-28,875.86,867.73,880.21,859.69,1197337600,5565266453
2005-10-31,866.62,876.28,878.41,866.15,1044365100,4954801462
2005-11-01,875.96,872.87,875.96,862.69,1008274500,4762514458
2005-11-02,873.39,882.48,884.94,873.39,1310497300,6115386842
2005-11-03,882.19,874.58,885.68,872.11,1217918200,5843191842
2005-11-04,873.35,878.36,878.36,869.68,956731000,4570236086
2005-11-07,877.62,877.28,877.62,870.08,771325900,3758294613
2005-11-08,876.43,881.52,881.89,870.96,1012876100,4617261094
2005-11-09,881.51,879.25,884.94,878.68,1177440500,5544780425
2005-11-10,878.63,862.97,878.63,862.09,1085377100,5071603818
2005-11-11,861.22,864.79,867.33,857.79,921972000,4221479222
2005-11-14,864.08,862.15,864.25,858.34,627167400,2924317719
2005-11-15,862.07,856.63,867.46,853.86,825247800,4158739868
2005-11-16,855.45,863.12,863.17,847.49,906613800,4185382359
2005-11-17,863.08,862.66,865.79,859.0,881163700,4120494742
2005-11-18,862.58,882.24,886.58,862.4,1759780300,8353934317
2005-11-21,882.79,883.87,886.11,880.3,1025996300,4897254555
2005-11-22,883.93,869.62,883.93,869.53,1059723600,4500600972
2005-11-23,868.0,876.23,876.82,866.19,991692000,3944070407
2005-11-24,875.83,881.49,885.75,874.88,1462900800,6102429919
2005-11-25,881.25,884.11,884.16,877.26,1300354600,5127946933
2005-11-28,883.24,880.17,886.74,877.64,973973500,4239101597
2005-11-29,879.25,871.31,879.25,870.56,841499400,3597357382
2005-11-30,870.45,873.83,873.93,866.98,804073800,3676845309
2005-12-01,873.47,873.07,877.31,870.7,706923500,3355702993
2005-12-02,872.93,869.94,875.83,866.37,849202100,3937214093
2005-12-05,869.43,859.61,869.43,858.86,1028689700,4606548004
2005-12-06,858.11,866.08,867.19,855.72,1030351400,4737134619
2005-12-07,865.72,873.84,874.0,865.02,984295500,4368779146
2005-12-08,874.13,874.06,877.97,870.12,1025917400,5018813137
2005-12-09,873.69,887.36,887.57,871.26,1271952600,5793086795
2005-12-12,887.06,888.52,890.69,884.26,1069928000,5082260512
2005-12-13,888.0,889.1,889.22,880.74,1054723800,5148218278
2005-12-14,888.6,898.15,899.01,884.37,1386837600,6757243552
2005-12-15,898.38,896.43,904.01,895.17,1625978200,7498123901
2005-12-16,895.83,902.56,902.75,894.1,1145210700,5418465602
2005-12-19,902.05,902.91,904.47,898.79,993632700,4380561278
2005-12-20,902.75,907.32,907.32,899.66,1029465900,4665761570
2005-12-21,907.05,903.14,910.93,902.11,1027397600,4892864878
2005-12-22,902.37,908.75,909.06,900.66,894702600,4441384591
2005-12-23,908.96,915.89,915.89,908.51,1190699900,5799046691
2005-12-26,916.67,922.38,925.0,916.41,1534265000,7501782773
2005-12-27,922.44,919.36,922.44,916.0,1205035900,5640640118
2005-12-28,919.05,920.92,920.98,915.12,1213103200,5731256513
2005-12-29,921.14,932.03,932.03,921.14,1725495900,8798040548
2005-12-30,933.45,923.45,934.0,921.83,1560025100,8517980122
2006-01-04,926.56,941.43,941.43,926.41,2112689900,11442608327
2006-01-05,943.85,959.13,959.63,942.31,2731174300,14693493720
2006-01-06,961.91,970.03,975.63,956.04,3028636800,16170989866
2006-01-09,971.09,975.25,976.27,966.05,2432955200,12626400277
2006-01-10,975.28,978.15,978.28,964.43,2273530200,12344022953
2006-01-11,977.64,973.48,983.39,963.39,2652413800,13488346780
2006-01-12,972.39,983.72,984.08,968.54,2189668000,11028175836
2006-01-13,985.04,978.81,988.11,973.68,2228186100,11215633222
2006-01-16,977.89,961.44,977.89,960.88,2030521500,9896151721
2006-01-17,959.39,964.29,965.98,952.23,1603727600,8076118846
2006-01-18,964.16,983.62,984.67,963.08,2082351800,10389841771
2006-01-19,985.22,991.22,992.27,978.28,2645560900,12714862349
2006-01-20,991.57,993.34,994.5,987.06,2614706200,12929890431
2006-01-23,993.74,996.16,997.33,989.34,2254601900,11459294356
2006-01-24,997.79,999.09,1006.15,993.39,2419799100,13914239772
2006-01-25,998.84,1009.6,1009.65,989.51,2180075800,11644197379
2006-02-06,1013.42,1033.23,1033.35,1012.81,2503877100,13466978183
2006-02-07,1034.68,1029.94,1038.5,1019.94,3295478700,17669257813
2006-02-08,1028.44,1033.07,1033.4,1022.94,2698672900,13692515175
2006-02-09,1033.19,1019.6,1033.19,1017.05,2383960100,12115067169
2006-02-10,1019.42,1032.34,1032.6,1018.48,2202445300,11411753871
2006-02-13,1034.38,1031.61,1034.64,1021.84,2215729800,11454695538
2006-02-14,1032.64,1038.53,1038.81,1030.46,1855622000,9730559347
2006-02-15,1040.33,1041.66,1048.34,1038.74,2478462800,12747811508
2006-02-16,1041.66,1020.12,1041.66,1019.21,2615989200,13407183725
2006-02-17,1020.06,1020.37,1028.57,1015.99,2102687500,10774127956
2006-02-20,1020.74,1021.64,1030.05,1020.01,1881888300,10303300141
2006-02-21,1020.98,1038.82,1038.94,1014.66,2367803900,13180216400
2006-02-22,1039.65,1037.88,1046.45,1036.38,2538070400,13435059019
2006-02-23,1038.25,1041.37,1041.59,1029.25,1978503700,10259755542
2006-02-24,1041.97,1049.44,1049.69,1041.97,1967610400,10286380796
2006-02-27,1055.95,1047.85,1057.22,1045.97,2287209900,12520438962
2006-02-28,1046.71,1053.01,1053.72,1033.66,1935326700,10427830678
2006-03-01,1051.76,1056.62,1057.69,1049.64,1942573000,10518419421
2006-03-02,1055.86,1038.67,1056.05,1034.68,2487786100,13748692907
2006-03-03,1037.99,1041.68,1043.42,1029.56,2120053900,11437141697
2006-03-06,1041.75,1038.87,1044.42,1036.11,1787096300,9091203924
2006-03-07,1037.93,1014.97,1037.98,1013.14,1933651600,9676508800
2006-03-08,1012.58,1009.27,1014.97,999.93,1746305500,8818082801
2006-03-09,1006.97,1004.34,1010.91,1002.2,1273509900,6640051345
2006-03-10,1004.75,1008.9,1011.76,1004.69,1188798300,6337829115
2006-03-13,1008.8,1019.86,1020.88,1008.51,1176591100,6101943506
2006-03-14,1020.47,1018.27,1021.65,1012.11,1134803000,5861599356
2006-03-15,1018.15,1028.96,1028.96,1017.08,1484206800,7822300458
2006-03-16,1028.96,1027.62,1029.81,1025.52,1478433900,7936360041
2006-03-17,1027.64,1024.02,1029.56,1021.08,1500192400,7945174864
2006-03-20,1024.5,1037.66,1037.91,1019.65,1538991200,8246315688
2006-03-21,1037.95,1040.76,1047.05,1036.23,1907766200,10271579935
2006-03-22,1041.14,1047.67,1047.94,1036.71,1864057500,10034541922
2006-03-23,1047.35,1048.54,1049.33,1042.83,2046788500,10825049824
2006-03-24,1049.12,1042.6,1051.76,1041.23,2009823700,11031900342
2006-03-27,1042.63,1050.71,1050.71,1037.08,1713407000,9201788180
2006-03-28,1050.07,1055.98,1056.52,1048.64,2227399900,10630507500
2006-03-29,1058.74,1065.29,1074.04,1057.68,3052634500,15882110482
2006-03-30,1065.84,1055.63,1067.99,1055.14,2201249400,12089930817
2006-03-31,1053.85,1061.09,1061.47,1050.22,2227619000,12045672446
2006-04-03,1061.96,1079.32,1079.37,1061.96,2772976100,15703156870
2006-04-04,1080.86,1089.37,1089.37,1076.2,3114875700,17525218334
2006-04-05,1091.17,1099.97,1100.56,1089.55,3293691400,18539588008
2006-04-06,1102.54,1103.24,1109.68,1097.32,3616704900,19687813538
2006-04-07,1102.94,1103.15,1105.1,1091.89,3257086000,17760103659
2006-04-10,1104.32,1117.91,1118.08,1100.69,3206752000,17246470925
2006-04-11,1120.16,1123.31,1126.09,1112.01,3560752000,19796708290
2006-04-12,1123.78,1117.07,1123.78,1116.15,3033384500,15991141463
2006-04-13,1116.84,1093.92,1122.39,1093.51,3382414600,17190084945
2006-04-14,1091.69,1118.61,1118.66,1091.67,3352796200,16782531968
2006-04-17,1120.19,1124.41,1129.15,1114.53,3570454800,18349161711
2006-04-18,1127.51,1131.28,1135.45,1119.27,3231722300,17403457422
2006-04-19,1135.61,1138.24,1140.41,1125.2,3432289800,19364959974
2006-04-20,1139.64,1134.38,1142.54,1127.09,3788565100,21561233693
2006-04-21,1133.2,1149.16,1152.89,1127.65,4077291000,22750697130
2006-04-24,1156.91,1142.7,1160.58,1135.75,4593621900,26245896335
2006-04-25,1139.49,1141.93,1149.54,1123.1,3861112500,22885232669
2006-04-26,1142.9,1155.73,1162.02,1142.07,4182430100,25476171649
2006-04-27,1157.38,1155.27,1159.9,1145.26,3198045100,18862520936
2006-04-28,1143.59,1172.35,1173.88,1133.19,4080185800,24343009251
2006-05-08,1179.58,1218.44,1218.86,1179.58,4491282100,26536314891
2006-05-09,1226.32,1251.61,1252.76,1222.68,5599386100,33111916341
2006-05-10,1257.98,1265.93,1273.68,1243.47,5566704300,33568258225
2006-05-11,1267.22,1255.04,1294.87,1254.35,6113372500,37299607468
2006-05-12,1255.23,1296.26,1296.38,1252.68,5492033100,34261843942
2006-05-15,1312.14,1352.15,1352.41,1301.8,7353400500,45768188032
2006-05-16,1368.13,1331.13,1387.4,1322.14,7965817000,50916396723
2006-05-17,1331.69,1335.52,1356.13,1306.87,6182328700,39133826398
2006-05-18,1322.65,1331.2,1340.52,1301.11,5205636300,31832852065
2006-05-19,1334.07,1366.1,1371.22,1329.32,6712386900,36222359895
2006-05-22,1366.32,1373.67,1387.57,1360.35,6626217200,38198875541
2006-05-23,1365.1,1317.65,1365.1,1316.55,5687238800,32747751170
2006-05-24,1325.68,1308.24,1351.31,1277.33,5117663200,31096815588
2006-05-25,1304.69,1307.7,1316.47,1285.73,3404643600,20482556624
2006-05-26,1312.24,1331.02,1331.45,1309.46,3638566500,21741991960
2006-05-29,1339.9,1366.29,1366.84,1330.63,4448001100,27100627303
2006-05-30,1375.3,1378.76,1384.68,1360.55,4476102700,28992430923
2006-05-31,1377.45,1365.45,1386.94,1355.01,4733588300,29359692213
2006-06-01,1364.18,1402.88,1403.27,1362.94,5349345300,31383492665
2006-06-02,1406.62,1390.12,1411.78,1382.0,6410916200,37407323630
2006-06-05,1391.46,1403.16,1403.3,1362.72,5510181900,29784741526
2006-06-06,1400.27,1399.14,1413.11,1391.89,4683527800,26497855270
2006-06-07,1398.18,1320.23,1398.18,1319.7,5204764700,31076290204
2006-06-08,1309.07,1325.98,1331.88,1286.9,4567750900,26462585864
2006-06-09,1320.81,1294.18,1329.84,1293.05,3739262300,21631040581
2006-06-12,1283.83,1297.67,1308.12,1275.4,2503333100,15025360038
2006-06-13,1296.41,1298.28,1312.13,1284.62,2782303100,16716170449
2006-06-14,1291.69,1283.88,1291.69,1269.52,2880166100,15982326444
2006-06-15,1283.72,1285.38,1300.11,1280.5,2324130200,12947893429
2006-06-16,1290.0,1318.01,1318.02,1290.0,2840803200,16152374694
2006-06-19,1306.26,1334.89,1341.99,1294.9,3072625800,18672646769
2006-06-20,1333.62,1338.22,1341.24,1323.78,2779705800,16416714736
2006-06-21,1336.84,1333.53,1347.0,1320.41,3244547900,18271592334
2006-06-22,1331.93,1331.55,1341.73,1326.15,2595315700,14642393269
2006-06-23,1329.11,1339.45,1340.27,1319.51,2565164400,15125536432
2006-06-26,1341.61,1363.41,1363.57,1341.61,2959592000,18564767865
2006-06-27,1365.04,1363.9,1368.41,1354.09,2645473400,16022196955
2006-06-28,1361.79,1362.88,1366.34,1353.63,2579165700,14836163873
2006-06-29,1365.25,1395.12,1395.24,1365.25,4243920100,24225652463
2006-06-30,1402.6,1393.96,1408.79,1384.99,3839674500,22942443838
2006-07-03,1398.74,1420.33,1420.33,1393.92,3829738500,24423131531
2006-07-04,1423.08,1411.01,1426.1,1401.15,4274980300,28116073765
2006-07-05,1409.9,1393.01,1409.9,1377.22,3344600500,21154127198
2006-07-06,1391.64,1418.67,1418.76,1390.19,3248073400,21637516912
2006-07-07,1423.72,1410.43,1426.4,1405.99,3355617600,22529571028
2006-07-10,1410.5,1412.12,1413.58,1397.44,2760736900,18616784852
2006-07-11,1414.14,1418.58,1418.82,1406.5,2853737900,18958953195
2006-07-12,1419.07,1419.2,1430.94,1416.74,3629341700,24831173387
2006-07-13,1415.88,1346.09,1418.13,1344.15,4897067300,31700087656
2006-07-14,1333.74,1357.13,1367.74,1327.59,3265910500,21065092098
2006-07-17,1354.14,1372.25,1372.25,1348.43,2420555200,16046823874
2006-07-18,1370.9,1373.42,1373.59,1359.91,2272454400,14797115329
2006-07-19,1370.29,1336.64,1370.29,1330.28,2522764700,15923621350
2006-07-20,1335.41,1345.19,1346.85,1329.18,1845062100,11505538297
2006-07-21,1344.6,1356.03,1357.34,1344.57,2039364800,12442432415
2006-07-24,1340.28,1358.12,1359.56,1327.9,1996619000,12517728783
2006-07-25,1359.32,1374.17,1378.84,1359.32,2202350900,14089738586
2006-07-26,1377.78,1371.3,1380.8,1367.05,1963344200,12059952444
2006-07-27,1370.75,1355.55,1379.25,1347.29,2381875500,14751696304
2006-07-28,1354.92,1341.39,1359.74,1327.66,2155750500,13809393177
2006-07-31,1338.04,1294.33,1338.04,1293.53,2218121100,13115400910
2006-08-01,1292.71,1282.06,1302.89,1278.54,1744388700,10137959452
2006-08-02,1281.89,1275.09,1288.61,1258.01,1781328400,10180840409
2006-08-03,1277.63,1271.74,1281.79,1261.69,1294047300,8115991949
2006-08-04,1272.36,1241.91,1278.25,1239.38,1605362800,9762333439
2006-08-07,1233.49,1224.1,1241.85,1221.99,1511651900,8515702534
2006-08-08,1225.04,1252.39,1252.39,1225.04,1425048100,8387431317
2006-08-09,1254.37,1251.3,1258.21,1245.39,1285947400,7485120544
2006-08-10,1251.16,1271.47,1271.47,1251.08,1769900600,10020038303
2006-08-11,1273.27,1275.65,1277.97,1265.52,1530322700,9033367272
2006-08-14,1275.14,1245.72,1279.31,1241.95,1644446900,9870530858
2006-08-15,1243.16,1265.86,1265.86,1239.9,1431936000,8592504024
2006-08-16,1266.82,1283.57,1283.57,1262.54,2080274300,12267020733
2006-08-17,1280.28,1271.63,1280.28,1263.93,1545790400,8843865980
2006-08-18,1270.22,1267.87,1280.83,1265.82,1396452400,7951341069
2006-08-21,1235.43,1270.56,1270.67,1229.16,1506476600,8661631085
2006-08-22,1270.1,1285.27,1289.02,1269.1,1720094200,11224121514
2006-08-23,1284.82,1285.68,1294.83,1282.84,1909287500,12215591075
2006-08-24,1284.84,1292.4,1292.4,1274.56,1508130600,9416605611
2006-08-25,1293.5,1295.44,1301.75,1292.45,1855793700,11586280956
2006-08-28,1298.46,1325.89,1325.89,1298.36,2618329000,16640986510
2006-08-29,1328.61,1330.15,1349.2,1327.0,3176637600,20558598283
2006-08-30,1328.37,1334.67,1336.39,1319.82,2113994900,12994582488
2006-08-31,1335.59,1338.69,1342.79,1331.29,2318827400,13932000999
2006-09-01,1339.31,1318.1,1340.13,1314.57,2503368800,14832251927
2006-09-04,1315.71,1337.24,1337.24,1315.61,2109534000,12470373587
2006-09-05,1339.59,1340.68,1345.71,1334.72,2686811000,15959669593
2006-09-06,1341.4,1346.37,1346.37,1331.85,2315311200,13799604057
2006-09-07,1348.17,1328.38,1348.28,1323.98,2188644900,13054999552
2006-09-08,1327.56,1332.15,1334.73,1326.25,1723027300,10157793916
2006-09-11,1331.89,1338.76,1338.76,1319.21,2094726600,12839285596
2006-09-12,1338.82,1347.64,1350.53,1337.3,2730189100,15787258083
2006-09-13,1348.85,1338.39,1356.86,1337.46,3282119100,18701751194
2006-09-14,1338.35,1338.28,1345.59,1323.8,2221728400,13679517835
2006-09-15,1338.41,1362.32,1362.4,1338.14,3605714800,19594629097
2006-09-18,1367.64,1375.56,1375.58,1362.14,3145485100,18187622927
2006-09-19,1377.72,1378.31,1385.62,1371.43,2664830100,15942860310
2006-09-20,1376.12,1378.46,1381.81,1365.72,2344588000,14017239840
2006-09-21,1378.46,1387.37,1390.62,1378.46,2609412100,16026131513
2006-09-22,1389.87,1374.85,1393.53,1373.94,2826504200,18173169466
2006-09-25,1372.81,1372.4,1383.77,1361.61,2458478000,15493803707
2006-09-26,1370.86,1357.65,1371.58,1351.18,1970327800,11953758768
2006-09-27,1357.28,1371.12,1371.12,1355.39,1758032300,10897805770
2006-09-28,1372.13,1387.0,1389.56,1369.4,2168779200,14070853853
2006-09-29,1389.08,1403.27,1405.56,1389.04,2716674200,17347640073
2006-10-09,1420.36,1436.07,1436.07,1418.21,3919186200,23762250623
2006-10-10,1437.69,1437.24,1443.5,1426.97,3840048600,24024747915
2006-10-11,1436.68,1435.91,1440.21,1421.81,3161798700,18592012045
2006-10-12,1436.2,1426.5,1438.8,1423.63,3795623700,21048271007
2006-10-13,1424.3,1430.88,1436.1,1420.96,2829515600,16770803951
2006-10-16,1432.31,1418.52,1434.53,1415.49,2849218600,17341289788
2006-10-17,1416.95,1414.45,1426.29,1410.67,2422440300,15151115999
2006-10-18,1413.91,1437.59,1437.59,1413.55,2429030800,15015405334
2006-10-19,1438.84,1439.38,1445.62,1433.94,2382026700,14441180899
2006-10-20,1440.67,1440.18,1447.95,1436.65,2656014300,16526648077
2006-10-23,1439.54,1408.71,1444.91,1403.01,2895037700,17710776103
2006-10-24,1408.58,1440.05,1440.05,1408.58,2618997200,16151232545
2006-10-25,1443.11,1446.83,1459.73,1434.81,3220489500,21177150676
2006-10-26,1447.09,1456.1,1457.37,1435.28,3846636200,21300294417
2006-10-27,1455.98,1439.05,1460.45,1433.36,3737930400,21496189402
2006-10-30,1436.66,1446.24,1446.24,1428.33,3532045200,19874454982
2006-10-31,1447.06,1464.47,1464.48,1447.06,3695228300,21463617498
2006-11-01,1465.67,1479.41,1479.41,1461.32,3892692500,23518429064
2006-11-02,1480.55,1479.66,1480.55,1464.6,4237313600,24757963551
2006-11-03,1481.58,1488.29,1497.47,1480.77,3937202700,23319284127
2006-11-06,1477.44,1507.89,1507.97,1472.0,4203351000,25221678236
2006-11-07,1512.65,1516.1,1516.8,1491.33,4303832800,27894549966
2006-11-08,1512.36,1498.17,1513.04,1497.01,2872240500,19140307948
2006-11-09,1491.8,1524.71,1527.38,1489.2,3403013300,22283038119
2006-11-10,1525.23,1504.06,1535.2,1493.2,5392286700,31931185346
2006-11-13,1498.06,1475.78,1512.95,1465.63,4165330100,25176222093
2006-11-14,1475.44,1493.78,1493.88,1453.26,3630788500,22029308293
2006-11-15,1494.11,1534.76,1534.85,1490.87,4058921600,26135569100
2006-11-16,1540.26,1533.29,1558.41,1531.29,5776094800,34127308461
2006-11-17,1528.01,1562.08,1562.24,1521.55,4444619100,26950444425
2006-11-20,1567.34,1593.16,1593.19,1567.34,5341235900,32990614478
2006-11-21,1591.47,1612.25,1612.46,1568.95,4860184200,32628579472
2006-11-22,1610.05,1624.03,1639.41,1600.38,5706549500,38065264000
2006-11-23,1623.71,1634.91,1642.81,1618.04,5136067900,31474406048
2006-11-24,1629.89,1636.58,1640.75,1611.55,4971209600,32398044934
2006-11-27,1632.66,1651.8,1651.8,1627.92,4726727000,32057818416
2006-11-28,1649.68,1644.01,1656.19,1629.83,4476291600,29502974821
2006-11-29,1617.69,1667.14,1672.91,1604.82,4557841100,30895012009
2006-11-30,1671.66,1714.36,1714.49,1671.66,6021608800,39869047599
2006-12-01,1719.28,1729.22,1741.8,1715.79,5841358100,41045221076
2006-12-04,1731.9,1780.74,1780.8,1731.9,7143433300,46947580844
2006-12-05,1785.44,1794.23,1811.66,1777.43,6720257600,47255774605
2006-12-06,1794.26,1779.41,1806.64,1717.72,8127670000,53383291513
2006-12-07,1774.18,1775.71,1820.72,1770.57,8048750200,51388011540
2006-12-08,1752.77,1711.58,1772.16,1710.0,6625774600,41980241160
2006-12-11,1705.91,1789.92,1790.12,1705.91,5133597500,33169358578
2006-12-12,1798.46,1802.79,1819.8,1772.11,5783354300,38702468004
2006-12-13,1805.42,1803.86,1813.28,1779.56,4800445800,33154391167
2006-12-14,1807.08,1836.14,1836.19,1805.2,4720622700,33323930871
2006-12-15,1842.88,1867.64,1867.78,1832.51,4941444100,36957407983
2006-12-18,1875.01,1916.11,1918.29,1875.01,6189299000,46530167681
2006-12-19,1924.8,1921.44,1936.75,1882.54,6778893500,48969821687
2006-12-20,1912.9,1936.55,1936.8,1893.42,5634850200,39745359733
2006-12-21,1935.78,1908.98,1945.47,1905.72,6022516400,43437770784
2006-12-22,1896.48,1895.64,1918.49,1880.57,4623050100,34870781835
2006-12-25,1898.82,1939.1,1957.47,1898.82,5625174200,41951575108
2006-12-26,1941.8,1938.24,1959.98,1914.97,5696738300,39106900197
2006-12-27,1940.41,1982.88,1983.11,1939.55,5600564700,38961689252
2006-12-28,1988.02,1979.93,2010.37,1964.97,6319283400,45224328165
2006-12-29,1991.88,2041.05,2052.86,1991.88,7385194700,55716388327
2007-01-04,2073.25,2067.09,2139.49,2054.24,10671970700,82381072591
2007-01-05,2051.15,2072.88,2083.4,2030.76,9274344700,68026060235
2007-01-08,2072.01,2131.56,2131.74,2071.72,8476790900,66303936118
2007-01-09,2137.49,2200.09,2201.36,2128.06,8157762900,65456192715
2007-01-10,2210.76,2255.97,2255.97,2194.77,8490497900,68822624817
2007-01-11,2257.01,2231.63,2289.95,2224.37,8627654800,68730011815
2007-01-12,2215.86,2173.75,2249.54,2159.78,7652572000,61742830353
2007-01-15,2170.94,2287.34,2287.68,2170.94,6640309700,57043453710
2007-01-16,2310.96,2353.87,2354.43,2297.24,7636425400,67843434156
2007-01-17,2360.41,2308.93,2393.22,2266.34,8901554000,80008901771
2007-01-18,2292.17,2317.09,2325.53,2240.21,7864860600,69894972894
2007-01-19,2320.87,2396.09,2396.09,2320.87,8333402200,73538873546
2007-01-22,2424.82,2491.31,2491.71,2424.82,9389299300,81870488111
2007-01-23,2508.26,2508.13,2516.59,2415.11,10233761600,92812872354
2007-01-24,2508.52,2536.43,2556.1,2489.93,8443369700,80277493989
2007-01-25,2512.46,2452.83,2529.43,2449.05,8105515100,77241720261
2007-01-26,2415.75,2512.92,2524.24,2356.98,7865400800,73275675715
2007-01-29,2529.94,2576.92,2582.41,2521.5,8545208500,79544859355
2007-01-30,2586.52,2551.88,2599.45,2531.78,7821152800,73485012977
2007-01-31,2544.3,2385.34,2548.18,2367.67,8090913700,71945032667
2007-02-01,2350.6,2395.17,2410.42,2310.57,6507809500,57578101142
2007-02-02,2397.06,2298.0,2403.62,2293.28,5937715400,53535112102
2007-02-05,2282.77,2271.8,2304.32,2247.93,4758750600,42358010146
2007-02-06,2271.37,2316.04,2316.7,2198.9,6701064800,61206502550
2007-02-07,2330.43,2369.79,2390.87,2330.43,7010639000,66203343445
2007-02-08,2376.63,2410.6,2415.96,2354.7,6265654000,58367504085
2007-02-09,2412.64,2397.24,2417.64,2376.02,5551553200,51302933998
2007-02-12,2397.85,2485.39,2485.76,2396.79,5499232000,51709436972
2007-02-13,2498.34,2522.63,2526.23,2489.66,5152886200,48227864862
2007-02-14,2527.56,2588.35,2594.66,2520.53,6277727900,58462267865
2007-02-15,2607.63,2668.63,2669.18,2607.63,7163132900,67415688269
2007-02-16,2692.67,2676.74,2717.57,2660.49,7590878500,71597577014
2007-02-26,2679.26,2707.68,2710.3,2641.12,7453156000,70981612303
2007-02-27,2717.81,2457.49,2719.52,2454.92,10773680700,101102755625
2007-02-28,2413.42,2544.57,2554.23,2413.33,8282257100,77148246135
2007-03-01,2550.26,2473.54,2550.33,2439.5,8215965500,74299578237
2007-03-02,2468.67,2508.73,2523.86,2455.82,5794680500,54222099462
2007-03-05,2503.82,2475.61,2541.82,2409.72,6851748800,63071754494
2007-03-06,2467.74,2520.29,2539.45,2452.14,5263315300,50261314068
2007-03-07,2532.97,2589.44,2594.46,2532.15,5972094900,57623239829
2007-03-08,2597.72,2627.63,2628.45,2565.11,5538655900,53907621543
2007-03-09,2632.8,2611.39,2643.81,2587.49,7041132600,67933045137
2007-03-12,2612.96,2616.17,2619.5,2563.37,6246892100,60438197476
2007-03-13,2620.72,2640.17,2641.63,2605.23,6578890800,62061191754
2007-03-14,2609.93,2597.36,2625.12,2546.65,6895208800,66581939459
2007-03-15,2595.54,2645.55,2645.88,2595.54,6377848900,63266778524
2007-03-16,2656.01,2604.23,2665.39,2576.32,7533185000,74777024467
2007-03-19,2533.71,2659.41,2674.8,2523.3,7398356600,72943661095
2007-03-20,2669.64,2672.77,2674.47,2645.25,6124972600,61741482419
2007-03-21,2685.93,2702.6,2703.0,2666.89,6461295700,68369315608
2007-03-22,2720.46,2711.32,2740.28,2702.41,8330807400,86036277732
2007-03-23,2710.36,2716.27,2726.62,2653.79,7391191900,76304490420
2007-03-26,2725.4,2764.03,2764.4,2713.93,7607477300,77796101199
2007-03-27,2770.35,2784.02,2789.97,2753.02,8072512700,84018394699
2007-03-28,2787.24,2797.65,2806.08,2689.11,11220997000,112146081864
2007-03-29,2802.38,2783.3,2830.08,2782.93,10656723900,113233436267
2007-03-30,2768.71,2781.78,2801.95,2753.15,6295070600,66536969255
2007-04-02,2793.96,2850.11,2850.15,2793.96,6924788300,76680507856
2007-04-03,2861.9,2888.11,2888.33,2852.57,7701449500,87091853081
2007-04-04,2893.38,2911.82,2924.68,2875.68,7550665800,88456071223
2007-04-05,2909.5,2945.05,2950.66,2895.42,7413899100,85195598382
2007-04-06,2921.73,2972.01,2977.46,2911.05,7910232800,93049572083
2007-04-09,2988.38,3038.17,3043.06,2988.38,9090170500,106218793512
2007-04-10,3053.36,3081.57,3081.62,2993.11,10088834200,119702215987
2007-04-11,3092.09,3121.32,3121.54,3059.28,10166993500,124218923127
2007-04-12,3129.25,3176.44,3176.69,3114.91,9253518600,118434112266
2007-04-13,3182.78,3169.23,3211.61,3154.11,10065311600,129728360741
2007-04-16,3177.3,3256.0,3256.57,3177.29,8792894000,112706594206
2007-04-17,3273.43,3283.6,3288.17,3182.95,10530710500,133823425844
2007-04-18,3294.21,3304.5,3311.98,3244.93,10142670700,129242252479
2007-04-19,3297.95,3150.3,3297.95,3065.28,11527000900,143830321586
2007-04-20,3165.67,3289.28,3297.41,3165.67,9446986900,118620474966
2007-04-23,3330.8,3431.32,3433.52,3330.8,10995899100,137583437710
2007-04-24,3462.48,3445.2,3490.81,3418.3,11464300600,149412298461
2007-04-25,3432.02,3448.28,3467.83,3376.08,10058066900,129089171524
2007-04-26,3465.11,3493.58,3493.91,3438.88,7899769000,107807045971
2007-04-27,3499.94,3470.52,3503.89,3436.0,8069863600,113722809802
2007-04-30,3487.36,3558.71,3568.68,3478.93,9430286400,138081371497
2007-05-08,3643.81,3686.03,3699.37,3618.78,10678873200,153677419723
2007-05-09,3699.3,3701.28,3717.34,3556.61,14064835800,189060473164
2007-05-10,3703.53,3724.51,3742.23,3671.81,11541992200,153159215466
2007-05-11,3696.29,3702.61,3715.37,3629.71,8896176100,133773914663
2007-05-14,3648.27,3734.42,3769.16,3620.86,9109804900,137156727352
2007-05-15,3739.05,3604.64,3751.64,3600.21,9357856800,138220188526
2007-05-16,3598.0,3700.29,3700.65,3557.2,8622926800,126693808241
2007-05-17,3716.44,3778.61,3794.16,3705.28,9025647800,135459100312
2007-05-18,3771.27,3776.63,3805.21,3746.24,8241889800,120741772539
2007-05-21,3650.8,3831.44,3843.84,3643.08,9847865000,145129793994
2007-05-22,3849.04,3870.49,3893.19,3849.04,10961818400,161323370263
2007-05-23,3879.76,3938.95,3939.49,3853.91,9852317100,147494467235
2007-05-24,3953.89,3919.75,3972.58,3858.51,11381426400,172374226755
2007-05-25,3907.73,3985.25,3996.85,3888.31,9541661500,150809050028
2007-05-28,4033.92,4072.58,4091.93,4027.36,11404185100,183212932635
2007-05-29,4090.9,4168.29,4168.53,4079.87,11326722700,179476688188
2007-05-30,3906.04,3886.46,4104.2,3849.7,13273914000,210318902841
2007-05-31,3828.92,3927.95,3991.73,3683.56,12607824800,193671975961
2007-06-01,3953.1,3803.95,4014.15,3780.03,11993793900,193980269332
2007-06-04,3804.96,3511.43,3822.41,3503.94,9053101900,131296201550
2007-06-05,3407.0,3634.63,3635.15,3246.73,11376803800,150764921394
2007-06-06,3652.89,3677.58,3712.53,3550.74,9595151000,135938464230
2007-06-07,3694.55,3802.3,3802.3,3684.46,9419058100,137228579079
2007-06-08,3814.18,3837.87,3861.21,3769.15,8907474200,136650655463
2007-06-11,3876.07,3931.86,3937.79,3870.23,9098227700,140519100272
2007-06-12,3953.96,4036.11,4036.36,3834.02,9938977400,158102391031
2007-06-13,4071.74,4118.27,4146.52,4064.15,10945294500,165908854362
2007-06-14,4103.52,4075.82,4132.0,4022.78,8660918000,133792269965
2007-06-15,4043.11,4099.38,4115.73,4025.1,6877960000,109234266882
2007-06-18,4178.76,4227.57,4246.4,4177.19,8787291300,141848326711
2007-06-19,4227.59,4253.0,4254.72,4186.18,8154047100,130523272510
2007-06-20,4268.65,4157.6,4292.2,4138.33,8686301500,141060757569
2007-06-21,4140.69,4197.28,4208.87,4110.96,7373947100,121783095857
2007-06-22,4203.13,4051.43,4220.92,3970.35,7955237400,127747673843
2007-06-25,4066.45,3877.59,4105.99,3850.84,7003104400,113432698719
2007-06-26,3804.41,3928.21,3929.37,3752.93,5888511400,87867741985
2007-06-27,3946.88,4040.48,4053.41,3912.2,6529052000,102131620083
2007-06-28,4038.38,3858.52,4067.81,3857.85,6685798000,98372047260
2007-06-29,3769.33,3764.08,3867.75,3718.16,5892087000,88527586075
2007-07-02,3746.18,3757.66,3801.9,3644.19,4974731000,71995865464
2007-07-03,3782.78,3832.23,3835.29,3744.01,4640912600,68887494467
2007-07-04,3840.41,3743.58,3848.08,3727.56,3823371600,59055648042
2007-07-05,3688.31,3537.43,3706.6,3535.04,4322552700,61324055987
2007-07-06,3517.6,3710.28,3712.74,3475.27,5136651200,71894989944
2007-07-09,3743.87,3821.3,3840.99,3722.23,5407311300,79270989350
2007-07-10,3832.76,3775.62,3852.93,3764.25,5190786800,77184567956
2007-07-11,3751.49,3789.87,3797.81,3732.29,3362890700,51532285679
2007-07-12,3799.18,3816.92,3839.21,3780.03,3136811900,45968043226
2007-07-13,3825.03,3820.12,3829.68,3773.93,2689324200,38615513802
2007-07-16,3824.91,3697.97,3830.37,3697.22,2993185700,44462951258
2007-07-17,3684.34,3789.65,3812.25,3650.25,3255385000,50158226605
2007-07-18,3776.94,3807.57,3861.51,3756.7,4597582300,69467831664
2007-07-19,3796.91,3807.0,3836.39,3778.51,3025846700,45728488495
2007-07-20,3808.08,3971.88,3971.89,3808.08,5527112100,81556214966
2007-07-23,4009.06,4156.72,4157.39,4009.06,8527618600,125824176741
2007-07-24,4187.33,4161.35,4241.58,4143.59,7609073500,112024884957
2007-07-25,4163.36,4255.46,4256.05,4163.35,6459776600,101771761398
2007-07-26,4282.68,4303.19,4325.93,4244.08,6549024300,103986605581
2007-07-27,4277.55,4307.14,4318.34,4225.03,6502110900,105910068484
2007-07-30,4305.18,4410.3,4426.31,4303.73,7544158300,121083501332
2007-07-31,4402.52,4460.56,4467.65,4359.59,7137504200,118858591415
2007-08-01,4479.3,4290.48,4496.25,4271.06,7936166500,128911216769
2007-08-02,4311.6,4436.19,4449.4,4303.98,6288753800,108357964805
2007-08-03,4472.89,4598.38,4599.25,4472.89,7819047300,141287524336
2007-08-06,4642.78,4703.98,4704.19,4623.49,7616427100,136599019538
2007-08-07,4715.39,4724.55,4771.58,4634.87,8384713300,154638115713
2007-08-08,4680.07,4668.09,4741.45,4579.4,8898800100,135476625298
2007-08-09,4666.42,4777.29,4779.14,4666.2,7202578600,117191335497
2007-08-10,4765.85,4726.68,4771.61,4631.04,7496288100,123598269748
2007-08-13,4724.52,4721.19,4767.08,4663.2,8576316700,137189538115
2007-08-14,4721.45,4795.57,4803.57,4704.15,6115791100,105536840149
2007-08-15,4804.68,4798.75,4836.59,4697.97,6346642700,109902913351
2007-08-16,4772.36,4721.94,4772.97,4665.21,6359479400,110214697826
2007-08-17,4694.2,4626.58,4774.99,4616.97,6365212000,111565219727
2007-08-20,4749.2,4885.43,4885.84,4747.27,6781220400,119259346490
2007-08-21,4915.52,4972.71,4995.53,4909.84,7444059300,132902401512
2007-08-22,4899.93,5051.69,5075.89,4887.14,7402892500,138722276010
2007-08-23,5075.51,5135.93,5154.85,5028.12,6805188200,130873214318
2007-08-24,5161.15,5217.58,5231.15,5158.03,7376987500,134546099482
2007-08-27,5250.62,5243.15,5296.57,5191.28,8263145400,149375480466
2007-08-28,5220.64,5251.77,5270.3,5136.61,7506678900,140419665162
2007-08-29,5215.65,5171.82,5283.33,5138.34,7292945600,138983549273
2007-08-30,5193.73,5241.23,5247.57,5176.0,6729849000,123820181450
2007-08-31,5255.09,5296.81,5307.42,5219.99,6678035700,122862402252
2007-09-03,5335.05,5419.17,5433.74,5335.05,8284916600,149612423441
2007-09-04,5421.25,5360.33,5429.21,5333.49,7991483200,147686666917
2007-09-05,5357.55,5363.25,5389.32,5265.06,6536490200,122740698495
2007-09-06,5389.49,5412.04,5448.84,5365.5,7060857400,128581017849
2007-09-07,5382.91,5294.8,5402.72,5284.65,7929888000,145930428783
2007-09-10,5226.74,5377.22,5380.46,5182.1,6509567200,116768981158
2007-09-11,5384.56,5124.09,5414.0,5104.35,6880669000,127249654110
2007-09-12,5102.58,5202.86,5212.65,5059.46,6157225300,113773908567
2007-09-13,5230.65,5349.97,5351.57,5212.03,5974692900,118934715196
2007-09-14,5362.47,5397.28,5405.85,5274.22,6029562600,118739158220
2007-09-17,5389.5,5498.91,5504.77,5387.68,6940313200,131402296810
2007-09-18,5524.1,5476.84,5533.53,5405.18,7162181000,140263032451
2007-09-19,5487.38,5419.27,5498.59,5385.42,5588006500,110132780632
2007-09-20,5436.64,5494.91,5501.4,5430.31,5671213600,113725795104
2007-09-21,5508.51,5468.1,5516.11,5357.5,6110635600,121125874981
2007-09-24,5481.38,5513.9,5541.13,5400.68,5418481700,116678459265
2007-09-25,5524.02,5454.61,5540.87,5423.52,4532623000,95494833346
2007-09-26,5433.63,5361.02,5489.86,5338.31,3917115600,84077769516
2007-09-27,5364.53,5427.66,5429.05,5338.04,3375905600,71569513515
2007-09-28,5479.85,5580.81,5590.85,5479.85,4851462000,104224265195
2007-10-08,5703.28,5653.14,5715.91,5617.1,6644970300,128709142343
2007-10-09,5638.63,5675.93,5682.97,5582.77,5363349000,107594055433
2007-10-10,5694.99,5685.76,5776.21,5653.79,6399445500,128506102704
2007-10-11,5695.13,5760.08,5761.22,5650.1,6514110100,137428901787
2007-10-12,5777.9,5737.22,5796.28,5485.56,7800106400,160588747295
2007-10-15,5761.87,5821.45,5824.98,5690.07,7068211100,155052082135
2007-10-16,5851.54,5877.2,5885.48,5815.61,6469204900,135092342876
2007-10-17,5862.38,5824.12,5891.72,5797.61,4886976800,108328401236
2007-10-18,5813.24,5615.75,5813.24,5593.99,4859563000,106494804569
2007-10-19,5651.03,5614.06,5711.5,5563.78,3846645700,84971542142
2007-10-22,5543.79,5472.68,5594.5,5465.85,3586749900,74730406208
2007-10-23,5467.83,5540.09,5541.96,5373.05,4189680000,90014313511
2007-10-24,5564.48,5588.01,5644.97,5553.33,4466123800,99449964402
2007-10-25,5549.66,5333.79,5556.55,5312.85,5082170600,103890714029
2007-10-26,5279.1,5394.81,5428.58,5266.37,3589596500,77283751807
2007-10-29,5428.68,5508.36,5509.35,5428.68,3523397700,72353863135
2007-10-30,5529.97,5596.07,5597.27,5467.52,3919392100,79727986835
2007-10-31,5663.76,5688.54,5691.86,5590.54,5032946900,103782288703
2007-11-01,5701.49,5605.23,5702.21,5604.79,4661247900,96342741683
2007-11-02,5514.85,5472.93,5565.66,5448.99,4328950000,93671082512
2007-11-05,5438.81,5360.31,5494.62,5333.38,3369501800,74190195900
2007-11-06,5331.31,5317.55,5406.1,5295.8,2705785400,56491531386
2007-11-07,5348.56,5350.63,5388.64,5231.61,3006134900,59639210961
2007-11-08,5321.86,5093.67,5321.86,5090.96,3605489300,72978743527
2007-11-09,5042.76,5040.52,5129.11,4962.3,3458382600,67968651438
2007-11-12,4916.82,4978.25,5018.11,4795.43,3841392200,75901043266
2007-11-13,5024.52,4939.24,5082.64,4866.16,3686207900,74714823662
2007-11-14,5013.78,5145.89,5147.01,4924.82,3523154200,73449657338
2007-11-15,5129.81,5081.11,5170.97,5069.52,3175946400,66609044829
2007-11-16,4999.84,5007.66,5021.71,4917.49,2331099100,47079247224
2007-11-19,5017.4,4994.42,5033.95,4968.73,2554810100,48969993127
2007-11-20,4964.56,5069.38,5099.52,4916.47,3356271400,66536134961
2007-11-21,5087.25,4997.62,5135.25,4993.29,2680312200,53059452232
2007-11-22,4902.63,4772.62,4949.34,4759.91,2650771600,53714123123
2007-11-23,4733.36,4856.16,4857.05,4711.79,2014630500,41174112142
2007-11-26,4931.6,4800.08,4954.18,4795.35,2362227600,48427046818
2007-11-27,4759.01,4711.15,4806.83,4708.8,2088684000,44831910258
2007-11-28,4724.47,4648.75,4760.66,4619.51,2248236800,45167305963
2007-11-29,4708.38,4842.07,4847.58,4637.48,3687299000,72895752103
2007-11-30,4841.08,4737.41,4841.08,4723.79,2938369600,57402977557
2007-12-03,4714.92,4772.67,4809.27,4689.52,2225593400,43698299024
2007-12-04,4786.64,4829.21,4886.58,4786.64,2264359200,43927028873
2007-12-05,4829.95,4965.95,4970.17,4815.61,3176916500,61090180313
2007-12-06,4986.25,4971.06,4999.93,4928.13,2371159100,47436272917
2007-12-07,4979.84,5041.35,5041.78,4977.87,2719822300,50380400719
2007-12-10,4961.67,5133.56,5138.69,4944.83,4278069100,82898155954
2007-12-11,5162.09,5140.0,5181.41,5068.03,4058645700,82034387462
2007-12-12,5108.58,5077.39,5130.72,5033.72,3982825100,83753500021
2007-12-13,5051.78,4884.3,5067.39,4881.34,3681959000,77125151925
2007-12-14,4827.39,4977.65,4979.19,4800.24,3072792500,61162569184
2007-12-17,4976.24,4857.29,4977.57,4855.17,3701452200,76935382730
2007-12-18,4827.26,4829.91,4882.99,4799.0,2293007600,47447352486
2007-12-19,4877.77,4946.28,4961.59,4865.35,3210185800,60379853503
2007-12-20,4968.03,5037.19,5048.06,4935.4,3131991700,59927497294
2007-12-21,5016.46,5101.85,5103.77,5014.7,3725149400,73549811301
2007-12-24,5142.16,5207.13,5239.22,5129.6,5031996700,103969755944
2007-12-25,5217.56,5216.81,5244.03,5180.59,3897370500,79333659585
2007-12-26,5231.97,5265.03,5273.14,5194.74,4146811500,83694909415
2007-12-27,5286.98,5367.53,5367.53,5260.1,5234501800,109216836244
2007-12-28,5379.52,5338.27,5391.66,5323.82,4536141500,95056654641
2008-01-02,5349.76,5385.1,5404.93,5283.45,4566871000,98886433471
2008-01-03,5381.15,5422.03,5422.67,5315.95,6464587800,135983354875
2008-01-04,5430.63,5483.65,5499.09,5422.46,5174642000,118866230641
2008-01-07,5480.44,5556.59,5569.15,5455.5,5348540900,123189549972
2008-01-08,5575.95,5528.05,5630.62,5485.23,6489950100,147975753744
2008-01-09,5507.12,5613.76,5614.68,5490.31,4679687200,108368103243
2008-01-10,5631.65,5672.15,5707.67,5602.59,6422989300,144316455605
2008-01-11,5688.56,5699.15,5702.57,5629.64,5616707900,122241534840
2008-01-14,5717.52,5731.76,5756.92,5679.29,4984601000,109356397974
2008-01-15,5743.43,5696.45,5754.11,5652.04,5088660800,119673141932
2008-01-16,5642.57,5505.72,5642.57,5498.39,5577446900,126634977042
2008-01-17,5445.8,5365.62,5533.65,5226.64,6193693300,136052424646
2008-01-18,5358.18,5414.47,5419.57,5307.5,4391300500,95080872876
2008-01-21,5424.64,5145.73,5434.35,5122.46,4783361700,101540050167
2008-01-22,5015.43,4753.87,5032.24,4708.39,6077269200,126029341672
2008-01-23,4787.17,4975.11,4976.27,4751.5,5577638500,111006127504
2008-01-24,5034.53,5027.21,5079.8,4926.37,5660598700,114169075408
2008-01-25,5022.9,5077.43,5121.41,4966.52,4714210800,100680076889
2008-01-28,5038.51,4731.88,5038.51,4711.28,4142528300,81460742897
2008-01-29,4742.9,4762.08,4845.66,4688.73,2906225600,58040616586
2008-01-30,4817.16,4710.65,4858.1,4606.14,3409897600,72219233312
2008-01-31,4693.61,4620.4,4733.7,4614.28,3085258000,64311666805
2008-02-01,4623.62,4571.94,4660.99,4414.12,3512552800,67941469336
2008-02-04,4695.55,4950.12,4951.25,4695.55,4095314500,85660385508
2008-02-05,4942.88,4921.83,4995.57,4878.12,3279635600,70626096586
2008-02-13,4858.81,4816.08,4883.24,4785.8,2147565900,43271699299
2008-02-14,4858.85,4880.25,4913.32,4842.85,1983778900,40152820965
2008-02-15,4846.02,4813.31,4846.02,4742.1,2426260100,47298764901
2008-02-18,4875.22,4910.99,4944.88,4845.31,3059007800,61844630483
2008-02-19,4926.84,5020.75,5020.75,4885.69,3617696500,74207768895
2008-02-20,5032.78,4908.72,5062.26,4901.66,3955772200,84980855908
2008-02-21,4878.57,4876.03,4924.45,4796.1,3340361600,67932116459
2008-02-22,4850.88,4702.24,4850.88,4649.81,3791862700,77110349593
2008-02-25,4704.32,4519.78,4722.64,4510.69,3365200100,65323658083
2008-02-26,4637.6,4515.53,4668.83,4394.59,3327639000,67625962769
2008-02-27,4543.1,4639.77,4660.41,4500.89,2959239300,60311456890
2008-02-28,4651.16,4622.06,4670.17,4582.82,2539817100,50332555405
2008-02-29,4616.24,4674.55,4683.16,4597.63,2335085800,47275050938
2008-03-03,4648.73,4790.74,4803.9,4611.7,3925841100,79684960724
2008-03-04,4813.4,4671.15,4836.66,4657.38,4512977700,88557686654
2008-03-05,4650.52,4628.72,4689.97,4519.74,3941799300,73479598041
2008-03-06,4645.07,4685.03,4746.58,4592.62,4440226800,85710623021
2008-03-07,4641.76,4621.69,4693.21,4597.01,2869094500,60552444836
2008-03-10,4588.73,4431.59,4588.77,4406.23,3178035500,61147375746
2008-03-11,4393.28,4441.18,4441.18,4315.18,2627659200,52344309140
2008-03-12,4534.81,4309.65,4553.34,4308.35,2714564400,55702634312
2008-03-13,4266.27,4198.96,4296.36,4121.27,3445130700,65769466347
2008-03-14,4179.44,4157.87,4212.41,4092.79,2342788500,45564248765
2008-03-17,4138.88,3965.28,4138.88,3958.29,2818096100,52376089129
2008-03-18,3924.87,3763.95,3996.96,3700.35,3452375100,58459478155
2008-03-19,3837.6,3888.86,3954.47,3776.3,3789847700,68823708412
2008-03-20,3833.2,4001.83,4044.69,3658.04,4621294400,82432595360
2008-03-21,3998.2,4037.83,4083.16,3958.97,4261516300,74985408749
2008-03-24,4086.07,3857.09,4103.57,3857.09,3584243800,63943570220
2008-03-25,3780.46,3905.77,3937.67,3747.02,3224586300,58292419115
2008-03-26,3926.86,3914.37,4001.55,3888.02,2803676300,52026059303
2008-03-27,3847.44,3748.92,3873.61,3745.88,3200066800,55151411007
2008-03-28,3712.98,3918.16,3925.86,3661.38,4209677700,72726088760
2008-03-31,3802.21,3790.53,3891.66,3780.12,2944084100,51166599954
2008-04-01,3776.27,3582.86,3815.16,3566.21,3530346200,58962080537
2008-04-02,3621.39,3547.98,3698.53,3493.18,4276588400,70102758265
2008-04-03,3518.22,3650.7,3665.65,3457.62,3298949300,54233901216
2008-04-07,3611.96,3845.82,3854.07,3578.38,4048498200,70525926871
2008-04-08,3852.01,3891.06,3935.33,3820.1,4406792200,76485916343
2008-04-09,3857.28,3688.13,3911.7,3687.6,3899716800,64555767429
2008-04-10,3641.66,3754.72,3754.72,3608.32,2880439600,47152258251
2008-04-11,3794.3,3783.73,3825.3,3755.01,2632859000,44418993019
2008-04-14,3699.14,3536.33,3710.79,3525.18,3342704600,54637417005
2008-04-15,3513.07,3583.3,3583.86,3417.25,3065688600,48997126630
2008-04-16,3573.66,3494.02,3583.81,3483.18,2652812000,42087715038
2008-04-17,3493.24,3386.63,3559.1,3340.88,2953061800,46829953187
2008-04-18,3356.56,3272.5,3390.55,3248.53,2788816200,42184118932
2008-04-21,3516.43,3267.55,3516.43,3223.89,4136230700,64657686523
2008-04-22,3207.88,3296.28,3301.55,3122.39,3253796900,47706441787
2008-04-23,3267.36,3453.73,3467.43,3245.3,4427255300,67718617064
2008-04-24,3739.32,3774.5,3781.48,3659.73,9657489600,149394569187
2008-04-25,3781.91,3803.07,3915.84,3737.98,8481449100,147098326810
2008-04-28,3740.95,3729.15,3791.77,3711.18,4883123500,85070654687
2008-04-29,3704.93,3776.94,3797.53,3702.02,4454044000,78895825483
2008-04-30,3793.85,3959.12,3970.57,3793.85,6990977700,122637220696
2008-05-05,4015.21,4055.78,4061.47,3972.56,6253407300,111004387244
2008-05-06,4021.07,4010.89,4075.57,3961.34,5845928000,106198405592
2008-05-07,3986.13,3821.32,4042.41,3821.11,5445770600,98465318595
2008-05-08,3774.04,3925.04,3926.0,3761.28,4405566800,77839103296
2008-05-09,3960.89,3878.92,3973.06,3806.52,5365592900,96377859470
2008-05-12,3804.99,3904.92,3952.79,3766.58,4538266000,81691485405
2008-05-13,3786.53,3851.69,3923.17,3778.72,5033801200,79847321451
2008-05-14,3843.47,3975.78,3975.8,3843.47,5060690100,85230874948
2008-05-15,4006.66,3948.09,4038.85,3948.06,5077297500,81795877187
2008-05-16,3948.03,3936.12,3982.22,3882.89,3972175200,66279363920
2008-05-19,3926.31,3914.07,3936.28,3865.5,2970958100,49755651499
2008-05-20,3911.1,3710.82,3946.44,3698.55,3970262900,64572032482
2008-05-21,3668.18,3783.05,3801.07,3591.57,4359616200,69179112266
2008-05-22,3732.64,3711.44,3783.85,3704.16,4074271700,66281212014
2008-05-23,3697.89,3675.15,3741.06,3629.01,3344043100,52530762851
2008-05-26,3643.01,3559.22,3643.01,3555.76,2818019000,45524374429
2008-05-27,3549.99,3576.2,3594.66,3533.47,2476269300,39856280158
2008-05-28,3583.28,3676.23,3698.0,3561.73,3103491400,49994772624
2008-05-29,3666.2,3580.87,3677.02,3578.73,2942274000,46589022223
2008-05-30,3585.61,3611.33,3620.22,3552.66,2859084700,46886682679
2008-06-02,3600.23,3625.83,3650.48,3580.58,2825335800,41966896768
2008-06-03,3624.57,3614.11,3641.43,3585.12,3473514100,48796407585
2008-06-04,3601.54,3546.92,3605.06,3513.64,2941765300,42963714390
2008-06-05,3529.98,3512.14,3542.24,3487.79,2398927900,36565913535
2008-06-06,3519.12,3489.5,3532.3,3470.56,2094422900,30298595287
2008-06-10,3344.45,3206.56,3352.32,3188.8,3294996100,45818267251
2008-06-11,3155.94,3140.3,3181.82,3097.39,2940973500,40596532584
2008-06-12,3123.64,3084.63,3148.74,3022.88,3145410900,42817386727
2008-06-13,3087.34,2979.12,3108.99,2975.66,2531983700,33193994622
2008-06-16,2981.09,2952.24,3012.99,2900.07,2681379400,33731835264
2008-06-17,2950.4,2842.68,2977.89,2820.64,2646377800,32031255853
2008-06-18,2820.24,2991.27,3007.18,2759.11,4256009500,52826656390
2008-06-19,2967.4,2773.08,2967.4,2768.22,3631903900,45264911721
2008-06-20,2795.47,2849.67,2946.94,2691.87,5167590500,65259567858
2008-06-23,2798.43,2789.94,2845.48,2771.36,2663149300,32382379598
2008-06-24,2775.69,2851.91,2865.9,2770.99,3179245600,38885761934
2008-06-25,2844.92,2969.54,2973.17,2834.95,4242526100,51619342913
2008-06-26,2964.52,2980.91,3010.28,2922.79,4259931200,52508562502
2008-06-27,2886.18,2816.02,2899.84,2787.25,4088655600,49324841031
2008-06-30,2782.84,2791.82,2834.27,2747.61,2529540600,31502446060
2008-07-01,2799.2,2698.35,2809.38,2690.18,2885158500,35242551782
2008-07-02,2702.63,2699.6,2745.94,2670.06,2791636500,35126248114
2008-07-03,2654.48,2760.61,2807.68,2617.26,4566030500,58808144277
2008-07-04,2751.21,2741.85,2783.85,2716.02,3790501000,47363589936
2008-07-07,2747.61,2882.76,2890.99,2747.61,5273202400,63284782084
2008-07-08,2900.57,2901.84,2939.14,2841.07,5424807800,67887147510
2008-07-09,2927.0,3015.13,3015.27,2927.0,6935696800,85846257404
2008-07-10,2970.98,2973.73,3056.91,2950.2,6164955400,77643542657
2008-07-11,2962.86,2953.5,2988.2,2913.87,4428710100,55085357605
2008-07-14,2927.24,2975.87,2996.59,2917.02,3457504300,43920558758
2008-07-15,2987.06,2852.98,2997.67,2849.2,4729275900,57118257308
2008-07-16,2818.76,2745.6,2824.88,2702.66,3940311500,45361333542
2008-07-17,2790.26,2718.07,2812.99,2705.81,3268733500,38054364882
2008-07-18,2746.54,2815.46,2818.06,2690.07,4020340200,47213298888
2008-07-21,2792.83,2911.05,2915.29,2780.28,4511957700,54938055539
2008-07-22,2905.28,2904.74,2931.45,2890.25,3881497600,47781613233
2008-07-23,2923.05,2883.32,2941.97,2879.18,3882123300,46949545125
2008-07-24,2905.04,2977.36,2979.75,2902.98,4853866500,60255656982
2008-07-25,2939.32,2939.2,2967.72,2916.68,4057108100,47706187738
2008-07-28,2959.11,2960.85,2997.6,2946.49,3930864000,47089423706
2008-07-29,2921.25,2905.63,2921.25,2881.05,3603627500,42192023708
2008-07-30,2940.02,2884.38,2949.94,2866.03,2981080000,34223911942
2008-07-31,2894.25,2805.21,2899.07,2804.7,2794096600,31179208420
2008-08-01,2786.12,2840.79,2868.68,2748.76,3403149100,39748408655
2008-08-04,2816.94,2773.15,2832.89,2767.53,2278232400,27440272999
2008-08-05,2780.76,2703.08,2792.74,2695.37,3046923500,34770819668
2008-08-06,2723.52,2721.69,2749.1,2679.66,2740402200,31744599201
2008-08-07,2717.66,2720.44,2747.88,2683.41,2337043900,26661008775
2008-08-08,2719.38,2591.46,2719.38,2581.81,3089458100,33617694686
2008-08-11,2579.8,2456.81,2580.72,2442.79,3212020600,32454532457
2008-08-12,2431.38,2444.16,2474.32,2413.6,2419194400,24459629832
2008-08-13,2427.49,2444.67,2466.09,2369.58,2755171100,27480615871
2008-08-14,2429.98,2443.51,2461.24,2410.49,2015723600,21156177499
2008-08-15,2440.39,2447.61,2479.15,2412.95,2042226100,21296936036
2008-08-18,2451.31,2313.4,2452.63,2312.95,2362310600,22662870912
2008-08-19,2285.51,2348.47,2356.19,2273.89,1947710600,18407578069
2008-08-20,2332.39,2532.94,2533.3,2312.18,4504341500,44564422655
2008-08-21,2494.26,2443.98,2535.86,2438.86,3751804000,39651327296
2008-08-22,2421.25,2404.93,2437.43,2362.63,2629824100,26183849138
2008-08-25,2408.03,2400.55,2439.91,2373.76,1864319000,18965202140
2008-08-26,2370.53,2331.53,2390.66,2306.94,2374193700,22262896076
2008-08-27,2322.54,2325.29,2367.72,2291.35,2386258400,23579970667
2008-08-28,2325.26,2335.86,2363.56,2316.68,2040029100,21711091860
2008-08-29,2347.4,2391.64,2418.05,2339.52,2887784500,29000899630
2008-09-01,2372.64,2309.17,2372.64,2297.02,2115280300,21384882095
2008-09-02,2292.69,2285.41,2309.21,2268.0,1844049800,18645029580
2008-09-03,2279.6,2245.96,2296.03,2219.56,2374947400,24066625119
2008-09-04,2238.64,2251.15,2270.41,2216.11,1898478000,18548580309
2008-09-05,2193.04,2183.43,2221.09,2172.94,2165448000,19709566302
2008-09-08,2189.82,2126.52,2198.76,2119.12,2218655400,20114131884
2008-09-09,2135.22,2139.14,2150.99,2111.4,1762429800,15480632761
2008-09-10,2124.97,2143.18,2181.25,2099.23,2205784400,20307095402
2008-09-11,2135.45,2072.13,2141.99,2067.25,2217678100,20678010831
2008-09-12,2071.06,2077.85,2102.98,2066.44,1919702000,17652324498
2008-09-16,2050.32,2000.65,2050.32,1987.3,3356326100,28769300455
2008-09-17,1981.25,1929.13,2003.91,1923.55,3286224200,26988614854
2008-09-18,1876.96,1895.99,1936.73,1804.77,4782026300,36844924114
2008-09-19,2065.78,2073.11,2073.11,2046.22,3652540400,32104719707
2008-09-22,2228.37,2207.61,2258.42,2130.32,10199387300,98415575949
2008-09-23,2141.6,2123.48,2180.37,2118.92,7836561700,69516678145
2008-09-24,2072.65,2138.85,2139.22,2050.97,4532818000,40183637783
2008-09-25,2143.73,2223.53,2256.27,2139.62,7423791200,71758274921
2008-09-26,2234.46,2243.66,2257.16,2192.13,5942994300,59518096758
2008-10-06,2206.56,2128.7,2206.56,2128.27,4557526400,41827343311
2008-10-07,2043.92,2102.45,2136.12,2024.65,4306532500,41512000958
2008-10-08,2041.99,2022.88,2073.07,2000.52,3687470000,34689894735
2008-10-09,2059.59,1995.3,2063.3,1993.01,3358231100,31760285142
2008-10-10,1913.27,1906.96,1938.21,1881.67,3915159300,32924106745
2008-10-13,1889.75,1985.49,1985.63,1841.53,4353812000,37606423760
2008-10-14,2054.41,1934.62,2060.49,1934.46,5433194600,48975116647
2008-10-15,1911.03,1914.36,1930.63,1892.02,3189239800,26555892254
2008-10-16,1833.48,1820.9,1866.9,1818.93,4052964800,32493846831
2008-10-17,1837.91,1833.26,1851.33,1805.67,2871542000,23017436110
2008-10-20,1828.41,1896.73,1899.35,1802.1,3327715200,28435447591
2008-10-21,1901.24,1881.41,1928.19,1880.52,3890839500,33588996418
2008-10-22,1854.6,1833.32,1887.31,1832.45,3296857200,26562835681
2008-10-23,1794.68,1834.78,1836.41,1779.13,3575865400,29078802729
2008-10-24,1831.46,1781.6,1840.88,1769.11,3298066800,27101012205
2008-10-27,1746.67,1654.67,1746.67,1652.79,3644184700,27867517905
2008-10-28,1614.62,1705.82,1716.31,1607.67,4679280400,36435875520
2008-10-29,1723.23,1658.22,1731.26,1657.65,3886948800,31224265101
2008-10-30,1669.97,1697.66,1723.93,1646.35,4128429200,32165805381
2008-10-31,1688.09,1663.66,1696.65,1655.09,2831453400,21281902723
2008-11-03,1648.56,1653.54,1684.56,1643.42,2538109700,19514009916
2008-11-04,1646.2,1627.76,1648.45,1606.73,2610016500,18984761503
2008-11-05,1641.26,1691.42,1714.66,1641.26,4241821000,31500415037
2008-11-06,1648.13,1649.78,1661.44,1638.34,3078417900,21547045143
2008-11-07,1618.75,1677.83,1690.11,1612.74,3152159000,23620464927
2008-11-10,1714.12,1801.66,1803.12,1714.12,6394885900,47322292085
2008-11-11,1795.3,1781.36,1824.93,1778.33,6607285100,49194274324
2008-11-12,1758.48,1801.82,1806.23,1754.29,4408796000,34453792525
2008-11-13,1777.03,1874.08,1891.94,1765.63,8323455200,64988756213
2008-11-14,1893.31,1943.65,1943.65,1874.93,9116871700,73429585039
2008-11-17,1934.74,1987.22,1987.22,1919.97,8783662600,70919184237
2008-11-18,1974.38,1839.82,1994.82,1831.76,9727835300,76165748641
2008-11-19,1831.6,1953.16,1959.52,1823.27,8211740800,64838117216
2008-11-20,1916.7,1932.43,1976.95,1900.27,8318703800,66919038879
2008-11-21,1872.27,1920.73,1968.89,1835.09,8304932900,66124274844
2008-11-24,1913.99,1837.64,1923.93,1835.86,5056151700,39794620401
2008-11-25,1870.06,1834.29,1883.1,1801.56,4281459000,34629652337
2008-11-26,1832.11,1843.49,1865.65,1815.02,4556563500,34732301415
2008-11-27,1961.89,1870.47,1969.02,1870.05,8800832200,71753358088
2008-11-28,1851.1,1829.92,1866.26,1815.45,5159066000,40648514423
2008-12-01,1823.77,1864.2,1864.3,1799.84,4838633300,38237160240
2008-12-02,1821.54,1868.63,1891.13,1814.9,6135023500,48151924129
2008-12-03,1884.6,1952.67,1952.67,1884.6,8501914400,67393273254
2008-12-04,1980.44,1982.93,2046.47,1978.14,11918344100,98580218133
2008-12-05,1969.74,2013.17,2014.2,1965.09,7436632600,59950691704
2008-12-08,2040.47,2095.04,2095.47,2033.98,10760713100,89176050245
2008-12-09,2104.12,2040.85,2107.6,2038.07,9250981400,77546690089
2008-12-10,2028.51,2096.39,2096.39,2014.28,8327106200,70751388012
2008-12-11,2087.43,2046.34,2107.29,2043.62,7355623600,63777696206
2008-12-12,2027.07,1960.38,2038.18,1936.28,6738726600,54866552688
2008-12-15,1991.55,1975.03,2006.22,1941.05,5045109600,40756443942
2008-12-16,1956.99,1994.45,1994.96,1919.87,4792487800,38552247941
2008-12-17,2002.03,2001.42,2030.39,1995.65,5868515000,49120177368
2008-12-18,2001.05,2045.1,2045.94,1982.43,5842922400,48455152683
2008-12-19,2037.37,2052.11,2075.38,2033.11,6331122700,53410396118
2008-12-22,2050.77,2017.55,2055.37,1993.33,5294946400,43843460414
2008-12-23,2019.23,1918.95,2019.23,1918.43,6359046400,50825766644
2008-12-24,1893.22,1887.08,1912.78,1872.65,4420183100,34210526666
2008-12-25,1891.53,1870.77,1902.71,1848.71,3991683400,30805996716
2008-12-26,1868.34,1862.1,1881.08,1850.5,3456088800,28536313731
2008-12-29,1852.41,1854.76,1861.3,1816.06,3598687300,29329563341
2008-12-30,1852.95,1833.43,1867.41,1824.53,3758462700,29628506787
2008-12-31,1835.11,1817.72,1844.42,1813.73,3563135500,27291914244
2009-01-05,1848.33,1882.96,1882.96,1837.84,4818702000,39217076790
2009-01-06,1880.67,1942.8,1948.49,1873.01,7097409700,59262170581
2009-01-07,1942.67,1931.18,1959.25,1930.87,5970216700,50143418262
2009-01-08,1894.66,1887.99,1902.8,1873.65,5344649000,47210802398
2009-01-09,1886.49,1918.37,1923.42,1886.49,4740721600,41511211439
2009-01-12,1911.74,1920.69,1947.08,1905.62,5423415600,46981492708
2009-01-13,1892.65,1876.18,1908.2,1874.97,4981813700,40201464676
2009-01-14,1873.63,1955.24,1955.24,1873.63,5928323100,52658994886
2009-01-15,1935.39,1954.87,1977.19,1930.3,7894364800,67144772684
2009-01-16,1965.44,1990.21,2026.65,1965.44,9653863300,84717648664
2009-01-19,2010.58,2012.46,2052.19,1993.95,8194817700,69785530299
2009-01-20,2006.53,2025.19,2025.19,1986.06,5325926200,45640127686
2009-01-21,1993.67,2021.71,2047.11,1988.24,6411742800,59914192082
2009-01-22,2034.29,2044.55,2048.48,2012.74,5886194700,53439127032
2009-01-23,2039.52,2032.68,2054.33,2025.19,5750410900,49887828217
2009-02-02,2052.44,2057.06,2059.34,2029.72,5145390600,46126546742
2009-02-03,2056.8,2108.91,2108.94,2049.89,8764030200,75554097848
2009-02-04,2118.56,2166.41,2166.41,2117.02,10088842800,87192159423
2009-02-05,2164.55,2150.97,2211.18,2135.67,11510012200,101712444216
2009-02-06,2158.08,2237.28,2240.02,2158.08,10666490400,95640063068
2009-02-09,2271.59,2296.67,2307.91,2257.49,12952367000,119886790885
2009-02-10,2288.07,2326.76,2327.1,2263.53,11629454800,107891600946
2009-02-11,2287.23,2331.14,2381.19,2275.57,14757663700,144588094957
2009-02-12,2335.4,2318.34,2344.66,2248.48,11982621800,116050219818
2009-02-13,2321.56,2399.07,2402.44,2307.09,14040991000,134471079614
2009-02-16,2421.19,2462.24,2462.39,2397.18,15234666900,147380378887
2009-02-17,2460.57,2385.29,2470.62,2384.79,14101499100,137971308088
2009-02-18,2331.66,2275.84,2369.05,2272.51,11542206200,112455677669
2009-02-19,2295.65,2298.41,2324.68,2259.59,9085392800,88398854014
2009-02-20,2300.81,2344.32,2344.77,2276.3,8663206900,85247213566
2009-02-23,2333.81,2410.48,2419.53,2307.92,10946540300,109379770711
2009-02-24,2376.7,2301.85,2411.91,2294.52,12701755500,127131165758
2009-02-25,2325.04,2304.25,2337.42,2226.44,10787752800,108878060725
2009-02-26,2295.43,2190.18,2332.35,2167.15,10220038500,101795386404
2009-02-27,2164.54,2140.49,2186.82,2117.06,8707641500,80337456328
2009-03-02,2123.37,2164.67,2177.29,2112.34,6274618100,60877953675
2009-03-03,2109.84,2142.15,2168.22,2100.64,6616731400,64109642424
2009-03-04,2150.24,2285.15,2290.94,2150.24,11075003300,105872088843
2009-03-05,2314.08,2304.92,2340.37,2259.8,13198734700,128866644423
2009-03-06,2260.76,2286.58,2313.2,2255.82,8596545000,85495320495
2009-03-09,2302.01,2202.53,2333.98,2198.55,8655594800,83758904259
2009-03-10,2175.31,2240.78,2241.24,2168.32,5666044900,55058099404
2009-03-11,2288.05,2220.38,2292.4,2212.88,7083867600,70589122656
2009-03-12,2208.04,2215.7,2220.3,2156.6,5570011100,53843902595
2009-03-13,2229.25,2205.42,2250.24,2200.97,5408309400,54636247867
2009-03-16,2197.25,2241.61,2247.11,2180.05,4877385400,48128301349
2009-03-17,2244.11,2322.4,2329.3,2239.67,9298052800,94028682141
2009-03-18,2335.42,2332.65,2370.56,2328.86,10187007100,103619595621
2009-03-19,2337.52,2382.56,2386.23,2331.26,9731876600,101348435416
2009-03-20,2389.89,2379.84,2397.21,2343.27,10939673800,114786506801
2009-03-23,2384.67,2439.39,2448.35,2375.52,11631304900,127794033635
2009-03-24,2477.57,2451.78,2483.83,2440.53,11199352500,121593359529
2009-03-25,2435.63,2401.33,2472.94,2401.05,9581666000,105406227888
2009-03-26,2407.76,2479.79,2479.83,2379.95,11324945200,118048783001
2009-03-27,2501.0,2498.93,2516.38,2481.69,13536854600,134140077362
2009-03-30,2501.31,2484.49,2508.14,2471.37,9415166500,100003474431
2009-03-31,2436.78,2507.79,2507.9,2423.57,9546175200,106631226372
2009-04-01,2519.89,2548.22,2566.54,2519.89,12630762500,137117558492
2009-04-02,2558.77,2576.4,2599.25,2558.26,13514680600,143708978344
2009-04-03,2597.92,2570.5,2612.37,2555.61,12365521600,131075730846
2009-04-07,2570.63,2576.95,2597.06,2543.65,8608325700,93919114170
2009-04-08,2563.72,2479.35,2573.09,2479.35,9932809400,107144419762
2009-04-09,2477.42,2517.67,2517.74,2457.42,7459370300,82860990025
2009-04-10,2540.11,2595.53,2595.6,2530.62,10414440800,121859853111
2009-04-13,2621.98,2656.52,2668.28,2619.37,13901454100,156801973804
2009-04-14,2651.2,2676.87,2682.91,2637.38,11049130400,126839876808
2009-04-15,2662.73,2686.99,2690.64,2627.81,12066529200,133586130111
2009-04-16,2690.51,2687.11,2706.63,2643.32,12372961300,131609724618
2009-04-17,2675.67,2650.69,2693.29,2628.63,10152880800,116184839128
2009-04-20,2643.73,2707.67,2708.45,2640.99,9590369400,105081493422
2009-04-21,2670.28,2675.44,2697.72,2634.53,10818525200,118473952840
2009-04-22,2687.86,2576.28,2713.3,2563.36,12404641300,131945283442
2009-04-23,2555.53,2593.56,2604.16,2543.91,8088794200,84795657156
2009-04-24,2605.7,2572.89,2609.87,2570.38,7336096900,81956596002
2009-04-27,2566.92,2513.29,2576.52,2499.44,7203939000,75040611359
2009-04-28,2490.53,2518.53,2531.54,2485.8,5926498300,66247490056
2009-04-29,2518.85,2605.37,2615.81,2514.14,8188500600,91496802664
2009-04-30,2616.49,2622.93,2640.02,2604.45,8580934800,96903683541
2009-05-04,2635.13,2714.3,2715.19,2632.3,10291656500,113351099936
2009-05-05,2733.11,2727.01,2751.25,2713.23,10231372200,112641886139
2009-05-06,2721.82,2764.98,2771.21,2713.54,10580665000,118232079901
2009-05-07,2783.58,2767.08,2797.47,2731.8,12210116100,136965825071
2009-05-08,2751.5,2789.22,2800.22,2733.33,10672498800,120873172676
2009-05-11,2808.14,2725.32,2839.61,2725.27,12536445200,140455749853
2009-05-12,2702.74,2788.56,2788.61,2699.95,8869594200,93421458334
2009-05-13,2792.42,2814.01,2822.71,2775.57,10711285600,123637957553
2009-05-14,2781.05,2792.6,2804.48,2757.55,8263932900,96156100934
2009-05-15,2800.57,2796.12,2815.46,2773.32,6493143100,74973035097
2009-05-18,2782.59,2810.57,2813.76,2740.92,7483578600,88479091592
2009-05-19,2836.34,2840.08,2849.63,2821.95,9770361700,116543189416
2009-05-20,2843.55,2812.86,2849.64,2812.6,8793921500,105146163717
2009-05-21,2795.83,2750.01,2808.29,2735.77,8553539400,102875828167
2009-05-22,2733.02,2740.68,2762.74,2719.12,6149901200,74407198653
2009-05-25,2684.21,2752.72,2761.39,2675.28,7409167100,91048816066
2009-05-26,2757.31,2719.76,2762.81,2718.55,7231601200,88894895681
2009-05-27,2734.42,2759.71,2768.57,2715.82,6797664500,78602246106
2009-06-01,2798.93,2858.34,2864.47,2798.93,10856488300,132967778067
2009-06-02,2878.53,2865.1,2892.78,2855.06,10833839700,130131778040
2009-06-03,2865.73,2939.39,2939.39,2864.71,11207331000,131606586444
2009-06-04,2924.27,2953.75,2961.04,2899.67,13012771000,153770741770
2009-06-05,2966.07,2939.31,2975.18,2937.18,10847632400,131347984386
2009-06-08,2937.64,2948.48,2978.23,2912.49,9611636600,114538935098
2009-06-09,2948.95,2960.56,2960.9,2892.72,9198988600,108747415613
2009-06-10,2972.42,2989.59,2995.7,2966.59,10179003900,116455490983
2009-06-11,2982.97,2961.63,3000.86,2951.27,8711599700,101890292029
2009-06-12,2955.57,2906.29,2976.86,2883.32,8006706700,92135559576
2009-06-15,2911.42,2966.19,2967.1,2898.07,7435209000,92689634822
2009-06-16,2936.51,2961.22,2979.41,2929.04,7017924200,89928387200
2009-06-17,2957.58,3010.59,3017.41,2930.49,7729311800,99945527361
2009-06-18,3014.44,3057.43,3061.75,3014.44,9628131600,122777117707
2009-06-19,3061.9,3080.0,3086.72,3047.27,10251806900,119434478996
2009-06-22,3106.39,3082.56,3116.16,3072.53,10395258300,122685100457
2009-06-23,3036.4,3083.89,3128.53,3028.45,11150673400,127094783710
2009-06-24,3079.49,3120.73,3121.21,3068.24,10942431300,132431167614
2009-06-25,3125.66,3117.92,3141.17,3103.87,8280688700,107706587875
2009-06-26,3126.23,3128.42,3137.08,3109.32,7050090800,88663497082
2009-06-29,3132.11,3179.97,3182.41,3122.16,8499707500,107539211987
2009-06-30,3191.64,3166.47,3195.72,3159.63,8678234700,118926140375
2009-07-01,3153.54,3237.9,3238.79,3150.65,9695056500,129830699673
2009-07-02,3248.2,3282.36,3285.09,3247.57,11298929400,152594570796
2009-07-03,3254.93,3327.14,3327.67,3249.11,10573259200,142531351824
2009-07-06,3333.1,3374.75,3378.05,3333.1,13526404900,175857353189
2009-07-07,3368.33,3340.49,3393.22,3327.35,12960079900,160450593377
2009-07-08,3306.43,3352.27,3368.07,3261.32,11386759200,147303052306
2009-07-09,3348.22,3396.3,3396.48,3334.68,11308152300,148249544332
2009-07-10,3398.91,3398.31,3428.03,3375.97,10617491200,140745850321
2009-07-13,3382.57,3361.01,3403.74,3358.52,9961965100,132301021218
2009-07-14,3375.87,3454.75,3454.75,3375.87,10752042500,143258163937
2009-07-15,3467.13,3493.3,3497.51,3467.13,13348300200,176773125049
2009-07-16,3516.78,3501.24,3543.02,3489.56,12931332900,178974318282
2009-07-17,3499.51,3519.81,3527.47,3482.87,10654970400,146140273258
2009-07-20,3532.52,3591.12,3594.87,3515.53,13646853900,189689538401
2009-07-21,3603.4,3539.83,3610.33,3533.16,13060096100,184934839282
2009-07-22,3532.63,3606.92,3607.37,3532.38,11523854600,168877710757
2009-07-23,3613.6,3651.97,3653.84,3596.36,11638160900,160980372868
2009-07-24,3672.21,3667.56,3687.49,3591.88,12797935200,182205122628
2009-07-27,3680.15,3743.63,3744.24,3669.51,13880804000,200824101964
2009-07-28,3745.55,3755.82,3756.78,3705.05,14626788500,210479421884
2009-07-29,3741.78,3558.51,3765.59,3453.64,16740612600,226560268677
2009-07-30,3587.05,3634.82,3656.92,3511.29,13496887900,185493784271
2009-07-31,3670.19,3734.62,3735.8,3635.55,13223983400,184431882907
2009-08-03,3754.22,3787.03,3789.93,3716.57,13641589900,198440898510
2009-08-04,3803.06,3786.61,3803.06,3712.43,14103573900,205134118106
2009-08-05,3781.4,3740.94,3789.13,3691.98,13344445300,194012131121
2009-08-06,3707.91,3663.12,3739.58,3602.57,11810152500,178406415790
2009-08-07,3655.46,3555.09,3686.54,3539.7,10057575100,148656081457
2009-08-10,3589.72,3544.54,3613.46,3485.36,8487068100,126564928658
2009-08-11,3558.64,3556.38,3569.15,3509.72,6449719700,95318920590
2009-08-12,3546.5,3397.4,3546.5,3390.36,9253538600,131867958961
2009-08-13,3398.89,3440.82,3448.86,3338.85,8708180000,123584066605
2009-08-14,3437.95,3344.46,3454.95,3334.73,8824862700,126573245767
2009-08-17,3283.44,3140.27,3319.8,3137.48,9172390200,121242721313
2009-08-18,3110.71,3171.99,3186.82,3083.2,7734303500,100691271214
2009-08-19,3178.28,3014.57,3183.01,2982.22,8160402000,104778744883
2009-08-20,3021.25,3144.39,3146.57,3021.25,7951921600,107656322586
2009-08-21,3135.37,3203.62,3221.17,3113.7,8661680500,113910783483
2009-08-24,3222.4,3229.6,3241.52,3178.86,8041406800,110907923668
2009-08-25,3210.85,3109.83,3210.85,3019.12,9753013900,128446120873
2009-08-26,3082.68,3172.39,3203.79,3065.46,8203640400,109792468845
2009-08-27,3149.57,3156.3,3212.27,3116.89,8012520100,103604608420
2009-08-28,3152.04,3046.78,3168.19,3030.73,8401794600,108787276883
2009-08-31,3003.54,2830.27,3003.54,2825.77,8451731100,105568316049
2009-09-01,2804.58,2843.7,2901.28,2795.49,7053530600,87743214169
2009-09-02,2824.64,2890.93,2904.79,2813.62,6084338600,76293192942
2009-09-03,2898.45,3051.96,3059.99,2892.65,9315744700,118821388280
2009-09-04,3055.35,3077.14,3099.39,3038.99,8698471500,116181665634
2009-09-07,3097.79,3104.21,3153.23,3078.13,8279074000,113813192654
2009-09-08,3084.2,3170.97,3170.97,3047.3,8396563400,117969333590
2009-09-09,3188.31,3194.91,3207.39,3143.74,9119115500,131813702373
2009-09-10,3179.19,3162.91,3204.12,3150.17,6656600700,91467422572
2009-09-11,3152.82,3238.13,3253.45,3152.69,8068966000,108989361370
2009-09-14,3248.35,3293.39,3298.91,3240.53,8739388300,117064809248
2009-09-15,3298.81,3302.64,3325.74,3264.95,8709217700,116411498836
2009-09-16,3290.39,3258.24,3296.94,3212.45,8824448100,123641482344
2009-09-17,3274.58,3320.1,3329.12,3274.58,9133340400,125325999692
2009-09-18,3325.06,3199.69,3330.43,3170.96,10048840400,131631978332
2009-09-21,3163.51,3208.6,3210.64,3090.61,7280197400,99685177047
2009-09-22,3196.01,3131.03,3237.22,3131.02,7342510100,101633736512
2009-09-23,3130.14,3060.07,3159.17,3041.41,6601371600,89049563859
2009-09-24,3041.82,3080.93,3122.05,2989.24,6515210200,86891307312
2009-09-25,3057.11,3058.53,3090.07,3028.41,4582049200,60733021040
2009-09-28,3066.37,2972.64,3088.08,2959.74,4191835200,54593201741
2009-09-29,2975.53,2972.29,2998.55,2923.93,4593235200,56674417416
2009-09-30,2992.98,3004.8,3033.74,2988.29,4218452400,54803607410
2009-10-09,3078.75,3163.71,3164.03,3071.27,5687104000,76061663011
2009-10-12,3181.58,3151.63,3193.59,3151.26,5896196000,81562328647
2009-10-13,3144.02,3198.52,3199.92,3140.5,5071370400,68577125621
2009-10-14,3209.07,3227.4,3276.55,3204.31,8097812000,111183227114
2009-10-15,3258.55,3239.64,3287.63,3227.09,6056201000,85391959068
2009-10-16,3250.1,3241.71,3268.43,3188.43,5563625500,78892050311
2009-10-19,3238.85,3329.16,3330.79,3231.81,7768314300,113841454115
2009-10-20,3355.36,3377.57,3379.63,3343.02,8942627800,128508372174
2009-10-21,3375.03,3369.28,3414.66,3358.55,8348894000,117445160682
2009-10-22,3364.14,3347.32,3381.14,3341.41,6093658300,87978516122
2009-10-23,3354.98,3413.25,3436.39,3354.98,8672542900,120908995107
2009-10-26,3421.7,3414.24,3432.89,3385.44,6844252400,97800974844
2009-10-27,3384.29,3314.72,3392.1,3314.32,7420955100,105228807264
2009-10-28,3303.77,3329.33,3337.17,3258.27,6259484900,86228533019
2009-10-29,3265.19,3247.05,3291.18,3239.01,6130535400,84414939041
2009-10-30,3305.38,3280.37,3329.54,3276.32,6064706200,84226415461
2009-11-02,3205.84,3392.8,3394.72,3198.31,8198115800,110679455347
2009-11-03,3402.53,3435.43,3447.48,3397.26,8379109800,115935434869
2009-11-04,3443.52,3453.89,3476.34,3415.22,8606527300,117780698755
2009-11-05,3458.86,3464.32,3471.83,3432.26,8064778400,103539079575
2009-11-06,3491.07,3483.02,3506.03,3474.36,9219031500,124138421517
2009-11-09,3487.11,3495.79,3495.89,3452.61,7805090400,108916000934
2009-11-10,3520.39,3503.78,3532.19,3501.5,8430098700,116073645890
2009-11-11,3500.59,3495.67,3514.83,3468.86,7262632100,100494402438
2009-11-12,3506.95,3499.99,3529.06,3487.68,7996266100,106569499622
2009-11-13,3489.54,3518.72,3518.89,3445.36,9121017100,122356578945
2009-11-16,3541.05,3625.8,3625.89,3541.05,12315732300,170544813035
2009-11-17,3644.96,3628.35,3649.42,3619.99,9739136800,135058674684
2009-11-18,3633.85,3630.23,3652.81,3612.79,8922628300,119034890321
2009-11-19,3638.07,3642.44,3653.9,3604.61,9494009500,125514316335
2009-11-20,3630.58,3631.01,3658.21,3597.31,9475075100,127585253384
2009-11-23,3636.53,3665.51,3666.27,3628.2,9399094100,135750450821
2009-11-24,3680.75,3548.08,3698.13,3538.86,14756682200,203721992217
2009-11-25,3541.51,3629.63,3630.3,3508.06,11460232900,157030857712
2009-11-26,3635.79,3485.77,3646.61,3472.95,12788237900,180809383854
2009-11-27,3440.34,3382.51,3480.93,3367.29,8929468800,125775998834
2009-11-30,3415.08,3511.67,3511.76,3415.08,8441534100,117377393884
2009-12-01,3507.56,3560.83,3566.78,3485.52,10151863900,138002623609
2009-12-02,3578.87,3597.33,3607.56,3570.29,9805203300,138929251793
2009-12-03,3596.95,3590.88,3603.12,3551.48,8997857200,128562629236
2009-12-04,3581.63,3643.49,3646.26,3530.06,13413090100,188843990614
2009-12-07,3644.63,3668.83,3672.8,3633.45,9122554600,131991687622
2009-12-08,3670.81,3624.02,3671.04,3590.94,8294086400,118750858921
2009-12-09,3579.28,3554.48,3603.7,3543.42,6852150700,97091971849
2009-12-10,3579.83,3577.24,3601.29,3544.9,5756373800,81151398823
2009-12-11,3589.41,3575.02,3614.95,3568.51,5455091200,74282930261
2009-12-14,3572.53,3612.75,3623.27,3495.64,8378502100,113441731758
2009-12-15,3594.51,3583.34,3620.32,3578.28,6918649300,98783625773
2009-12-16,3568.28,3560.72,3610.68,3550.67,5696391200,81340897367
2009-12-17,3571.05,3480.15,3582.44,3475.84,6328620100,86756667103
2009-12-18,3450.05,3391.74,3453.35,3385.68,6611101500,89137672408
2009-12-21,3386.33,3396.62,3404.64,3354.65,4832980500,69055779059
2009-12-22,3402.23,3305.54,3404.75,3296.76,5394268500,75498512042
2009-12-23,3303.73,3336.48,3342.99,3296.29,4806450400,67948267136
2009-12-24,3346.76,3438.82,3445.7,3339.3,6437782300,94811625085
2009-12-25,3434.33,3424.78,3441.96,3410.67,4691457600,68701833803
2009-12-28,3432.82,3478.43,3489.57,3432.82,5537539000,78965998321
2009-12-29,3481.9,3500.74,3501.25,3451.18,5553576500,78053673797
2009-12-30,3503.82,3558.86,3561.44,3498.38,8842937000,124684572895
2009-12-31,3561.37,3575.68,3579.52,3542.38,6924189000,98004030329
2010-01-04,3592.47,3535.23,3597.75,3535.23,6610108000,93419838921
2010-01-05,3545.19,3564.04,3577.53,3497.66,8580964100,128302442618
2010-01-06,3558.7,3541.73,3588.83,3541.17,7847312500,121045989916
2010-01-07,3543.16,3471.46,3558.56,3452.77,8035003700,120436166283
2010-01-08,3456.91,3480.13,3482.08,3426.7,6079025300,90190959969
2010-01-11,3593.11,3482.05,3594.53,3465.32,8998017200,134114001104
2010-01-12,3477.84,3534.92,3535.41,3437.66,9374327800,134071416354
2010-01-13,3448.29,3421.14,3490.11,3415.69,11245790100,159860384574
2010-01-14,3433.47,3469.05,3470.32,3411.81,8335325200,118107870086
2010-01-15,3472.52,3482.74,3500.07,3448.66,7254310200,104035175785
2010-01-18,3471.78,3500.68,3501.26,3458.04,8285430700,117884258544
2010-01-19,3506.81,3507.48,3528.39,3497.09,7488323200,108023525533
2010-01-20,3512.25,3394.43,3515.45,3387.82,9249514600,128416164613
2010-01-21,3397.04,3408.57,3425.18,3364.72,7059506800,100076607006
2010-01-22,3364.45,3366.2,3390.8,3293.19,8893340400,119197815814
2010-01-25,3340.01,3328.01,3372.43,3326.27,5684917100,76626626843
2010-01-26,3328.11,3242.8,3341.2,3222.14,6175223100,81586059213
2010-01-27,3243.04,3198.57,3255.12,3183.36,5269139400,70540273182
2010-01-28,3195.29,3206.57,3220.31,3168.46,4699071600,64082115658
2010-01-29,3190.32,3204.16,3249.45,3176.92,5026261300,68018118702
2010-02-01,3198.23,3152.71,3198.31,3116.44,5700138000,75982150475
2010-02-02,3170.78,3146.19,3211.94,3143.09,5013003300,68318412373
2010-02-03,3160.71,3230.72,3231.1,3094.57,6479889400,87536249983
2010-02-04,3206.43,3218.8,3242.52,3190.44,5897272600,75466552963
2010-02-05,3147.72,3153.09,3177.42,3129.92,5910584500,73693132366
2010-02-08,3152.25,3150.99,3172.31,3133.81,3735595100,47902429250
2010-02-09,3147.76,3169.19,3178.95,3144.48,3595315800,45222660374
2010-02-10,3195.14,3214.13,3214.46,3182.83,3421989400,48152144637
2010-02-11,3216.69,3220.4,3238.35,3207.16,3579105200,46999712971
2010-02-12,3232.88,3251.28,3253.2,3228.74,3405823800,46703220577
2010-02-22,3248.95,3233.34,3261.95,3232.78,3828377200,49981333658
2010-02-23,3225.39,3198.63,3225.39,3152.93,4274289800,62386076936
2010-02-24,3177.08,3244.48,3244.82,3165.13,4998943700,64414097361
2010-02-25,3252.15,3292.13,3294.14,3249.33,6758661700,89485801632
2010-02-26,3286.09,3281.67,3301.15,3273.69,5210728800,70171666128
2010-03-01,3290.01,3324.42,3330.38,3287.56,6050452000,81205689009
2010-03-02,3327.1,3311.24,3339.89,3299.68,5703437400,76233992315
2010-03-03,3313.02,3335.08,3335.65,3293.92,6062273200,78442132954
2010-03-04,3338.67,3250.57,3345.91,3244.98,6934681000,89462913752
2010-03-05,3253.16,3259.76,3276.4,3239.68,4562913800,59621178434
2010-03-08,3268.4,3286.18,3293.93,3258.03,4154087600,54686555117
2010-03-09,3285.62,3305.86,3322.51,3255.98,5419948600,71971297725
2010-03-10,3304.04,3279.69,3321.08,3267.76,4642107900,61760429281
2010-03-11,3282.2,3276.7,3303.49,3251.7,4748775400,63732658851
2010-03-12,3277.31,3233.13,3284.26,3232.12,3995734400,52611210820
2010-03-15,3231.22,3183.18,3234.82,3171.8,3784430400,49219898122
2010-03-16,3183.78,3203.97,3204.29,3169.1,3084778000,41510426396
2010-03-17,3214.22,3273.92,3274.0,3207.27,4580093400,62587395428
2010-03-18,3277.88,3267.55,3295.37,3256.59,4694801300,62509130228
2010-03-19,3270.98,3293.87,3296.41,3251.14,4606218700,62114230718
2010-03-22,3297.82,3302.63,3313.92,3288.51,4943946200,65652976792
2010-03-23,3305.55,3275.57,3309.12,3272.92,4653953600,62145531443
2010-03-24,3282.05,3276.67,3298.54,3271.03,4454796600,58330301241
2010-03-25,3270.39,3229.13,3270.39,3222.82,4498428500,58604759567
2010-03-26,3226.8,3275.0,3285.39,3220.59,4744496500,61592843185
2010-03-29,3295.76,3358.54,3363.61,3293.67,8472491000,110326973484
2010-03-30,3361.35,3366.71,3372.26,3350.31,5643698000,78682669413
2010-03-31,3369.19,3345.61,3369.9,3338.74,5312428700,72120886278
2010-04-01,3349.88,3391.93,3392.48,3349.88,6777266900,92360495841
2010-04-02,3400.14,3407.35,3412.2,3391.81,6907345200,99040760060
2010-04-06,3422.85,3405.14,3436.29,3386.89,6519171000,93985883918
2010-04-07,3403.09,3386.95,3404.58,3369.02,5401122800,76733159936
2010-04-08,3381.31,3346.74,3381.31,3336.16,6218532200,89317468603
2010-04-09,3348.77,3379.17,3379.4,3342.47,5128056700,75590356319
2010-04-12,3388.36,3351.48,3393.56,3330.3,7456515000,105996609644
2010-04-13,3350.73,3391.72,3401.71,3324.05,7990769500,116440339286
2010-04-14,3394.64,3403.71,3404.52,3377.44,6030613100,90787568716
2010-04-15,3407.03,3394.57,3412.94,3365.88,6105168500,88700235636
2010-04-16,3388.29,3356.33,3388.29,3348.78,4714036800,67235596653
2010-04-19,3313.5,3176.42,3313.5,3175.44,8841630000,118855971989
2010-04-20,3176.41,3173.37,3196.65,3130.96,6413785900,88005965691
2010-04-21,3178.88,3236.68,3237.54,3164.76,6692833100,93373377791
2010-04-22,3222.68,3201.54,3231.99,3177.73,7108168800,98970386343
2010-04-23,3198.78,3190.0,3224.74,3172.58,6125267900,92115669956
2010-04-26,3195.46,3172.0,3207.72,3168.37,5089419900,74959121055
2010-04-27,3163.1,3108.41,3163.1,3060.85,6529657400,88058360562
2010-04-28,3080.32,3097.35,3122.11,3062.09,4599540600,65484924588
2010-04-29,3114.94,3060.06,3130.7,3059.8,4826097100,69250868103
2010-04-30,3060.12,3067.36,3068.13,3014.07,5447788100,73190884013
2010-05-04,3005.49,3019.45,3056.08,2994.92,4124861000,54558607131
2010-05-05,2981.78,3036.39,3036.86,2943.36,5967044100,80835340414
2010-05-06,3014.91,2896.86,3014.91,2895.39,5877041300,81502262034
2010-05-07,2835.88,2836.79,2892.53,2817.15,6111939900,79147499714
2010-05-10,2842.37,2858.23,2872.31,2798.52,5020917300,64909188147
2010-05-11,2916.34,2800.82,2922.13,2790.7,5836349000,73894666754
2010-05-12,2781.71,2818.16,2832.15,2756.42,5300227100,64693988243
2010-05-13,2818.58,2886.91,2886.97,2811.66,5514577800,67486536614
2010-05-14,2865.58,2868.02,2888.09,2849.24,4249871900,55175291043
2010-05-17,2828.88,2714.72,2828.88,2712.44,5216684700,62395513473
2010-05-18,2711.41,2771.35,2781.84,2686.97,5450967100,62746245805
2010-05-19,2748.95,2762.17,2803.7,2723.3,4557622100,54656401336
2010-05-20,2739.22,2726.02,2793.88,2721.07,4217480300,52677914862
2010-05-21,2656.42,2768.79,2769.09,2647.6,5447538300,63501808937
2010-05-24,2787.75,2873.47,2886.37,2787.75,7450233800,89961882752
2010-05-25,2851.26,2813.94,2855.33,2798.02,5516832700,67954988050
2010-05-26,2814.44,2813.94,2839.03,2797.63,3985856400,48495603059
2010-05-27,2808.05,2859.98,2866.86,2771.59,5344520900,65266773667
2010-05-28,2885.86,2850.3,2893.69,2835.07,5153498900,64342505421
2010-05-31,2835.33,2773.26,2857.42,2772.79,4621685400,56695803642
2010-06-01,2755.28,2744.16,2782.29,2710.59,4485142600,53230913831
2010-06-02,2729.33,2757.53,2757.91,2700.07,3958702000,46364229493
2010-06-03,2769.1,2736.08,2787.51,2735.7,3958725800,47143262922
2010-06-04,2721.36,2744.39,2748.48,2713.09,3274629100,39858363381
2010-06-07,2692.83,2695.72,2716.4,2673.34,3954199300,47062703369
2010-06-08,2694.11,2699.34,2720.59,2672.06,3514018200,42677104255
2010-06-09,2711.64,2782.13,2787.82,2687.33,6020953300,70710080539
2010-06-10,2755.94,2750.02,2776.26,2746.11,4290633400,50312244286
2010-06-11,2766.2,2758.87,2782.09,2755.95,4055858500,48871478557
2010-06-17,2778.53,2742.73,2784.92,2742.64,3261235600,40293233998
2010-06-18,2739.03,2696.17,2755.84,2686.61,4180834400,50256350918
2010-06-21,2698.98,2780.66,2784.47,2686.32,5526148200,62809190519
2010-06-22,2772.89,2783.72,2795.32,2766.44,3909605200,45207207792
2010-06-23,2768.7,2758.49,2788.22,2734.05,3560035000,41600240721
2010-06-24,2753.71,2757.5,2783.51,2739.81,2922068200,33772857040
2010-06-25,2744.12,2736.29,2759.45,2715.66,3067178200,34649179151
2010-06-28,2734.51,2716.78,2751.45,2710.09,2771004400,31198277084
2010-06-29,2717.47,2592.02,2724.23,2591.69,4875855200,50635969685
2010-06-30,2572.91,2563.07,2575.82,2546.84,3569879400,35809892277
2010-07-01,2557.92,2526.07,2574.1,2524.57,3285764600,32478457404
2010-07-02,2523.03,2534.11,2542.12,2462.2,4491410000,43367318435
2010-07-05,2507.35,2512.65,2529.43,2476.49,3217857400,30922298985
2010-07-06,2504.87,2562.9,2563.41,2502.93,3971476200,38976836519
2010-07-07,2561.11,2580.48,2580.61,2548.56,3572090900,37059898462
2010-07-08,2591.51,2575.92,2602.23,2564.64,3405696600,35348760455
2010-07-09,2578.55,2647.1,2662.16,2557.26,5849304500,61470066938
2010-07-12,2647.42,2676.22,2689.81,2636.65,5846249100,63462262470
2010-07-13,2649.66,2634.59,2649.66,2618.34,4322850600,45125109071
2010-07-14,2640.93,2653.61,2684.62,2640.54,4668886000,49497106670
2010-07-15,2650.33,2608.52,2680.44,2607.79,4044045900,41444710868
2010-07-16,2597.0,2616.13,2621.33,2573.79,3506330200,35422326209
2010-07-19,2592.09,2682.47,2691.94,2585.01,5386807000,59826125817
2010-07-20,2685.46,2741.5,2746.24,2685.46,7312834500,80958216794
2010-07-21,2744.7,2747.34,2766.2,2733.72,7075709200,73734684585
2010-07-22,2738.03,2781.29,2783.14,2734.07,6106480600,63576603000
2010-07-23,2787.52,2793.08,2806.98,2769.44,6451856500,70423335023
2010-07-26,2798.76,2811.05,2811.95,2775.78,5358002600,59848905278
2010-07-27,2803.76,2795.72,2812.21,2785.37,4979988400,55963991462
2010-07-28,2796.48,2863.72,2866.4,2784.16,7998595400,84516845765
2010-07-29,2866.77,2877.98,2888.6,2852.0,9596540900,92278224492
2010-07-30,2871.48,2868.85,2876.14,2844.68,6257559100,65224482367
2010-08-02,2868.28,2917.28,2922.61,2867.45,7174330000,73569074427
2010-08-03,2925.25,2865.97,2929.61,2865.76,8174836400,86870574135
2010-08-04,2858.35,2876.43,2876.59,2818.25,7131803900,75670144265
2010-08-05,2874.66,2850.83,2877.31,2833.67,6715758100,73038457567
2010-08-06,2848.16,2897.66,2898.53,2821.03,7491489500,82145150913
2010-08-09,2894.1,2918.24,2922.62,2888.05,7472639100,83431980844
2010-08-10,2920.4,2832.64,2925.3,2832.08,7843503400,84283699448
2010-08-11,2823.15,2850.21,2864.36,2823.15,5497913300,58786302173
2010-08-12,2822.79,2816.39,2860.37,2810.1,5989322700,65825613506
2010-08-13,2818.41,2855.55,2856.04,2799.22,5850772100,62923747790
2010-08-16,2851.22,2922.08,2927.69,2843.02,8106804300,91427507573
2010-08-17,2927.26,2942.29,2949.73,2917.83,7645291200,86700542871
2010-08-18,2945.98,2937.36,2962.75,2924.67,7074760000,80832368101
2010-08-19,2940.77,2955.39,2975.19,2928.01,7692486500,91734587115
2010-08-20,2943.33,2898.33,2951.96,2892.64,7166330600,82298173112
2010-08-23,2895.71,2896.19,2920.54,2886.66,4891551700,57772779300
2010-08-24,2892.13,2911.83,2933.12,2866.8,6109379600,65036592635
2010-08-25,2893.99,2843.02,2904.66,2842.25,6361062100,67048224427
2010-08-26,2853.11,2850.09,2868.88,2836.13,4867044200,51862922913
2010-08-27,2847.45,2858.57,2861.07,2833.42,4078958200,46699343358
2010-08-30,2874.25,2915.01,2921.09,2872.92,6574988200,77341616491
2010-08-31,2905.15,2903.19,2910.06,2889.81,6576610400,79976347302
2010-09-01,2907.66,2884.04,2931.76,2859.17,7697557800,87931887194
2010-09-02,2917.74,2921.39,2931.55,2903.03,7070085100,88923142593
2010-09-03,2926.94,2920.2,2929.55,2891.88,7264102700,87724829649
2010-09-06,2935.89,2975.09,2980.42,2935.89,9385568100,110466116424
2010-09-07,2979.3,2983.11,2991.43,2959.9,7351936100,85488193860
2010-09-08,2970.0,2980.97,2982.72,2953.84,7287200200,92660879129
2010-09-09,2986.87,2926.46,2986.87,2922.2,8139555400,103248280132
2010-09-10,2928.0,2932.55,2940.79,2890.03,6508670400,83743163807
2010-09-13,2933.59,2962.32,2977.08,2925.42,6727990000,87536178972
2010-09-14,2971.55,2965.01,2984.47,2954.51,7010590300,87204421695
2010-09-15,2965.54,2913.19,2965.54,2905.63,7161964200,86445964329
2010-09-16,2908.32,2857.79,2917.85,2834.03,7407428400,84198375910
2010-09-17,2864.72,2861.37,2877.08,2847.68,5193886700,62466326737
2010-09-20,2865.04,2849.83,2872.22,2829.76,5028310400,57582985440
2010-09-21,2859.43,2857.48,2869.38,2844.13,3575188100,44742025248
2010-09-27,2869.93,2905.03,2905.53,2864.21,4907182300,62611534184
2010-09-28,2900.54,2880.91,2900.54,2875.66,5866082600,80859749613
2010-09-29,2877.27,2874.81,2908.73,2866.85,5678223600,74516021987
2010-09-30,2859.06,2935.57,2935.59,2857.42,6300024700,80709727516
2010-10-08,2965.65,3044.23,3055.84,2963.24,9999472000,134986634589
2010-10-11,3069.19,3132.89,3154.2,3069.19,15873490400,212607066630
2010-10-12,3121.64,3172.73,3173.85,3106.22,12736170500,178245219770
2010-10-13,3176.89,3217.58,3221.65,3165.58,14460777300,195444719896
2010-10-14,3245.13,3224.14,3286.02,3215.03,17961183800,227654458634
2010-10-15,3204.72,3327.68,3327.68,3199.12,19341414000,245619296303
2010-10-18,3345.8,3306.16,3390.01,3288.78,21788205100,267884370339
2010-10-19,3300.52,3375.67,3375.87,3280.0,13044179100,165488914490
2010-10-20,3304.22,3396.88,3439.22,3301.01,16652846000,235372057455
2010-10-21,3404.72,3374.68,3418.09,3344.96,12388324500,175383712722
2010-10-22,3365.6,3378.66,3408.49,3346.11,11636185700,163153618542
2010-10-25,3386.85,3481.08,3481.35,3366.43,14543310500,208809404746
2010-10-26,3491.47,3466.08,3499.82,3436.46,14263699900,205216457176
2010-10-27,3451.43,3403.87,3490.22,3398.09,12376157000,177072552070
2010-10-28,3390.43,3397.69,3420.89,3371.44,9834945600,141135882042
2010-10-29,3400.26,3379.98,3404.6,3351.6,10045897000,145528365885
2010-11-01,3390.41,3472.99,3472.99,3390.41,12626914800,186725762506
2010-11-02,3484.23,3463.13,3522.18,3449.72,15491145000,233976228513
2010-11-03,3462.74,3420.34,3474.71,3419.08,12635930300,178803329799
2010-11-04,3426.46,3480.51,3480.93,3419.64,11679948100,164721393800
2010-11-05,3538.99,3520.8,3554.47,3498.28,13768802700,196618041454
2010-11-08,3534.19,3548.57,3549.3,3506.38,12647075900,174067581795
2010-11-09,3547.44,3523.95,3547.44,3498.62,12245453300,170174876748
2010-11-10,3507.2,3499.11,3508.28,3470.97,12007857800,176529783278
2010-11-11,3490.74,3509.97,3557.99,3484.89,13897623300,209121524845
2010-11-12,3484.61,3291.83,3497.06,3284.35,16073385000,224200791087
2010-11-15,3298.74,3314.89,3319.98,3241.76,10231572400,144492952434
2010-11-16,3311.62,3169.54,3311.62,3155.47,10830707200,154278113336
2010-11-17,3124.11,3103.91,3168.93,3087.51,8325808000,118981231625
2010-11-18,3134.94,3147.96,3158.63,3097.39,6569729200,94476115838
2010-11-19,3168.16,3178.85,3178.85,3076.21,8334765400,114672977294
2010-11-22,3148.22,3171.94,3200.47,3137.75,8321277600,114302974766
2010-11-23,3156.48,3107.18,3156.48,3061.62,7739959100,105281461473
2010-11-24,3088.99,3177.04,3177.41,3088.99,7533208300,107688446612
2010-11-25,3197.97,3223.48,3227.05,3172.28,8344209400,116948295300
2010-11-26,3214.13,3194.85,3224.52,3170.36,6446782400,96226367197
2010-11-29,3183.54,3190.05,3206.76,3159.46,5899489200,88799073974
2010-11-30,3187.53,3136.99,3205.78,3060.44,8576235500,120572328539
2010-12-01,3127.26,3136.02,3150.44,3111.64,4888266800,69472579579
2010-12-02,3185.76,3155.06,3194.23,3154.32,6102390800,89764278070
2010-12-03,3161.93,3158.16,3171.38,3134.42,5047535400,71387337327
2010-12-06,3168.88,3165.57,3185.33,3140.55,5636263000,80043207937
2010-12-07,3152.73,3200.34,3214.69,3112.22,5848365300,85548293130
2010-12-08,3194.89,3171.88,3215.28,3166.77,5951566300,87056105048
2010-12-09,3156.0,3123.37,3175.05,3122.2,6615296500,83159036199
2010-12-10,3107.38,3161.98,3172.16,3101.08,5710810500,78069117443
2010-12-13,3176.34,3261.06,3261.34,3173.56,9571373900,132088353616
2010-12-14,3270.2,3269.47,3279.36,3254.18,8410424100,114928736614
2010-12-15,3270.78,3247.64,3282.77,3242.52,7226978500,104793174443
2010-12-16,3246.01,3230.66,3258.39,3224.12,5679962500,79262377015
2010-12-17,3229.3,3225.66,3232.84,3212.58,4491914700,65697259729
2010-12-20,3239.02,3178.66,3249.76,3118.0,7475969300,107521977283
2010-12-21,3184.7,3249.51,3251.55,3168.89,7985242000,112461675290
2010-12-22,3253.82,3215.45,3263.45,3201.67,6993625800,98309032433
2010-12-23,3210.67,3188.61,3237.64,3183.15,6131584700,84430476449
2010-12-24,3170.64,3162.95,3187.72,3139.45,5513776700,72989136209
2010-12-27,3176.11,3099.71,3219.66,3092.26,7001710700,99855478580
2010-12-28,3084.82,3044.93,3095.36,3041.33,5632574900,74843956564
2010-12-29,3049.93,3061.83,3062.56,3025.22,4519277500,60134777207
2010-12-30,3063.05,3064.1,3079.91,3027.9,5428142900,70284275917
2010-12-31,3069.05,3128.26,3129.45,3067.11,6256607800,90545901164
2011-01-04,3155.56,3189.68,3194.36,3143.6,8541044000,129159620771
2011-01-05,3170.18,3175.66,3193.78,3158.87,7926881000,116943213907
2011-01-06,3177.84,3159.64,3198.05,3152.57,5968109200,91568447016
2011-01-07,3156.36,3166.62,3209.9,3141.13,8409323300,113651250191
2011-01-10,3162.09,3108.19,3182.78,3102.43,6549440600,87992881712
2011-01-11,3096.25,3124.92,3131.29,3084.51,5698591700,74832449402
2011-01-12,3135.18,3142.34,3153.43,3099.41,5849851800,71551421416
2011-01-13,3153.99,3141.28,3157.04,3127.16,5193698800,66925783701
2011-01-14,3129.67,3091.86,3129.67,3083.51,5335143900,71012100141
2011-01-17,3067.43,2974.35,3078.88,2968.61,6680756200,85454121099
2011-01-18,2965.42,2977.65,2984.47,2947.6,4296456400,54652416480
2011-01-19,2978.46,3044.85,3045.61,2967.24,5657194200,72772226927
2011-01-20,3037.86,2944.71,3037.86,2944.5,6104664300,76440116738
2011-01-21,2935.23,2983.46,3030.26,2935.14,7310296600,85157790710
2011-01-24,2986.09,2954.23,2999.2,2943.92,6547254500,75805236102
2011-01-25,2949.65,2938.65,2960.59,2919.16,4898268900,57572819537
2011-01-26,2939.77,2978.43,2982.32,2939.36,4337497900,51746038070
2011-01-27,2953.59,3026.47,3037.16,2935.27,8258591900,96976029913
2011-01-28,3020.12,3036.74,3047.27,3011.38,6301358900,78241917729
2011-01-31,3035.42,3076.51,3076.55,3032.45,6710591400,83070309373
2011-02-01,3083.49,3077.28,3087.22,3062.83,4986253000,65832698489
2011-02-09,3055.4,3040.95,3087.55,3031.75,6039414500,78148356164
2011-02-10,3034.08,3104.16,3105.32,3024.35,6660366200,86967273678
2011-02-11,3100.27,3120.96,3133.5,3092.58,7597555300,99001500830
2011-02-14,3123.25,3219.14,3227.43,3123.25,12130233100,155829380802
2011-02-15,3223.22,3217.67,3259.64,3215.62,10955443800,147747227925
2011-02-16,3211.14,3248.53,3248.85,3195.47,9133428300,125549596910
2011-02-17,3255.63,3245.91,3265.26,3218.91,8896469500,127559673833
2011-02-18,3240.05,3211.88,3242.37,3203.12,7537868400,104743371599
2011-02-21,3192.15,3257.91,3258.28,3189.85,7939977600,108055882413
2011-02-22,3267.61,3163.58,3269.05,3161.83,10786374100,147588609007
2011-02-23,3152.44,3174.74,3182.18,3145.99,7132485400,97251422739
2011-02-24,3170.24,3190.93,3195.69,3157.97,6648689300,94908281477
2011-02-25,3190.87,3197.62,3213.79,3159.85,6161927500,88275899352
2011-02-28,3200.68,3239.56,3241.6,3178.83,7663066300,109249970846
2011-03-01,3241.71,3254.89,3273.51,3235.75,8856695400,124040755772
2011-03-02,3237.12,3243.3,3257.42,3202.83,8091064100,113592007455
2011-03-03,3248.16,3221.72,3271.64,3221.04,10121999700,131217797700
2011-03-04,3223.51,3270.67,3273.66,3217.48,8001391500,107401810462
2011-03-07,3287.41,3334.51,3337.47,3287.41,11818719700,170406772534
2011-03-08,3335.71,3337.46,3342.71,3311.72,8487865500,126306326053
2011-03-09,3344.1,3338.86,3355.49,3322.7,7802636100,113534089995
2011-03-10,3330.44,3280.26,3330.44,3279.33,7821264200,117952630963
2011-03-11,3263.08,3247.38,3290.7,3240.18,6720833500,100306077088
2011-03-14,3238.91,3262.92,3263.91,3230.11,6368978300,94134688007
2011-03-15,3250.59,3203.96,3250.59,3147.96,9603397900,129603315155
2011-03-16,3204.92,3248.2,3250.88,3202.93,7885952000,111826095701
2011-03-17,3216.29,3197.1,3240.38,3185.08,8568711400,117295727563
2011-03-18,3228.91,3215.68,3239.96,3205.14,6134016100,86845200065
2011-03-21,3220.68,3207.11,3236.28,3194.14,5910503700,84105739105
2011-03-22,3217.8,3222.96,3227.8,3175.93,5724868400,80009792794
2011-03-23,3222.32,3264.93,3267.0,3216.65,7207758500,98540423659
2011-03-24,3269.57,3251.36,3273.37,3250.02,6130424400,88058905863
2011-03-25,3256.18,3294.48,3304.26,3254.68,8689597900,122021366960
2011-03-28,3307.41,3290.57,3328.07,3286.86,9768430000,139030083023
2011-03-29,3288.56,3257.98,3309.2,3256.34,10528016400,132908076725
2011-03-30,3256.72,3256.08,3274.98,3233.11,7833633700,103271930321
2011-03-31,3257.16,3223.29,3264.96,3210.17,6450388000,86565372662
2011-04-01,3227.56,3272.73,3272.77,3220.91,6309472200,86711549873
2011-04-06,3269.19,3311.07,3315.3,3268.76,10582367400,143030090888
2011-04-07,3313.47,3324.42,3330.8,3302.82,8468176200,112678585789
2011-04-08,3321.54,3353.36,3353.89,3314.09,7392921000,107329316269
2011-04-11,3363.37,3333.43,3380.53,3331.17,10442054500,141974385699
2011-04-12,3324.75,3326.77,3350.16,3307.48,10193850600,122863556078
2011-04-13,3311.32,3372.03,3372.03,3296.51,8703633800,108305234380
2011-04-14,3374.32,3353.56,3378.7,3347.49,8897224100,107491228060
2011-04-15,3345.13,3358.94,3378.11,3323.56,7851487400,98934572633
2011-04-18,3346.15,3359.44,3372.9,3335.6,8658262400,107178227750
2011-04-19,3334.91,3295.81,3334.91,3290.74,8510693300,104368983043
2011-04-20,3300.42,3295.76,3311.72,3281.83,7234331800,93667138370
2011-04-21,3312.27,3317.37,3330.24,3301.94,7324042400,96739132646
2011-04-22,3317.08,3299.94,3325.46,3291.64,6717145500,83528333290
2011-04-25,3292.48,3249.57,3292.48,3247.69,7442182900,98455879623
2011-04-26,3242.53,3230.96,3257.8,3216.21,5909641700,76696858373
2011-04-27,3242.62,3209.5,3256.41,3189.04,6244356700,75111247063
2011-04-28,3224.41,3161.78,3237.19,3160.41,6505023500,79155830155
2011-04-29,3161.16,3192.72,3193.6,3147.14,5368306500,63455814284
2011-05-03,3192.84,3211.13,3212.05,3164.93,5499891000,64348987555
2011-05-04,3192.84,3129.03,3193.45,3120.96,6671634000,83567655304
2011-05-05,3115.0,3126.12,3136.9,3105.85,5256774700,63009373497
2011-05-06,3093.81,3121.4,3141.68,3083.91,5535218600,69747372718
2011-05-09,3126.26,3129.76,3149.94,3118.14,4602740400,57287412506
2011-05-10,3135.15,3153.22,3153.3,3121.75,4093299500,54931224820
2011-05-11,3153.65,3145.09,3164.65,3127.49,4768853300,59507719522
2011-05-12,3123.16,3101.6,3142.4,3101.14,4879950100,61703080348
2011-05-13,3105.3,3128.09,3128.44,3080.19,4689595100,57757204870
2011-05-16,3120.44,3100.46,3137.6,3098.78,4519431900,54238723382
2011-05-17,3097.07,3116.03,3136.23,3076.95,5120373100,65417943732
2011-05-18,3109.29,3139.38,3145.7,3106.55,3964176800,49757174173
2011-05-19,3148.35,3120.64,3154.93,3118.62,4311078200,52249679659
2011-05-20,3120.58,3121.6,3133.43,3113.27,3846801200,48967028428
2011-05-23,3115.31,3022.98,3115.31,3021.45,5590247200,66976426510
2011-05-24,3013.72,3026.22,3029.75,2999.89,4160894400,52971692396
2011-05-25,3020.32,2990.34,3030.99,2988.09,3928970400,48604397867
2011-05-26,3011.47,2978.38,3021.2,2977.6,3700374700,48346482355
2011-05-27,2980.72,2963.31,2996.61,2962.07,4277090500,52019994149
2011-05-30,2956.57,2954.51,2982.58,2942.36,3467116000,42960260576
2011-05-31,2958.61,3001.56,3001.73,2946.15,3968939900,50553386204
2011-06-01,2996.09,3004.17,3006.56,2985.71,3841932700,49060076491
2011-06-02,2970.63,2955.7,2984.49,2923.02,5261786700,61748347004
2011-06-03,2951.58,2986.35,2993.89,2951.2,3907616400,49273758984
2011-06-07,2977.68,3004.26,3006.57,2974.36,3685233200,49859134919
2011-06-08,3003.58,3008.65,3012.81,2965.92,4290875800,51123188095
2011-06-09,3000.4,2951.89,3004.06,2951.89,4749663600,55381280377
2011-06-10,2947.93,2961.93,2964.08,2925.87,4220188200,50942992933
2011-06-13,2940.39,2950.35,2957.52,2921.75,3835166800,46991283431
2011-06-14,2947.66,2993.56,3000.53,2943.53,5598281500,66158911408
2011-06-15,2984.96,2963.12,2999.15,2963.11,4439085200,54467701030
2011-06-16,2939.68,2917.58,2946.82,2915.4,4113548200,47067185495
2011-06-17,2916.41,2892.16,2934.06,2891.01,4117653000,51647156163
2011-06-20,2888.93,2874.9,2896.08,2862.41,3799198200,45416696840
2011-06-21,2883.35,2909.07,2909.57,2877.05,4203892300,50160678865
2011-06-22,2913.67,2908.58,2921.03,2894.18,3731880200,43263825738
2011-06-23,2899.01,2957.63,2966.54,2888.68,4594111700,55276886318
2011-06-24,2946.61,3027.47,3047.94,2944.05,8545924000,104972923209
2011-06-27,3028.5,3036.49,3056.02,3019.24,6561577100,79044152725
2011-06-28,3040.18,3041.73,3046.8,3014.0,5576625400,70333384864
2011-06-29,3039.05,3000.17,3043.82,2999.95,5347684800,61717623012
2011-06-30,3003.23,3044.09,3058.63,3003.23,6250254900,73891668789
2011-07-01,3052.12,3049.74,3071.21,3034.07,5676665300,72614645374
2011-07-04,3064.93,3121.98,3124.58,3064.93,8046403100,102679821385
2011-07-05,3122.9,3122.5,3128.53,3105.09,6776333500,81999827927
2011-07-06,3116.12,3113.71,3116.12,3084.83,6155580700,76556996969
2011-07-07,3123.29,3101.68,3140.1,3101.1,7181036000,92120550136
2011-07-08,3105.49,3109.18,3124.39,3093.37,5128259300,65155542913
2011-07-11,3097.87,3113.21,3121.0,3086.26,4792066000,62237248759
2011-07-12,3089.14,3056.91,3090.1,3054.8,5710798400,71222640397
2011-07-13,3060.42,3106.25,3108.5,3060.42,5411436700,68294830332
2011-07-14,3112.59,3115.74,3126.15,3092.47,6031493500,79948505027
2011-07-15,3105.5,3128.89,3130.78,3097.34,6155032200,79424849005
2011-07-18,3131.8,3122.6,3137.92,3113.67,6069131100,78225031039
2011-07-19,3108.47,3095.13,3109.92,3088.38,5338870900,68506068928
2011-07-20,3113.7,3091.57,3119.54,3071.85,4411833100,56930993021
2011-07-21,3092.27,3059.14,3099.28,3058.26,4408469100,57942637401
2011-07-22,3066.19,3067.99,3083.19,3059.6,3725725500,49618948350
2011-07-25,3050.9,2968.29,3050.9,2958.88,6718099600,77513632253
2011-07-26,2965.72,2977.77,2980.86,2957.61,4351545700,49560684459
2011-07-27,2961.58,3000.05,3002.69,2951.52,4838561200,58746220328
2011-07-28,2973.64,2981.0,2984.38,2956.71,4813898400,60678598008
2011-07-29,2981.02,2972.08,2995.97,2948.08,4629825300,54358237266
2011-08-01,2969.11,2977.72,2991.05,2958.83,3388694900,41203123005
2011-08-02,2958.85,2956.38,2958.85,2919.01,3897835700,48435295389
2011-08-03,2930.19,2954.87,2969.13,2927.1,3866836200,49593983761
2011-08-04,2962.91,2960.31,2983.01,2951.84,3298571900,41335656567
2011-08-05,2881.74,2897.42,2916.41,2868.16,4931685400,60240017405
2011-08-08,2864.51,2793.9,2888.77,2747.97,7151776600,83694787456
2011-08-09,2720.95,2798.19,2812.77,2697.06,6984267600,79653278208
2011-08-10,2845.35,2824.12,2858.55,2820.12,5865931200,68580540607
2011-08-11,2779.72,2866.92,2867.31,2777.76,5899768900,69223945409
2011-08-12,2881.55,2875.36,2894.22,2868.87,5719740600,63487643741
2011-08-15,2883.17,2917.88,2917.88,2870.19,5987547600,61102226502
2011-08-16,2920.83,2897.58,2932.14,2888.33,5096268100,57496628333
2011-08-17,2893.85,2886.01,2910.84,2881.63,3917817900,41891853603
2011-08-18,2887.1,2834.25,2890.0,2832.27,4076888300,45784423192
2011-08-19,2789.35,2807.66,2814.1,2782.56,4325965000,48442961960
2011-08-22,2809.33,2777.79,2829.69,2768.42,3420968500,40136538647
2011-08-23,2788.7,2821.0,2821.0,2777.29,3262051400,36441994495
2011-08-24,2834.58,2810.02,2845.47,2804.82,3530156500,41939777958
2011-08-25,2818.7,2903.84,2904.44,2815.91,7221684500,75745960111
2011-08-26,2889.38,2901.22,2907.4,2876.83,4560410200,51759427726
2011-08-29,2875.78,2852.81,2875.78,2847.48,4426785000,49892653226
2011-08-30,2875.14,2841.74,2901.73,2838.33,4313787200,48565790320
2011-08-31,2843.99,2846.78,2855.3,2823.77,3210789900,37624544060
2011-09-01,2852.39,2834.53,2869.25,2825.96,3011870200,35143727252
2011-09-02,2828.84,2803.85,2836.62,2790.77,2931711600,31960598827
2011-09-05,2780.83,2743.82,2780.83,2743.38,3200566000,36040312618
2011-09-06,2727.75,2723.3,2745.36,2711.07,2971398200,33746805052
2011-09-07,2738.79,2779.09,2779.2,2730.05,3326538100,37096662193
2011-09-08,2788.83,2756.11,2789.11,2755.8,2683873500,31209441131
2011-09-09,2770.15,2751.09,2796.35,2739.62,2707350300,30348131114
2011-09-13,2712.44,2720.28,2726.18,2698.66,2671376400,30034340041
2011-09-14,2729.26,2733.11,2736.91,2677.13,3042478000,32858416579
2011-09-15,2734.55,2729.05,2754.19,2728.91,3117192500,32507109143
2011-09-16,2744.22,2733.99,2755.89,2728.99,2755593200,29743911967
2011-09-19,2718.32,2679.27,2718.32,2678.8,2909094100,29731416051
2011-09-20,2675.04,2689.84,2702.28,2664.1,2559868100,27274347411
2011-09-21,2691.7,2771.01,2778.35,2677.35,5619417100,59146487177
2011-09-22,2745.15,2685.69,2754.92,2684.94,4710266000,47793334084
2011-09-23,2644.29,2669.48,2681.23,2631.43,4259222400,45934334698
2011-09-26,2645.24,2610.92,2679.56,2603.11,3917512400,40495022542
2011-09-27,2634.93,2637.88,2652.56,2613.42,3502197400,37301310910
2011-09-28,2654.83,2610.59,2660.1,2602.63,3416955500,36195919556
2011-09-29,2593.56,2588.18,2615.14,2577.29,3709359300,37708584378
2011-09-30,2595.58,2581.35,2607.57,2572.19,3205082200,32376678343
2011-10-10,2588.35,2557.08,2595.32,2552.28,2832512200,28149902145
2011-10-11,2625.16,2551.99,2635.69,2526.65,4502984800,47409892228
2011-10-12,2537.4,2644.76,2647.01,2523.34,6594568000,62822831798
2011-10-13,2636.86,2662.6,2672.91,2629.41,6042620100,56631043777
2011-10-14,2655.36,2653.78,2665.44,2629.88,3833694800,37326709609
2011-10-17,2658.95,2666.95,2687.1,2653.38,3615831500,38101620397
2011-10-18,2646.84,2592.21,2651.73,2589.2,3937344800,39453303360
2011-10-19,2599.92,2583.08,2617.41,2580.66,3111616600,32114967067
2011-10-20,2566.6,2520.53,2570.1,2500.49,3984246200,39409600021
2011-10-21,2522.26,2507.88,2538.12,2504.69,2984350300,29090707044
2011-10-24,2517.06,2576.67,2581.13,2501.96,4634580100,44056731116
2011-10-25,2572.71,2625.43,2633.97,2560.05,5796737500,57533462226
2011-10-26,2613.27,2651.65,2679.66,2611.01,7309824000,69534363517
2011-10-27,2658.43,2657.48,2672.84,2647.3,4882039100,47403219262
2011-10-28,2694.54,2709.02,2729.14,2689.38,7164310500,72908419745
2011-10-31,2704.53,2695.31,2709.32,2680.99,5040711200,52522499085
2011-11-01,2672.51,2697.53,2726.09,2669.05,5520665100,56067605452
2011-11-02,2658.55,2742.39,2742.94,2653.72,6436158400,65327476275
2011-11-03,2752.63,2744.3,2781.04,2743.2,8482076000,90502549983
2011-11-04,2770.57,2763.75,2781.99,2748.98,6195821800,63500868592
2011-11-07,2750.99,2736.25,2769.3,2733.17,4537505600,47761935110
2011-11-08,2745.06,2727.71,2756.09,2723.69,4788425200,47864912703
2011-11-09,2739.15,2751.65,2755.81,2710.05,4687796000,48484230112
2011-11-10,2720.84,2699.59,2729.57,2698.31,5117370200,51793948486
2011-11-11,2705.24,2695.0,2713.91,2685.1,3663669600,38724219259
2011-11-14,2717.54,2750.2,2751.88,2714.86,4639094300,51333489021
2011-11-15,2746.77,2744.68,2754.0,2732.91,4175986400,46980738996
2011-11-16,2745.86,2670.12,2746.29,2659.15,5594923900,57844199048
2011-11-17,2671.95,2662.02,2687.83,2660.65,3524765200,37762635927
2011-11-18,2643.67,2606.49,2646.21,2601.18,4241471800,44949477108
2011-11-21,2608.56,2609.69,2613.26,2587.74,2797189600,31175406753
2011-11-22,2592.23,2609.47,2611.15,2580.78,2906907800,31886735092
2011-11-23,2613.29,2584.01,2617.09,2578.16,2853141200,30958563539
2011-11-24,2565.69,2588.91,2604.24,2557.7,3031960100,31894726945
2011-11-25,2585.14,2569.97,2598.39,2563.65,2391376600,27509358470
2011-11-28,2578.34,2573.32,2589.35,2562.49,2566693600,29179539395
2011-11-29,2595.09,2608.57,2609.19,2580.29,3002587800,34962425966
2011-11-30,2600.1,2521.52,2601.9,2507.18,4235264500,42454205363
2011-12-01,2596.15,2583.61,2630.66,2577.72,6352025200,66146809487
2011-12-02,2570.56,2557.31,2575.69,2543.53,3218370300,33168419336
2011-12-05,2561.2,2521.39,2561.2,2517.18,3206338800,32749927399
2011-12-06,2515.04,2516.34,2525.67,2499.57,2629758100,26310941611
2011-12-07,2517.34,2528.23,2534.53,2509.78,2326183900,23433730534
2011-12-08,2525.04,2525.0,2549.1,2494.69,2777774400,27843683566
2011-12-09,2506.62,2503.46,2525.16,2496.97,2402905900,25477241953
2011-12-12,2497.92,2477.69,2502.05,2476.12,2190124900,21200444065
2011-12-13,2467.02,2421.93,2472.66,2418.67,3571753400,33269154181
2011-12-14,2415.94,2397.48,2433.55,2392.3,2532010900,23753606413
2011-12-15,2382.44,2340.79,2384.47,2340.45,3675083400,33900401991
2011-12-16,2339.98,2390.13,2390.38,2332.14,3630233900,33652058785
2011-12-19,2370.42,2384.41,2387.89,2321.66,3790975200,33711370957
2011-12-20,2376.71,2377.07,2412.57,2373.86,3240232700,29967658690
2011-12-21,2397.28,2339.11,2404.78,2337.69,3120952500,30917839680
2011-12-22,2325.27,2341.34,2358.47,2294.61,3668385800,31845455341
2011-12-23,2337.38,2359.16,2382.71,2331.96,3316190400,29910296920
2011-12-26,2345.55,2335.7,2369.82,2334.79,2822408700,25033053118
2011-12-27,2332.83,2305.03,2346.38,2302.41,2927731400,26777021276
2011-12-28,2295.87,2307.93,2309.64,2267.11,3288202000,28839274201
2011-12-29,2297.29,2311.36,2323.49,2293.87,3088770000,26868223305
2011-12-30,2318.67,2345.74,2349.03,2318.67,3586524300,32362650284
2012-01-04,2361.5,2298.75,2365.99,2298.3,3434456700,32572551267
2012-01-05,2290.78,2276.39,2316.66,2272.15,4301648000,37635272074
2012-01-06,2274.35,2290.6,2291.89,2254.57,3519899200,31079362325
2012-01-09,2291.18,2368.57,2368.89,2271.72,5472734100,51478126954
2012-01-10,2365.77,2447.35,2449.95,2361.28,8115498900,75249157103
2012-01-11,2444.76,2435.61,2453.15,2423.32,5870567400,57587219272
2012-01-12,2426.82,2435.22,2464.38,2423.32,4712127500,47877407259
2012-01-13,2438.41,2394.33,2445.79,2374.55,4551399700,47228338588
2012-01-16,2376.95,2345.65,2394.5,2345.63,3052714500,34410385319
2012-01-17,2347.57,2460.6,2462.43,2329.25,6420564800,64324131068
2012-01-18,2464.92,2422.19,2485.5,2414.53,6389235800,67058838880
2012-01-19,2423.86,2468.35,2480.21,2414.99,5561572600,56377653304
2012-01-20,2476.73,2504.09,2510.34,2462.59,5452978300,57474475709
2012-01-30,2508.88,2460.72,2508.88,2460.4,4351714800,44770885276
2012-01-31,2462.34,2464.26,2472.84,2447.77,3070150100,32694132107
2012-02-01,2458.23,2428.99,2481.66,2423.45,3501537400,37752320797
2012-02-02,2437.47,2486.24,2486.24,2429.71,4206698500,44126383715
2012-02-03,2478.34,2506.09,2514.64,2470.28,4994924000,51507545973
2012-02-06,2511.17,2504.32,2520.76,2488.71,4507990500,47541523547
2012-02-07,2489.03,2457.95,2489.03,2441.7,3967916400,40034277145
2012-02-08,2456.42,2528.24,2534.16,2451.0,5618645600,61721305024
2012-02-09,2525.59,2529.23,2546.03,2513.13,5929975100,63456204565
2012-02-10,2521.68,2533.62,2560.03,2521.16,6157587700,60029482361
2012-02-13,2504.41,2531.98,2553.45,2496.3,5191397300,54282622440
2012-02-14,2528.97,2522.11,2533.26,2506.54,4043010100,43723682304
2012-02-15,2515.83,2549.61,2562.07,2511.29,5809037000,60422394145
2012-02-16,2544.64,2536.07,2559.34,2519.04,5439543100,55165633314
2012-02-17,2551.82,2537.09,2558.34,2522.86,3899471600,40458003413
2012-02-20,2571.91,2540.71,2574.75,2539.9,5615332900,56748912893
2012-02-21,2544.84,2562.45,2562.91,2520.79,4789480800,47758225547
2012-02-22,2564.32,2597.48,2598.86,2560.34,7637665600,76421806874
2012-02-23,2595.78,2606.26,2614.54,2590.52,7037712600,72612089253
2012-02-24,2607.34,2648.02,2648.02,2602.78,8599970800,88058616716
2012-02-27,2658.12,2656.57,2693.84,2656.57,10151403400,106670207615
2012-02-28,2652.34,2662.46,2671.83,2641.46,7759253600,77213053038
2012-02-29,2655.86,2634.14,2666.65,2631.78,5912020600,64875221164
2012-03-01,2622.74,2633.34,2647.78,2621.86,4214844100,46524079738
2012-03-02,2637.96,2679.93,2679.93,2637.96,6412203400,66981591368
2012-03-05,2687.74,2662.7,2694.61,2660.95,7139545800,74973261138
2012-03-06,2654.8,2621.05,2657.96,2615.6,6244714800,68852557821
2012-03-07,2596.48,2603.01,2628.59,2594.13,5694873300,63243293004
2012-03-08,2612.4,2635.79,2645.95,2612.4,5754941300,64458851045
2012-03-09,2644.1,2664.3,2664.41,2631.41,5525892100,65963441747
2012-03-12,2663.24,2654.4,2666.43,2636.42,6232721600,74367701978
2012-03-13,2653.68,2681.07,2681.33,2649.17,5840446900,66429764308
2012-03-14,2694.47,2605.11,2705.75,2595.34,10842654000,117080408732
2012-03-15,2602.66,2585.55,2618.25,2575.44,7256596000,77042766482
2012-03-16,2591.8,2623.52,2624.32,2577.24,5809125900,67451822278
2012-03-19,2617.66,2630.01,2631.05,2598.63,5764662500,68803937996
2012-03-20,2622.66,2584.45,2622.66,2584.02,5811406500,64263817216
2012-03-21,2597.38,2587.79,2613.27,2569.07,5800254400,66674920148
2012-03-22,2586.94,2583.75,2599.24,2570.45,4492677700,50115505934
2012-03-23,2575.33,2552.94,2578.82,2544.53,4332925600,47812442986
2012-03-26,2551.43,2555.44,2562.93,2540.7,3181621100,36356133943
2012-03-27,2565.55,2547.14,2571.9,2544.37,3594460400,47394454857
2012-03-28,2538.46,2474.9,2540.42,2471.03,5000579000,54993640999
2012-03-29,2463.69,2443.12,2476.48,2429.73,4613130400,48651595893
2012-03-30,2447.94,2454.9,2461.98,2438.49,3702708600,39139734882
2012-04-05,2449.21,2512.83,2517.39,2441.27,5433168700,58049690964
2012-04-06,2509.45,2519.83,2525.53,2502.7,4236857600,47207795088
2012-04-09,2510.53,2495.15,2518.38,2491.59,3537098600,38180751755
2012-04-10,2490.28,2519.79,2519.81,2459.35,4133590500,44064833898
2012-04-11,2494.52,2520.04,2541.13,2489.32,4251031000,43627983913
2012-04-12,2522.83,2570.44,2570.84,2516.57,5648840900,59536950778
2012-04-13,2575.05,2580.45,2593.79,2570.03,5309264300,61892977442
2012-04-16,2564.23,2574.04,2586.2,2559.78,4083970000,42650756402
2012-04-17,2572.36,2541.88,2578.76,2541.53,3781546700,38328417080
2012-04-18,2550.91,2599.91,2602.11,2546.0,5868840800,59361005883
2012-04-19,2598.33,2596.06,2606.86,2585.3,4644810900,55512931549
2012-04-20,2591.51,2626.84,2627.38,2589.35,6144637900,63829908072
2012-04-23,2624.75,2606.04,2632.09,2599.11,5866493800,62073949557
2012-04-24,2594.8,2604.87,2640.3,2559.46,7113955800,73150514001
2012-04-25,2598.23,2625.99,2631.44,2593.33,6246805300,63529458933
2012-04-26,2632.72,2631.49,2643.77,2617.09,5896566700,64377486667
2012-04-27,2630.55,2626.16,2637.92,2623.6,4823358600,53345515969
2012-05-02,2660.67,2683.49,2697.95,2643.53,8014865400,92366091966
2012-05-03,2679.52,2691.52,2693.88,2675.81,5936109000,72337336415
2012-05-04,2689.62,2715.88,2716.03,2677.14,6321808600,73699551125
2012-05-07,2699.45,2717.78,2717.78,2694.32,6854731400,82715668565
2012-05-08,2717.41,2709.12,2717.82,2683.56,6311084000,73744497984
2012-05-09,2685.19,2657.51,2685.19,2655.32,5840028300,69482578578
2012-05-10,2657.87,2657.21,2667.68,2649.38,4696257600,54056953614
2012-05-11,2652.31,2636.92,2666.57,2636.52,4100614300,49392898299
2012-05-14,2653.81,2615.53,2656.28,2613.35,5208248400,60331294491
2012-05-15,2597.64,2617.37,2618.18,2591.6,4576727100,51374761939
2012-05-16,2610.16,2574.65,2612.63,2574.08,4328027400,47863536278
2012-05-17,2577.96,2613.94,2619.59,2571.2,4372838900,49203910040
2012-05-18,2595.55,2573.98,2603.19,2567.3,4342212400,46907511775
2012-05-21,2572.37,2587.23,2604.22,2563.97,3860209000,44300405781
2012-05-22,2598.17,2627.53,2627.6,2597.6,4277352900,49392413014
2012-05-23,2621.79,2616.87,2635.78,2598.29,4371953100,52563403310
2012-05-24,2613.09,2595.26,2630.41,2588.21,4284406600,50064439874
2012-05-25,2595.26,2573.1,2602.17,2565.65,3927300400,41420081778
2012-05-28,2562.6,2614.69,2614.85,2545.34,5633927500,58412343035
2012-05-29,2615.14,2650.85,2658.26,2612.56,7213563700,78681504585
2012-05-30,2646.37,2642.26,2655.16,2636.52,5185543600,56976275428
2012-05-31,2623.16,2632.04,2645.59,2617.23,4410746900,49875041384
2012-06-01,2633.6,2633.0,2653.86,2623.29,4419105600,53843404285
2012-06-04,2598.73,2559.03,2608.32,2558.92,5247850200,60615569451
2012-06-05,2565.19,2558.84,2573.89,2548.76,3777991000,43553303591
2012-06-06,2564.23,2557.4,2573.74,2547.33,3385769400,41316908581
2012-06-07,2579.43,2542.18,2584.04,2536.26,3484118600,42053000073
2012-06-08,2558.84,2524.33,2559.13,2520.41,4385642600,47638005888
2012-06-11,2529.6,2558.26,2565.43,2523.77,4009826000,43449657466
2012-06-12,2543.76,2540.18,2553.91,2529.95,3793667600,40259911520
2012-06-13,2546.79,2580.64,2581.11,2539.63,4501456800,51291269477
2012-06-14,2573.33,2560.42,2584.71,2558.57,4024793400,46331822555
2012-06-15,2565.19,2568.05,2580.17,2538.57,4278607800,48868302897
2012-06-18,2576.63,2581.21,2593.22,2572.99,3569362800,40852450181
2012-06-19,2577.36,2558.62,2577.36,2556.1,3270055300,37020041266
2012-06-20,2563.64,2552.61,2570.66,2549.44,2985063900,33573669769
2012-06-21,2547.05,2512.18,2547.05,2502.42,3539673200,38607959039
2012-06-25,2501.16,2456.52,2501.16,2455.01,4010673500,42503507171
2012-06-26,2442.56,2454.91,2465.12,2434.64,3173400800,33896511717
2012-06-27,2452.67,2447.2,2470.76,2444.34,3000755300,31437597414
2012-06-28,2451.66,2425.73,2459.19,2425.24,3054311300,34418793210
2012-06-29,2418.86,2461.61,2462.82,2417.49,3799494100,40976538386
2012-07-02,2473.55,2465.24,2473.97,2452.99,4051007800,45651476527
2012-07-03,2464.85,2468.72,2490.55,2457.45,3869335400,45004653879
2012-07-04,2474.53,2464.92,2481.34,2455.99,3445214200,37837659888
2012-07-05,2450.3,2430.37,2450.3,2420.0,3472614500,35946204421
2012-07-06,2435.06,2472.61,2477.23,2420.36,4961060500,56601778899
2012-07-09,2455.89,2416.04,2470.2,2414.95,4922330200,54601732513
2012-07-10,2411.0,2406.71,2426.53,2402.37,3554998400,38539025245
2012-07-11,2402.18,2425.57,2427.8,2402.15,3762431200,39851892244
2012-07-12,2420.04,2449.18,2460.56,2404.58,5671769100,65137536868
2012-07-13,2441.01,2450.63,2467.99,2438.98,3672525600,42013581196
2012-07-16,2452.59,2399.73,2452.59,2399.61,4277187000,45844882072
2012-07-17,2391.9,2414.2,2421.93,2391.28,3342432900,38285441648
2012-07-18,2412.06,2414.34,2420.78,2373.65,4175178800,44325492550
2012-07-19,2407.44,2424.32,2444.06,2401.29,4694905200,47704038961
2012-07-20,2415.71,2398.45,2423.8,2392.18,3761975400,36683623955
2012-07-23,2379.89,2365.43,2379.89,2357.51,3239036900,33178928582
2012-07-24,2353.22,2375.99,2392.35,2352.8,3031007900,31149105846
2012-07-25,2368.38,2360.08,2381.04,2357.47,2489650100,25730598144
2012-07-26,2360.13,2347.49,2374.87,2344.7,3131409400,31326395007
2012-07-27,2353.94,2349.11,2364.98,2341.29,3109052500,33048182067
2012-07-30,2350.78,2335.79,2367.03,2334.0,3048485100,29907972257
2012-07-31,2336.88,2332.92,2350.07,2329.51,3209972300,31196332451
2012-08-01,2332.13,2358.65,2371.12,2331.95,3142084800,31277764382
2012-08-02,2354.07,2334.88,2358.56,2325.61,3151615900,29751166648
2012-08-03,2340.25,2353.74,2354.16,2329.93,2976978500,31106947335
2012-08-06,2350.12,2385.61,2388.36,2348.12,4182066500,43686686303
2012-08-07,2383.26,2388.87,2390.78,2379.45,3828548900,40403711505
2012-08-08,2390.96,2389.8,2405.18,2382.82,3781045100,41340862162
2012-08-09,2388.43,2411.7,2412.14,2378.85,3565895100,43256096919
2012-08-10,2409.94,2399.75,2413.42,2395.91,3470299500,40699222527
2012-08-13,2394.5,2351.93,2394.5,2350.81,4478354600,46249676189
2012-08-14,2352.66,2357.02,2357.85,2324.91,3985006600,42404687531
2012-08-15,2350.02,2331.61,2350.02,2330.15,3058017600,30332554840
2012-08-16,2327.91,2319.67,2335.4,2317.06,2590290500,27076003542
2012-08-17,2318.43,2313.48,2322.89,2295.16,2606571700,28629966797
2012-08-20,2294.9,2301.79,2307.41,2279.95,2740203300,27174816852
2012-08-21,2301.93,2313.7,2327.38,2296.55,3489510000,34757869338
2012-08-22,2315.14,2295.59,2317.37,2285.76,3170841200,31547519179
2012-08-23,2298.18,2302.2,2311.65,2285.37,3133534200,33789603948
2012-08-24,2295.68,2275.68,2299.3,2274.57,3186959100,32986336544
2012-08-27,2268.49,2228.2,2268.49,2228.15,3738619100,35384156112
2012-08-28,2226.9,2238.41,2250.6,2222.0,3377361500,30331076332
2012-08-29,2230.2,2214.81,2240.11,2214.43,2901064800,27396186648
2012-08-30,2204.51,2211.37,2223.2,2188.72,3549131000,33867206099
2012-08-31,2205.57,2204.87,2218.87,2203.12,2596498600,23340891008
2012-09-03,2201.12,2228.37,2236.56,2197.71,3854859200,35299176728
2012-09-04,2231.72,2204.41,2234.88,2199.51,3485268800,33220203922
2012-09-05,2199.74,2199.88,2209.54,2186.96,3475182400,30445168179
2012-09-06,2204.44,2217.82,2218.68,2199.86,3169588400,26873315868
2012-09-07,2233.91,2317.18,2341.52,2233.91,9452976400,84302249171
2012-09-10,2320.56,2326.67,2334.5,2313.57,6533055400,63252038538
2012-09-11,2316.53,2311.89,2316.53,2294.82,4626071900,43389766043
2012-09-12,2325.93,2320.07,2337.2,2298.3,4962251800,46485174475
2012-09-13,2316.68,2298.46,2325.53,2298.37,4204984900,38023998305
2012-09-14,2324.01,2315.54,2332.42,2298.83,6157181400,55438612876
2012-09-17,2312.05,2258.7,2314.99,2258.18,4898473400,43753169666
2012-09-18,2249.43,2235.24,2253.14,2228.04,3322869600,30171497189
2012-09-19,2237.22,2246.24,2249.24,2229.49,3434970600,32607010935
2012-09-20,2236.19,2195.95,2236.19,2194.22,4254577900,38385856464
2012-09-21,2190.33,2199.06,2217.47,2186.53,3812059300,34043368088
2012-09-24,2183.97,2215.52,2225.8,2172.88,3750168600,33608761246
2012-09-25,2209.97,2210.15,2225.33,2202.38,2787701900,26677064455
2012-09-26,2208.91,2184.89,2216.82,2181.08,2745462600,24918916453
2012-09-27,2186.0,2251.72,2266.3,2185.77,5301690000,48210577766
2012-09-28,2235.06,2293.11,2297.03,2234.32,5787582500,54431465854
2012-10-08,2291.96,2270.05,2305.18,2258.11,3553442400,33915840250
2012-10-09,2281.75,2320.16,2327.73,2281.75,5254888700,48330196363
2012-10-10,2314.59,2324.12,2325.75,2304.61,4268623800,37873996221
2012-10-11,2315.9,2302.53,2321.35,2300.93,4130065500,36172963459
2012-10-12,2311.28,2304.53,2332.15,2287.01,3687414500,33205903773
2012-10-15,2306.01,2294.86,2307.88,2278.46,2865174600,28569021615
2012-10-16,2293.24,2298.16,2315.45,2287.59,3205967900,32705140504
2012-10-17,2307.36,2300.8,2312.17,2280.82,3334940900,31270899032
2012-10-18,2307.49,2336.08,2341.12,2305.88,5061510000,45050292530
2012-10-19,2335.11,2332.47,2342.53,2328.73,3592773200,33173031578
2012-10-22,2320.47,2341.59,2347.89,2315.89,3436828600,32815273277
2012-10-23,2340.89,2312.08,2344.04,2309.25,3722127200,33716876575
2012-10-24,2303.4,2307.78,2321.43,2302.17,3754244500,30392377974
2012-10-25,2306.73,2291.24,2322.92,2288.6,4435153100,33183528714
2012-10-26,2291.31,2247.91,2293.18,2237.06,4090051900,34530067051
2012-10-29,2241.8,2235.85,2248.14,2227.65,2758132500,25328650697
2012-10-30,2236.32,2239.88,2257.95,2231.78,3408312500,29516628523
2012-10-31,2241.43,2254.82,2256.09,2233.68,3716979500,30634360248
2012-11-01,2256.61,2297.88,2305.63,2256.41,5076172900,45602138249
2012-11-02,2297.9,2306.77,2309.67,2284.72,3983328800,34893875754
2012-11-05,2302.74,2301.88,2318.23,2290.14,3951037200,33663152794
2012-11-06,2301.98,2292.21,2304.05,2260.51,3928062700,34473381993
2012-11-07,2288.76,2287.51,2300.89,2277.02,3306740300,30278449435
2012-11-08,2269.58,2245.41,2275.4,2245.4,3542647500,30411864845
2012-11-09,2241.76,2240.92,2252.2,2235.23,3050696800,24374277793
2012-11-12,2242.96,2251.85,2254.7,2232.74,3472168500,29040821378
2012-11-13,2250.84,2212.44,2250.84,2208.72,3408370400,28818451577
2012-11-14,2213.09,2223.11,2225.12,2206.0,2675879000,23592323468
2012-11-15,2210.75,2193.62,2220.99,2193.52,2831915100,23778694920
2012-11-16,2189.51,2177.24,2191.61,2162.98,3024778600,26118247405
2012-11-19,2175.18,2174.99,2176.49,2149.54,2697866600,26737221714
2012-11-20,2180.2,2164.88,2184.33,2163.53,2394891600,22999196160
2012-11-21,2165.41,2194.9,2195.46,2151.38,3050848200,27121949931
2012-11-22,2181.18,2177.55,2185.58,2169.66,2291235100,21536153037
2012-11-23,2184.41,2192.68,2202.47,2179.73,2866749300,26307630050
2012-11-26,2187.24,2175.6,2191.36,2172.1,2474269600,22231498412
2012-11-27,2168.59,2150.64,2173.46,2150.22,3194674600,26149735216
2012-11-28,2142.5,2129.16,2144.8,2126.03,3000933900,24423321714
2012-11-29,2128.8,2115.68,2140.88,2114.48,2967062500,24016256021
2012-11-30,2114.24,2139.66,2142.86,2109.96,3640691100,28552066162
2012-12-03,2136.7,2108.85,2152.61,2108.15,4018676200,34173653616
2012-12-04,2104.93,2131.47,2135.66,2102.14,3622591500,31732336903
2012-12-05,2128.39,2207.88,2219.09,2126.79,8248710300,69109050480
2012-12-06,2205.61,2203.6,2216.98,2191.23,4857468900,42758570153
2012-12-07,2203.89,2246.76,2250.53,2198.11,7616974800,64996499283
2012-12-10,2254.91,2271.05,2276.28,2250.44,7337547500,61399772028
2012-12-11,2263.21,2258.5,2274.99,2254.3,5146870300,45087981874
2012-12-12,2257.73,2267.77,2273.21,2247.95,4500645400,39182538242
2012-12-13,2260.6,2242.64,2266.72,2242.56,4194210000,36665684856
2012-12-14,2245.64,2355.86,2357.11,2245.64,11089256200,93934741143
2012-12-17,2359.2,2366.7,2380.0,2358.66,9408819500,85000820332
2012-12-18,2361.09,2368.12,2398.63,2347.08,8578484900,78802837302
2012-12-19,2362.8,2371.11,2387.14,2358.03,6329253000,61140748228
2012-12-20,2361.32,2384.82,2391.92,2346.55,6565546200,63028692015
2012-12-21,2386.38,2372.0,2414.22,2365.03,6871415800,66887708129
2012-12-24,2368.01,2381.22,2396.72,2367.04,5308700400,54121541302
2012-12-25,2373.88,2448.39,2459.3,2365.41,9550235000,89877770350
2012-12-26,2445.99,2457.62,2458.01,2441.64,7159182800,68406242066
2012-12-27,2464.78,2444.59,2479.79,2443.68,7325506700,69327603833
2012-12-28,2448.08,2480.05,2481.59,2444.38,6716632100,66053288179
2012-12-31,2485.56,2522.95,2522.95,2485.56,8200229300,81149079560
2013-01-04,2551.81,2524.41,2558.53,2498.89,9798818200,95579245007
2013-01-07,2518.05,2535.99,2545.97,2511.6,7516799300,73167512509
2013-01-08,2534.65,2525.33,2540.51,2502.49,7183710000,76498061772
2013-01-09,2518.1,2526.13,2534.24,2504.3,7023117000,74233596955
2013-01-10,2525.59,2530.57,2553.35,2513.73,7108586200,71159045499
2013-01-11,2533.49,2483.23,2539.79,2473.7,7423917600,72775921987
2013-01-14,2474.18,2577.72,2583.63,2474.0,9355409100,96853471373
2013-01-15,2579.13,2595.86,2605.41,2576.92,9862080500,101356961358
2013-01-16,2591.36,2577.09,2600.09,2540.52,9353608400,95564995007
2013-01-17,2570.71,2552.76,2575.06,2539.67,6991523900,71716118533
2013-01-18,2568.69,2595.44,2607.45,2553.45,7794030300,77435163470
2013-01-21,2605.65,2610.9,2611.2,2582.65,8413374200,85357442058
2013-01-22,2610.39,2596.9,2620.03,2578.18,10576627500,102261160399
2013-01-23,2588.2,2607.46,2611.41,2576.36,7573944400,72758926411
2013-01-24,2606.43,2582.76,2663.4,2564.21,11127717200,109537680297
2013-01-25,2580.88,2571.67,2591.51,2567.11,5848735900,60689373994
2013-01-28,2577.27,2651.86,2651.97,2577.27,9127479000,98173275704
2013-01-29,2655.38,2675.87,2685.53,2646.15,10104022900,108827009893
2013-01-30,2678.43,2688.71,2689.68,2662.06,9987499000,100856652553
2013-01-31,2690.95,2686.88,2696.88,2671.33,9674010100,94476820552
2013-02-01,2677.19,2743.32,2744.32,2671.27,10387951500,110560933901
2013-02-04,2753.69,2748.03,2768.5,2731.08,12793917900,136119589827
2013-02-05,2727.93,2771.68,2779.95,2725.36,11613081900,112701171610
2013-02-06,2771.91,2775.84,2787.46,2765.74,8277927100,88989578113
2013-02-07,2771.53,2759.87,2775.97,2722.87,8997814200,95978595584
2013-02-08,2755.65,2771.72,2791.3,2747.95,7742964400,82903631783
2013-02-18,2784.07,2737.47,2787.74,2731.51,7643822700,81001366822
2013-02-19,2735.05,2685.61,2740.74,2674.34,8062643100,82460808230
2013-02-20,2686.09,2702.64,2703.1,2665.23,7001937700,73636360656
2013-02-21,2675.74,2610.55,2675.74,2584.76,10065798400,103619498796
2013-02-22,2607.65,2596.6,2618.48,2591.15,6020485200,65899100176
2013-02-25,2607.15,2604.96,2628.7,2590.79,5316194200,55614493314
2013-02-26,2587.38,2567.59,2631.09,2564.67,8000306500,83373960556
2013-02-27,2576.05,2594.68,2615.25,2569.38,6322674300,64612274221
2013-02-28,2611.94,2673.33,2673.71,2594.0,8692259500,92235377254
2013-03-01,2671.84,2668.84,2680.85,2626.99,7334375300,80342747703
2013-03-04,2619.42,2545.72,2619.57,2528.69,11061910300,112585043728
2013-03-05,2547.89,2622.81,2623.17,2541.77,8966115200,92357133815
2013-03-06,2634.87,2650.2,2658.14,2620.43,9582965200,95048891279
2013-03-07,2639.78,2619.48,2658.97,2592.87,9408266600,96498095994
2013-03-08,2622.68,2606.93,2632.62,2601.96,5942955700,63054592405
2013-03-11,2600.28,2592.37,2611.65,2574.17,5094643600,52460900851
2013-03-12,2590.39,2555.61,2619.51,2530.25,7193514100,71675127580
2013-03-13,2551.73,2527.49,2556.77,2515.06,5643046000,56003723639
2013-03-14,2517.74,2534.27,2546.7,2514.46,4760575600,49929775447
2013-03-15,2533.72,2539.87,2600.09,2504.46,8137218500,82749877355
2013-03-18,2526.08,2502.49,2544.62,2499.83,5981277800,63093556699
2013-03-19,2507.4,2525.1,2532.07,2491.85,5453647600,55601011985
2013-03-20,2526.97,2610.17,2610.17,2526.83,9070062200,91271022200
2013-03-21,2611.58,2614.99,2626.54,2598.51,6955275600,71642665537
2013-03-22,2612.26,2618.31,2625.53,2603.34,5564714100,55882142445
2013-03-25,2628.41,2613.1,2641.61,2607.61,5626140200,58004930851
2013-03-26,2601.96,2575.05,2607.36,2554.97,6396296100,65306571624
2013-03-27,2575.73,2583.53,2611.94,2566.34,5690651700,58652246310
2013-03-28,2535.99,2499.3,2535.99,2495.08,8757840500,84725899121
2013-03-29,2502.78,2495.08,2509.11,2482.49,5240213700,52055540480
2013-04-01,2486.43,2493.19,2507.82,2483.73,4734602200,47159820558
2013-04-02,2495.84,2486.39,2524.46,2475.0,5568415200,55637391748
2013-04-03,2493.88,2483.55,2507.14,2474.93,4556422100,45156719409
2013-04-08,2443.24,2472.3,2473.31,2429.5,5329677200,55249297714
2013-04-09,2477.29,2489.43,2505.29,2477.29,5238982400,54947035592
2013-04-10,2487.98,2485.31,2495.57,2466.19,4750491300,51963820632
2013-04-11,2502.5,2477.88,2508.59,2476.4,4298995800,43039949368
2013-04-12,2476.32,2462.11,2489.12,2460.18,3991727800,40428047827
2013-04-15,2453.97,2436.82,2461.67,2430.15,4653973400,44084843341
2013-04-16,2419.51,2459.59,2461.05,2416.62,5528061300,53783255198
2013-04-17,2457.88,2458.47,2465.2,2437.34,4469216400,46800831850
2013-04-18,2440.71,2464.85,2478.41,2434.73,4286070700,46270137159
2013-04-19,2469.95,2533.83,2542.45,2469.32,7552087600,76723675264
2013-04-22,2525.11,2530.67,2539.05,2518.26,6251188300,63027024091
2013-04-23,2532.2,2449.47,2532.2,2448.2,6065398200,61576157889
2013-04-24,2452.78,2495.58,2511.2,2446.59,6305091600,62189421706
2013-04-25,2486.86,2467.88,2505.48,2456.57,6055792700,59891284466
2013-04-26,2477.72,2447.31,2488.59,2439.8,4712337800,46351986661
2013-05-02,2434.6,2449.64,2453.75,2423.08,4701608800,47200448204
2013-05-03,2457.54,2492.91,2521.12,2457.54,6233009100,63267042656
2013-05-06,2502.98,2525.98,2533.86,2500.45,6041878000,61767951099
2013-05-07,2519.36,2529.94,2539.3,2507.76,5449064300,59244949469
2013-05-08,2542.27,2542.8,2562.01,2531.25,5955429400,60309148841
2013-05-09,2542.37,2527.79,2543.3,2507.79,6024014500,64438292561
2013-05-10,2519.52,2540.84,2546.97,2515.16,4881672800,50896689221
2013-05-13,2542.41,2530.77,2547.6,2516.73,5409214700,55155093224
2013-05-14,2526.0,2493.34,2526.14,2479.87,5488006400,56144573527
2013-05-15,2493.97,2506.93,2507.43,2491.93,4418966000,47578585624
2013-05-16,2501.12,2552.71,2553.06,2487.76,7079618200,76830436307
2013-05-17,2550.45,2592.05,2598.71,2547.78,8185080100,83599367908
2013-05-20,2597.15,2609.61,2627.62,2590.05,8633780300,94059415836
2013-05-21,2607.39,2614.85,2617.4,2594.25,7150599400,75837813846
2013-05-22,2613.41,2618.03,2630.07,2603.75,7419181700,78224126421
2013-05-23,2604.93,2582.85,2624.08,2579.35,8482537000,81359908175
2013-05-24,2591.42,2597.23,2608.35,2572.88,6073966900,62831235051
2013-05-27,2593.52,2599.59,2611.97,2589.74,6419508000,66701652802
2013-05-28,2600.63,2644.36,2644.36,2585.9,8419611200,86756736777
2013-05-29,2648.93,2642.56,2661.23,2640.88,7927770900,81953853231
2013-05-30,2633.95,2634.32,2647.44,2623.58,7014636800,71045065872
2013-05-31,2638.71,2606.43,2645.57,2604.75,6252853300,65904433688
2013-06-03,2605.97,2602.62,2625.94,2596.05,5977446800,63008705172
2013-06-04,2600.5,2565.67,2600.5,2556.06,6631575000,63139420045
2013-06-05,2565.33,2560.54,2570.03,2545.19,4563719300,47367057838
2013-06-06,2552.82,2527.84,2557.68,2525.31,5249652900,54448113429
2013-06-07,2526.91,2484.16,2538.89,2475.69,6103089400,61366173745
2013-06-13,2448.72,2399.94,2448.72,2375.2,6973006600,64081598112
2013-06-14,2404.42,2416.77,2420.36,2396.49,5596453400,53686779328
2013-06-17,2422.76,2403.84,2427.53,2394.39,5039571100,51983757469
2013-06-18,2413.09,2418.74,2424.2,2393.32,4863037900,48792090467
2013-06-19,2408.28,2400.76,2408.28,2366.35,5434626000,52979991053
2013-06-20,2386.1,2321.47,2386.1,2320.23,5520102000,52171735063
2013-06-21,2283.15,2317.39,2332.84,2269.57,5870579800,53486132980
2013-06-24,2308.07,2171.21,2308.07,2164.32,8659725900,73731930536
2013-06-25,2146.05,2165.42,2169.21,2023.17,10755488200,87090393952
2013-06-26,2170.33,2168.3,2181.02,2131.86,7925642600,67298430249
2013-06-27,2172.85,2160.74,2200.21,2153.18,7540675300,62927082416
2013-06-28,2149.03,2200.64,2227.46,2139.37,7945132700,64106048718
2013-07-01,2187.09,2213.32,2213.97,2166.35,5772622700,51874735216
2013-07-02,2211.8,2221.98,2226.11,2191.8,6183885000,59632902046
2013-07-03,2211.04,2203.83,2211.04,2169.14,6583602200,59536760190
2013-07-04,2187.18,2221.98,2245.91,2176.08,7258114500,67189379203
2013-07-05,2227.35,2226.85,2252.03,2225.05,6182177500,58424400611
2013-07-08,2194.42,2163.62,2205.21,2162.19,5478249300,49288252039
2013-07-09,2160.7,2162.67,2174.79,2149.79,4149443300,37246189870
2013-07-10,2163.1,2224.07,2224.14,2157.47,6114978100,54373757823
2013-07-11,2232.16,2326.69,2351.22,2232.16,12579319200,111329812773
2013-07-12,2319.02,2275.37,2331.99,2274.07,8973308200,82064555657
2013-07-15,2289.76,2307.3,2336.04,2274.67,7475788400,71796189674
2013-07-16,2300.83,2317.85,2317.85,2281.94,6562415700,62085631916
2013-07-17,2311.44,2282.84,2326.93,2281.61,6765524800,63229061677
2013-07-18,2272.95,2245.33,2282.43,2241.93,5714429200,51937235147
2013-07-19,2248.13,2190.48,2257.92,2188.75,7053528200,66179072656
2013-07-22,2170.09,2202.19,2203.06,2159.81,5328349500,48872947253
2013-07-23,2211.59,2265.84,2276.74,2206.76,7480973100,69255423111
2013-07-24,2253.38,2249.15,2265.58,2217.19,6959230700,69279825849
2013-07-25,2255.22,2237.68,2268.84,2227.85,6577431600,60558362762
2013-07-26,2226.43,2224.01,2238.42,2209.81,4894109800,45636069902
2013-07-29,2205.08,2175.97,2205.08,2169.02,5460092500,49624613440
2013-07-30,2184.01,2189.39,2221.59,2162.98,5519362300,50907227289
2013-07-31,2211.75,2193.02,2235.38,2187.21,4832705500,46723493389
2013-08-01,2206.0,2245.36,2245.56,2200.63,6260399700,58944765673
2013-08-02,2263.49,2247.26,2274.71,2244.25,6089089300,58459999450
2013-08-05,2249.98,2278.33,2278.33,2243.22,5534215100,53623068581
2013-08-06,2270.67,2293.64,2302.48,2256.72,7374689500,68993574807
2013-08-07,2292.38,2280.62,2313.88,2276.86,7304869500,69560482114
2013-08-08,2277.25,2276.78,2297.63,2267.07,5309843000,52710276666
2013-08-09,2288.51,2286.01,2301.59,2258.33,6460001700,62663979060
2013-08-12,2296.22,2352.79,2352.89,2293.18,9786321600,94038910336
2013-08-13,2352.88,2359.07,2360.83,2340.73,7839363600,71178520240
2013-08-14,2362.62,2349.08,2386.6,2340.83,7594212800,71338219589
2013-08-15,2348.84,2321.58,2362.09,2319.78,6195185300,59411203587
2013-08-16,2314.26,2304.14,2423.08,2295.02,12036956300,104026773370
2013-08-19,2286.2,2331.43,2340.19,2284.08,7248322400,67064925390
2013-08-20,2325.86,2312.47,2353.41,2303.67,7308634500,67589707172
2013-08-21,2320.58,2308.59,2321.64,2291.05,5500738400,50886495497
2013-08-22,2302.67,2303.93,2329.14,2297.02,5533810400,51686310590
2013-08-23,2314.87,2286.93,2321.04,2251.92,6896713300,65459845296
2013-08-26,2294.76,2335.62,2336.38,2288.5,7037104300,66541009856
2013-08-27,2332.8,2340.88,2345.11,2322.46,6599033300,62575377643
2013-08-28,2326.1,2328.06,2345.36,2307.04,8925617400,80965562365
2013-08-29,2338.56,2318.31,2342.32,2308.14,6608541500,59719882399
2013-08-30,2315.91,2313.91,2334.41,2303.61,8765451500,76695994654
2013-09-02,2319.96,2320.34,2329.87,2297.45,7951024900,73575869316
2013-09-03,2326.23,2354.5,2354.86,2321.3,8055400500,72663978650
2013-09-04,2352.54,2350.7,2360.66,2345.44,7872576300,68509013842
2013-09-05,2350.93,2341.74,2351.22,2336.75,6295138300,59606065186
2013-09-06,2336.77,2357.78,2361.18,2335.93,7334011600,63916893626
2013-09-09,2374.26,2440.61,2449.25,2372.69,14988964000,127299546171
2013-09-10,2446.45,2474.89,2475.2,2435.83,15485599200,130648129418
2013-09-11,2483.79,2482.89,2504.47,2471.62,16691497400,142830288492
2013-09-12,2480.47,2507.45,2527.38,2469.72,14517317500,126115528291
2013-09-13,2502.54,2488.9,2515.78,2481.45,11077504900,98275004927
2013-09-16,2501.08,2478.39,2503.69,2467.13,10538328200,97043842349
2013-09-17,2480.81,2427.32,2481.71,2426.46,9945998200,93115107921
2013-09-18,2426.04,2432.51,2439.63,2407.24,7104075900,69341324599
2013-09-23,2441.52,2472.29,2473.16,2439.99,8012835200,80920687856
2013-09-24,2470.72,2443.89,2470.75,2420.09,9785301300,96769831421
2013-09-25,2440.84,2429.03,2455.04,2423.28,9051841800,89119216662
2013-09-26,2422.63,2384.44,2422.63,2382.53,8623677000,84183923178
2013-09-27,2382.22,2394.97,2402.2,2379.86,6597150800,66383990191
2013-09-30,2406.2,2409.04,2415.07,2397.22,5951399200,60990141884
2013-10-08,2406.41,2441.81,2446.7,2392.57,8478550600,84229908920
2013-10-09,2432.94,2453.58,2453.75,2424.77,7627764500,76128340887
2013-10-10,2455.64,2429.32,2455.98,2422.02,9032970600,89468020274
2013-10-11,2442.36,2468.51,2471.16,2439.63,9338826100,91811541654
2013-10-14,2472.27,2472.54,2483.13,2462.55,10008130100,99109155920
2013-10-15,2475.32,2467.52,2479.13,2449.42,8917349600,86100822006
2013-10-16,2459.08,2421.37,2459.08,2409.72,8897983400,83150844984
2013-10-17,2432.64,2413.33,2440.92,2407.78,7122247400,67722892391
2013-10-18,2415.12,2426.05,2435.71,2410.6,6029163000,59138754367
2013-10-21,2431.91,2471.32,2472.78,2423.56,8490979500,82223144817
2013-10-22,2470.26,2445.89,2470.26,2439.86,9070302900,83412053857
2013-10-23,2451.56,2418.49,2474.37,2412.48,9154535500,83286778556
2013-10-24,2412.24,2400.51,2422.94,2395.47,6456082100,60427235951
2013-10-25,2400.52,2368.56,2413.33,2353.99,7707018200,70778094834
2013-10-28,2372.57,2365.95,2377.25,2351.86,6287615200,56602098405
2013-10-29,2369.22,2372.05,2408.62,2327.9,10673783300,91741559592
2013-10-30,2371.85,2407.47,2407.85,2365.51,9217812600,75735067216
2013-10-31,2398.39,2373.72,2398.39,2370.23,8273696400,70393879838
2013-11-01,2373.96,2384.96,2395.01,2365.15,6305576200,57820026665
2013-11-04,2397.21,2380.45,2404.9,2376.36,5179846100,48959462043
2013-11-05,2366.88,2383.77,2385.69,2343.8,6208448800,56935549943
2013-11-06,2371.32,2353.57,2383.54,2352.79,6377666300,59536872794
2013-11-07,2351.87,2340.55,2356.67,2328.25,5482174700,50942569626
2013-11-08,2329.08,2307.95,2342.67,2306.04,5378850800,48564999878
2013-11-11,2305.94,2315.89,2325.23,2295.0,4573945700,42566548184
2013-11-12,2319.36,2340.0,2342.53,2316.6,5268754500,49854763423
2013-11-13,2325.36,2288.12,2325.56,2287.55,5984883100,53183050105
2013-11-14,2291.27,2304.5,2305.7,2279.01,5731035600,51945077793
2013-11-15,2306.55,2350.73,2377.21,2306.55,8639177100,83147858433
2013-11-18,2367.88,2428.9,2429.57,2361.04,11003463300,108549512988
2013-11-19,2427.93,2412.16,2427.93,2405.08,7864829600,79884936328
2013-11-20,2428.77,2424.85,2435.43,2406.42,7229180100,67741428196
2013-11-21,2412.45,2409.99,2415.38,2382.88,8770667700,82220527035
2013-11-22,2415.29,2397.96,2419.0,2393.58,7500067500,70052206585
2013-11-25,2385.78,2388.63,2418.85,2380.69,6614473400,63811265014
2013-11-26,2387.83,2387.42,2399.02,2380.41,5918586400,53334204356
2013-11-27,2386.36,2414.48,2422.81,2383.78,7529408800,70744775407
2013-11-28,2419.15,2439.53,2460.56,2417.24,9066040600,86852445384
2013-11-29,2442.68,2438.94,2446.39,2432.39,6180374600,61907374173
2013-12-02,2423.97,2418.79,2464.86,2397.01,11965512300,112921841120
2013-12-03,2410.69,2442.78,2448.33,2406.66,7445575200,72045234174
2013-12-04,2439.82,2475.14,2486.64,2434.69,10265023500,94783931336
2013-12-05,2476.45,2468.2,2481.75,2460.58,7770893200,72999931131
2013-12-06,2463.04,2452.29,2470.81,2445.62,6611408900,64843207895
2013-12-09,2460.03,2450.87,2468.95,2445.94,5716488400,57634539131
2013-12-10,2456.23,2453.32,2466.66,2444.53,6694142400,61236728790
2013-12-11,2440.5,2412.76,2440.5,2400.74,6807514400,62808851026
2013-12-12,2406.77,2410.01,2423.31,2402.77,5014771900,47481447335
2013-12-13,2388.66,2406.64,2416.26,2386.25,5150119600,47583527668
2013-12-16,2408.68,2367.92,2412.73,2367.43,6458167400,62107893611
2013-12-17,2369.26,2356.38,2373.29,2351.18,4848389100,46306075570
2013-12-18,2356.7,2357.23,2368.58,2350.45,4001520700,39675269794
2013-12-19,2366.2,2332.41,2370.99,2331.19,4809568000,45148866928
2013-12-20,2335.05,2278.14,2338.88,2278.1,6520420700,60862129503
2013-12-23,2283.8,2284.6,2295.76,2259.57,4558028500,44415342954
2013-12-24,2291.13,2288.25,2312.83,2270.24,4559916800,45173191422
2013-12-25,2291.75,2305.11,2305.61,2281.6,4400532600,41202984186
2013-12-26,2299.97,2265.33,2301.49,2263.92,5149756300,48603013700
2013-12-27,2268.53,2303.48,2315.18,2264.39,5338915700,51197946376
2013-12-30,2313.38,2299.46,2316.62,2295.64,4841430800,46156442661
2013-12-31,2289.01,2330.03,2333.07,2287.12,5663107000,57026486218
2014-01-02,2323.43,2321.98,2325.99,2310.65,4519429100,49012211124
2014-01-03,2311.97,2290.78,2314.84,2280.89,5978264500,57739709924
2014-01-06,2286.37,2238.64,2286.37,2229.33,6630040300,59979360128
2014-01-07,2222.31,2238.0,2246.79,2218.65,4375310300,42565648108
2014-01-08,2240.64,2241.91,2262.58,2228.42,5134885400,50691488898
2014-01-09,2236.97,2222.22,2258.89,2220.8,5598704100,54399491333
2014-01-10,2216.52,2204.85,2224.49,2200.22,5416929300,47572309533
2014-01-13,2207.0,2193.68,2222.07,2183.6,5012277200,46123003754
2014-01-14,2192.84,2212.85,2214.12,2179.91,5404994700,46785099888
2014-01-15,2210.02,2208.94,2215.9,2193.8,4896239500,45755914348
2014-01-16,2209.45,2211.84,2227.26,2201.56,5229890200,49842784005
2014-01-17,2203.82,2178.49,2205.97,2175.88,5027315500,46268159163
2014-01-20,2173.65,2165.99,2182.46,2156.46,4056015400,39157227541
2014-01-21,2168.42,2187.41,2197.92,2168.42,4030624700,38590992772
2014-01-22,2190.43,2243.8,2244.13,2187.53,7064137500,64803357078
2014-01-23,2242.24,2231.89,2248.92,2228.06,5634595100,55726417393
2014-01-24,2225.76,2245.68,2257.36,2222.89,6116767000,59563444873
2014-01-27,2233.01,2215.92,2233.23,2211.8,7034424600,63503992484
2014-01-28,2220.78,2219.86,2233.26,2205.97,5326913000,49408754555
2014-01-29,2225.71,2227.78,2233.06,2219.93,5022271700,48788682770
2014-01-30,2223.16,2202.45,2223.16,2200.22,4363230400,43475960839
2014-02-07,2187.34,2212.48,2212.5,2177.12,5045931500,49597106433
2014-02-10,2221.54,2267.53,2270.19,2221.54,8306571600,81103244127
2014-02-11,2267.74,2285.56,2296.52,2262.6,9922982900,92688969126
2014-02-12,2286.19,2291.25,2294.32,2276.44,7659216100,73487379679
2014-02-13,2288.45,2279.55,2307.47,2278.26,9621778900,87352124305
2014-02-14,2278.4,2295.57,2295.85,2274.43,6708299700,64613327719
2014-02-17,2308.79,2311.65,2315.58,2293.55,8783166600,86871352624
2014-02-18,2310.31,2282.44,2310.31,2276.11,8704974300,88107267954
2014-02-19,2280.93,2308.66,2317.42,2274.15,9935256100,88341900374
2014-02-20,2314.09,2287.44,2331.7,2286.2,10643953300,91771595713
2014-02-21,2284.03,2264.29,2287.87,2250.65,7636899300,69908188663
2014-02-24,2246.72,2214.51,2246.72,2194.16,8921593900,79599146389
2014-02-25,2216.51,2157.91,2225.21,2150.09,9323755100,88306571728
2014-02-26,2147.74,2163.41,2164.7,2137.08,7799329700,68640581126
2014-02-27,2170.81,2154.11,2180.06,2150.14,9010429600,81587999653
2014-02-28,2149.45,2178.97,2180.47,2133.55,7666805700,70216798972
2014-03-03,2173.91,2190.37,2194.22,2167.91,8207231400,69408739897
2014-03-04,2183.86,2184.27,2188.6,2161.59,7306925000,64691438035
2014-03-05,2187.35,2163.98,2189.09,2159.59,6133201500,55669679402
2014-03-06,2159.4,2173.63,2181.43,2136.45,6909376700,61495023657
2014-03-07,2170.04,2168.36,2189.39,2161.44,6426517700,58693177974
2014-03-10,2149.68,2097.79,2149.68,2095.07,7141640700,63086412572
2014-03-11,2092.61,2108.66,2118.79,2088.73,5762124300,53075782462
2014-03-12,2102.8,2114.13,2130.59,2090.76,7006974700,60115239174
2014-03-13,2119.55,2140.33,2149.44,2115.99,6922602800,59163094375
2014-03-14,2129.87,2122.84,2140.38,2109.57,5861773700,49805247510
2014-03-17,2132.79,2143.04,2143.2,2118.95,5240944500,47571288733
2014-03-18,2146.12,2138.13,2152.46,2134.92,5535413200,54188441365
2014-03-19,2131.28,2120.87,2131.28,2101.28,5930390500,55283943974
2014-03-20,2116.18,2086.97,2134.79,2086.5,6763128500,58951601970
2014-03-21,2079.87,2158.8,2163.22,2077.76,10402480700,83560511769
2014-03-24,2161.9,2176.55,2186.73,2150.87,10449198400,81203913733
2014-03-25,2170.78,2174.44,2191.49,2164.67,8687751000,67548473561
2014-03-26,2181.23,2171.05,2186.08,2165.22,5827617600,50116023097
2014-03-27,2168.34,2155.71,2186.89,2146.92,7127513200,62175860350
2014-03-28,2154.51,2151.97,2172.67,2144.58,7008607300,60123341093
2014-03-31,2156.05,2146.3,2165.25,2134.42,5545748800,48105020054
2014-04-01,2143.72,2163.11,2170.09,2141.15,4886640300,43659064291
2014-04-02,2166.07,2180.73,2182.68,2164.01,6503925700,56777151867
2014-04-03,2188.64,2165.01,2196.14,2160.75,7153603200,57708859685
2014-04-04,2157.98,2185.47,2186.15,2155.28,4794588800,43912624261
2014-04-08,2179.92,2237.32,2243.97,2178.91,9721911700,85692893370
2014-04-09,2239.79,2238.62,2246.79,2228.99,6635726800,61178630422
2014-04-10,2241.45,2273.76,2290.74,2229.51,11454540500,101616815025
2014-04-11,2269.57,2270.67,2281.11,2261.13,9061589700,86154853765
2014-04-14,2267.94,2268.61,2275.83,2255.46,6226499800,60254151500
2014-04-15,2261.41,2229.46,2261.47,2225.68,6821813000,62599115638
2014-04-16,2223.47,2232.53,2245.32,2221.15,5167801000,47770218198
2014-04-17,2238.78,2224.8,2241.62,2221.95,4833362800,45096433749
2014-04-18,2215.88,2224.48,2228.77,2203.05,5075799500,45709617096
2014-04-21,2209.94,2187.25,2231.71,2186.76,5627828000,51856112765
2014-04-22,2184.02,2196.8,2196.85,2165.07,5709469400,52351993061
2014-04-23,2191.23,2194.67,2205.59,2187.39,4776353100,45191150830
2014-04-24,2192.77,2190.47,2209.45,2186.76,4505891100,41927012945
2014-04-25,2195.82,2167.83,2201.71,2167.64,6024538300,52092022381
2014-04-28,2165.77,2134.97,2171.39,2132.7,6048518700,49998809829
2014-04-29,2134.41,2158.47,2159.38,2131.78,4820493100,41550353157
2014-04-30,2158.76,2158.66,2164.18,2153.12,4533462400,39493022295
2014-05-05,2152.59,2156.47,2161.7,2131.23,4934407300,41470449799
2014-05-06,2151.39,2157.33,2173.62,2150.11,4808651900,41486451628
2014-05-07,2151.47,2137.32,2153.72,2136.99,4460747000,37751019661
2014-05-08,2132.04,2135.5,2168.21,2128.32,4833245200,40729772017
2014-05-09,2138.84,2133.91,2141.56,2120.59,4918113500,40242745273
2014-05-12,2150.31,2180.05,2184.33,2139.48,8347256000,66275508636
2014-05-13,2180.06,2174.85,2185.05,2167.77,6491251800,50241276089
2014-05-14,2175.09,2172.37,2184.22,2169.0,4851420600,39214123931
2014-05-15,2169.28,2144.08,2171.45,2142.34,4673403200,38938529216
2014-05-16,2143.93,2145.95,2150.5,2132.19,4225319700,34987586802
2014-05-19,2139.36,2115.14,2139.36,2105.71,4289360700,37135950607
2014-05-20,2124.71,2115.77,2131.57,2110.72,3729968300,31576339037
2014-05-21,2106.76,2135.91,2136.1,2096.51,3894604200,32246807970
2014-05-22,2134.09,2130.87,2160.91,2128.86,4625273600,39227549718
2014-05-23,2130.78,2148.41,2148.58,2128.66,3762310500,32420020159
2014-05-26,2161.89,2155.98,2165.42,2147.45,3955065600,37788482728
2014-05-27,2154.39,2147.28,2160.03,2145.75,3589717100,32374256462
2014-05-28,2147.47,2169.35,2171.17,2142.01,5005626000,45627619375
2014-05-29,2171.26,2155.16,2178.09,2154.93,4489155600,41076912680
2014-05-30,2156.38,2156.46,2166.91,2146.22,4392386300,39769199791
2014-06-03,2157.64,2149.92,2168.99,2149.29,4198295400,37906226058
2014-06-04,2149.41,2128.27,2149.45,2117.31,4181724900,35607022812
2014-06-05,2126.61,2150.6,2150.93,2123.52,3647742400,33050774675
2014-06-06,2149.21,2134.72,2149.78,2123.98,3573805800,32415599488
2014-06-09,2128.22,2134.28,2153.9,2126.66,3931106000,35326732064
2014-06-10,2138.67,2161.27,2161.53,2132.45,5050790200,44416141206
2014-06-11,2156.15,2160.77,2163.61,2152.08,4256371800,37311080748
2014-06-12,2156.76,2153.41,2160.99,2148.41,4302584300,37252041741
2014-06-13,2150.99,2176.24,2183.64,2150.57,5925287600,51765511450
2014-06-16,2176.44,2191.86,2196.34,2174.28,6329687500,56904298384
2014-06-17,2185.68,2169.67,2185.68,2168.45,4993366500,46244977817
2014-06-18,2169.25,2160.24,2172.55,2158.5,4946389700,42538095511
2014-06-19,2161.43,2126.91,2166.41,2119.5,5316264500,46029744918
2014-06-20,2124.96,2136.73,2137.03,2120.81,4239371900,35425712925
2014-06-23,2137.93,2134.11,2147.23,2132.45,4117925800,37112428752
2014-06-24,2131.69,2144.82,2145.21,2130.29,4016435600,38778505304
2014-06-25,2141.73,2133.37,2141.73,2126.03,3766610000,33809315524
2014-06-26,2135.16,2149.08,2151.11,2134.89,4435116600,40601836632
2014-06-27,2146.37,2150.26,2159.53,2138.93,5272289600,45525673947
2014-06-30,2152.31,2165.12,2168.22,2152.31,5430418800,50277570814
2014-07-01,2169.2,2164.56,2171.15,2157.13,5332310000,49936284309
2014-07-02,2164.0,2170.87,2171.51,2155.61,5968550100,53273658927
2014-07-03,2169.0,2180.19,2184.96,2164.84,6369069000,56024939299
2014-07-04,2180.45,2178.7,2183.8,2174.07,5285110600,47990033413
2014-07-07,2178.55,2176.29,2186.2,2171.08,5024233400,47663876919
2014-07-08,2174.83,2180.47,2180.78,2163.36,5074359900,46017266874
2014-07-09,2178.14,2148.71,2178.51,2148.26,6202204600,58980248398
2014-07-10,2146.6,2142.85,2151.77,2139.52,5573249700,50931668887
2014-07-11,2136.32,2148.01,2154.74,2134.8,6137427400,51551825645
2014-07-14,2149.54,2171.76,2171.9,2145.28,6615886300,60467088864
2014-07-15,2170.09,2174.98,2176.27,2165.21,7181569400,64304875149
2014-07-16,2172.82,2170.87,2183.25,2166.77,8156023000,61126054498
2014-07-17,2166.83,2157.07,2166.93,2147.08,5945356800,46354646289
2014-07-18,2147.66,2164.14,2176.32,2145.45,6547329500,53758919136
2014-07-21,2164.22,2166.3,2171.94,2158.95,5417226000,47731629577
2014-07-22,2162.44,2192.7,2197.59,2162.24,7854258300,66806114430
2014-07-23,2191.39,2197.83,2210.28,2190.55,8421387200,69177998063
2014-07-24,2199.83,2237.01,2239.82,2199.83,11943553400,99964367602
2014-07-25,2243.07,2260.45,2260.89,2239.07,9897283800,81994560081
2014-07-28,2272.38,2323.9,2331.47,2272.38,17986933300,145277424291
2014-07-29,2326.04,2331.37,2342.77,2316.22,13426964100,112176546316
2014-07-30,2324.69,2322.01,2339.04,2316.06,12302283200,103362308865
2014-07-31,2321.97,2350.25,2350.55,2316.59,11098776900,93135566963
2014-08-01,2341.23,2329.4,2371.5,2328.97,12631739000,106125190266
2014-08-04,2336.63,2375.62,2375.62,2332.14,11671375400,101301888277
2014-08-05,2376.8,2369.35,2380.77,2353.8,11186178900,97906971246
2014-08-06,2358.21,2363.22,2371.67,2334.33,11634182900,96681298733
2014-08-07,2363.61,2327.46,2369.2,2326.27,11672921000,94254453994
2014-08-08,2329.18,2331.13,2339.27,2319.29,8673969400,72605666133
2014-08-11,2338.01,2365.35,2367.0,2337.01,9160117100,82973900360
2014-08-12,2361.17,2357.05,2361.17,2344.72,9182260800,82973769642
2014-08-13,2358.46,2358.9,2370.51,2335.69,11044778900,94185266458
2014-08-14,2357.2,2335.95,2363.18,2334.08,9796949300,84251435869
2014-08-15,2337.99,2360.64,2366.9,2333.12,9359254600,81888217001
2014-08-18,2366.27,2374.56,2379.8,2361.2,10450955400,90148909855
2014-08-19,2378.89,2374.77,2379.47,2358.97,11585002000,102742759960
2014-08-20,2371.65,2366.14,2375.47,2360.84,10128808800,91374802730
2014-08-21,2365.73,2354.24,2367.46,2333.3,10069021100,92192063269
2014-08-22,2352.32,2365.36,2368.46,2350.99,8982393800,85642463757
2014-08-25,2367.02,2342.86,2367.61,2338.45,9737371700,85182493960
2014-08-26,2339.6,2324.09,2350.39,2317.18,9384422200,83135033150
2014-08-27,2323.79,2327.59,2336.74,2322.89,6767622100,62448675179
2014-08-28,2328.06,2311.28,2336.36,2309.64,7049065500,66195966855
2014-08-29,2317.3,2338.29,2338.77,2313.26,6321142300,58359967752
2014-09-01,2340.93,2355.32,2355.55,2338.53,7732087000,73362240553
2014-09-02,2359.86,2386.46,2387.66,2349.95,11443673300,106925790139
2014-09-03,2389.69,2408.84,2414.26,2389.68,12973420400,123629189433
2014-09-04,2411.93,2426.22,2427.3,2404.08,11127229800,108294703239
2014-09-05,2433.17,2449.26,2450.63,2427.99,13355176400,123349320057
2014-09-09,2452.23,2445.22,2454.89,2437.08,11819434400,107795213548
2014-09-10,2435.59,2432.43,2437.08,2422.65,10917551700,97472682969
2014-09-11,2430.68,2423.45,2461.47,2417.27,13298258300,127203381658
2014-09-12,2418.75,2438.36,2438.36,2412.62,10916017000,96625765409
2014-09-15,2433.0,2437.19,2439.25,2418.96,12224715900,112507690398
2014-09-16,2440.34,2388.76,2442.92,2386.98,18674279100,147250169859
2014-09-17,2395.36,2401.33,2405.37,2379.09,12526902800,98039470145
2014-09-18,2396.38,2408.66,2414.95,2389.62,11592637600,92105332013
2014-09-19,2409.31,2425.21,2430.15,2402.31,10181357700,88221038707
2014-09-22,2419.33,2378.92,2419.33,2374.11,10224087000,88958056522
2014-09-23,2379.52,2399.46,2402.48,2379.52,8403334100,75463683722
2014-09-24,2391.42,2441.86,2443.98,2387.07,14271353000,120389934642
2014-09-25,2453.42,2436.97,2462.67,2429.59,13866189100,119612625726
2014-09-26,2430.81,2437.2,2439.65,2420.5,10029949400,87757377938
2014-09-29,2443.91,2447.8,2453.66,2435.61,12340172700,111463779824
2014-09-30,2452.17,2450.99,2454.89,2444.2,11580422900,101906558841
2014-10-08,2460.87,2478.38,2478.38,2445.27,12195360400,116500107810
2014-10-09,2480.2,2481.95,2488.11,2461.11,13792392000,120752628433
2014-10-10,2472.1,2466.79,2482.14,2457.68,14763430700,121924973049
2014-10-13,2457.41,2454.95,2460.39,2430.55,13159336200,112784478808
2014-10-14,2451.09,2446.56,2467.9,2436.34,12739370500,106356643094
2014-10-15,2444.54,2463.87,2465.5,2431.19,13580188200,114837290107
2014-10-16,2448.97,2444.39,2480.3,2441.82,15816660300,128340525473
2014-10-17,2443.22,2441.73,2456.11,2410.4,13275998800,112685625525
2014-10-20,2448.45,2454.71,2456.62,2441.9,9143540100,84843604900
2014-10-21,2453.41,2433.39,2459.26,2432.55,9624191200,86622201933
2014-10-22,2434.89,2418.64,2447.47,2417.56,8865619300,82251744245
2014-10-23,2415.44,2395.94,2424.66,2392.53,10349183900,86045452830
2014-10-24,2397.85,2390.71,2404.99,2385.72,7497486900,65601225156
2014-10-27,2377.54,2368.83,2377.54,2361.68,7386244700,65956480803
2014-10-28,2373.16,2416.65,2416.77,2373.16,10152305500,90529903107
2014-10-29,2423.81,2451.38,2461.27,2415.7,15858406200,134541723619
2014-10-30,2450.36,2468.93,2474.38,2443.76,18962635300,139157358014
2014-10-31,2473.5,2508.32,2512.19,2466.5,23917241200,181604617039
2014-11-03,2515.82,2512.55,2524.17,2502.06,20580122800,151406835108
2014-11-04,2511.04,2513.17,2517.46,2498.61,21824700500,155291882550
2014-11-05,2516.87,2503.45,2519.4,2499.23,19049186200,146130895120
2014-11-06,2505.17,2506.07,2510.99,2482.98,14965111700,118839203631
2014-11-07,2508.76,2502.15,2541.55,2489.42,20876091100,176868665325
2014-11-10,2529.83,2565.73,2565.73,2514.71,22659973500,187612569248
2014-11-11,2578.44,2558.61,2602.37,2532.57,32371165600,265840509803
2014-11-12,2545.4,2594.32,2594.32,2539.6,18468626100,157847382809
2014-11-13,2597.39,2579.75,2607.52,2567.46,21981561500,192985452900
2014-11-14,2569.21,2581.09,2581.93,2557.67,16504996500,145409933865
2014-11-17,2613.51,2567.1,2614.09,2565.94,15847809500,147724645089
2014-11-18,2565.27,2541.42,2570.21,2534.93,14294135600,124246649435
2014-11-19,2538.23,2537.22,2550.5,2531.32,12214697400,113031721938
2014-11-20,2528.78,2537.1,2545.47,2522.84,10614986400,98145538650
2014-11-21,2537.54,2583.45,2585.36,2530.03,15102813900,143750813260
2014-11-24,2614.16,2649.26,2667.67,2602.94,27983972000,264974912281
2014-11-25,2650.09,2685.56,2686.06,2643.84,22261169900,206879208489
2014-11-26,2695.26,2723.02,2723.36,2690.31,24396248500,239333899163
2014-11-27,2737.03,2754.49,2754.49,2718.7,26546473000,261164877169
2014-11-28,2753.93,2808.82,2809.54,2740.37,37532366200,330256023242
2014-12-01,2825.61,2819.81,2855.33,2808.65,36548741700,338833084229
2014-12-02,2807.34,2923.94,2944.51,2804.29,36146532200,341185189116
2014-12-03,2936.12,2967.55,3028.22,2912.25,46615668500,464857500377
2014-12-04,2975.4,3104.35,3104.89,2968.88,42681292800,433875560243
2014-12-05,3143.97,3124.89,3195.8,3011.94,52488126000,554362904944
2014-12-08,3108.27,3252.88,3270.88,3075.7,48446234400,515773683037
2014-12-09,3233.1,3106.91,3387.83,3074.52,63287456700,702150099247
2014-12-10,3120.21,3221.55,3229.05,3058.19,42501870800,477300103105
2014-12-11,3185.16,3183.01,3254.42,3158.44,36709169100,392944833604
2014-12-12,3182.92,3193.23,3239.45,3167.93,30106532500,337817436996
2014-12-15,3176.83,3217.23,3226.22,3143.3,29019383400,326668040798
2014-12-16,3221.36,3303.4,3303.4,3207.69,35812384700,425665729151
2014-12-17,3325.82,3360.6,3368.19,3275.74,44814077000,527748937956
2014-12-18,3359.09,3345.93,3393.71,3322.23,35597020700,416260448852
2014-12-19,3345.63,3383.17,3397.18,3280.92,41121159000,435516864940
2014-12-22,3396.25,3394.48,3455.21,3357.66,54980167100,537021101759
2014-12-23,3358.8,3324.92,3431.78,3316.91,36973609300,377227774057
2014-12-24,3332.15,3230.39,3340.36,3188.49,31744958700,339475799573
2014-12-25,3254.48,3335.42,3335.78,3226.32,30979954700,330128939928
2014-12-26,3343.64,3445.84,3453.34,3335.01,38461412400,438838427110
2014-12-29,3502.18,3455.45,3524.28,3405.84,42501503700,505004508391
2014-12-30,3450.81,3457.55,3491.83,3422.17,32823387300,394607772399
2014-12-31,3462.39,3533.7,3542.34,3452.5,34593476000,403710888146
2015-01-05,3566.09,3641.54,3669.04,3551.51,45119809800,519849817448
2015-01-06,3608.43,3641.06,3683.23,3587.23,42096218500,498529588258
2015-01-07,3620.92,3643.79,3671.19,3601.7,32019123200,398731720502
2015-01-08,3650.07,3559.26,3659.95,3552.1,29500304500,355831967325
2015-01-09,3547.57,3546.72,3689.75,3536.39,34998267200,430210592272
2015-01-12,3531.51,3513.58,3560.53,3461.32,26656717500,334257133083
2015-01-13,3506.45,3514.04,3550.16,3494.77,18715396500,250796676069
2015-01-14,3522.91,3502.42,3547.24,3471.56,19601251000,241285837533
2015-01-15,3501.72,3604.12,3604.12,3482.27,23781233800,303445351108
2015-01-16,3616.25,3635.15,3662.16,3601.26,28268161400,355568710742
2015-01-19,3414.01,3355.16,3497.25,3330.98,32950527500,366017532103
2015-01-20,3336.79,3396.22,3419.2,3325.68,29784323200,381917903845
2015-01-21,3420.49,3548.89,3557.79,3409.43,33792821000,425433704264
2015-01-22,3551.05,3567.61,3576.76,3520.05,26885359900,345026040998
2015-01-23,3582.09,3571.73,3627.81,3548.63,28017217200,361835546416
2015-01-26,3580.12,3607.99,3611.62,3559.38,23976620300,309585710088
2015-01-27,3614.04,3574.93,3616.26,3510.02,28766917900,357548249621
2015-01-28,3547.24,3525.32,3583.31,3512.39,21622021400,278749164896
2015-01-29,3474.91,3481.8,3505.58,3453.9,21161886000,251897926442
2015-01-30,3496.89,3434.39,3514.22,3431.94,19647915700,237420793858
2015-02-02,3360.19,3353.96,3407.26,3347.09,19518369900,224837769887
2015-02-03,3388.6,3437.45,3441.71,3360.72,19284609600,241100023193
2015-02-04,3446.14,3401.77,3476.82,3399.57,19130434900,244034297155
2015-02-05,3487.95,3366.95,3487.95,3366.86,25043060900,311523669172
2015-02-06,3352.33,3312.42,3374.05,3285.93,19266418600,221433183351
2015-02-09,3305.73,3345.92,3376.53,3298.6,17235382000,220766525021
2015-02-10,3345.08,3406.94,3407.18,3339.55,15930908800,199120680699
2015-02-11,3415.98,3434.12,3445.66,3412.14,14461377200,185979219656
2015-02-12,3435.36,3442.87,3453.58,3405.63,15608169100,191285873488
2015-02-13,3458.83,3469.83,3509.51,3452.08,20108997100,247076153339
2015-02-16,3473.29,3499.48,3504.47,3466.61,16564134300,222799721247
2015-02-17,3511.54,3522.32,3536.82,3511.09,16532831300,214457267905
2015-02-25,3529.55,3478.73,3529.55,3463.95,16553935100,211739059322
2015-02-26,3473.71,3566.3,3569.33,3456.87,22932843800,279809075234
2015-02-27,3565.23,3572.84,3594.81,3560.45,22278643800,271861944608
2015-03-02,3603.45,3601.26,3608.69,3566.53,24817612500,325164897145
2015-03-03,3579.32,3507.9,3579.32,3504.2,26186648900,335700118167
2015-03-04,3514.67,3530.82,3540.91,3497.17,19966398100,257468790961
2015-03-05,3513.25,3496.34,3517.08,3467.68,21750880500,279030592350
2015-03-06,3501.18,3478.52,3516.24,3472.39,18151805400,233468244766
2015-03-09,3449.7,3537.75,3546.7,3417.49,23394041100,277860471571
2015-03-10,3523.64,3520.61,3551.2,3511.99,19426765700,245366625918
2015-03-11,3524.57,3524.65,3568.92,3512.22,18894782500,235772755479
2015-03-12,3557.69,3592.84,3603.34,3536.53,26566462500,322141249344
2015-03-13,3604.67,3617.66,3641.39,3594.74,24686476800,297298516465
2015-03-16,3641.77,3705.67,3705.74,3621.12,27543830700,358497570207
2015-03-17,3733.96,3757.12,3762.57,3716.81,37162566600,455003825887
2015-03-18,3769.09,3846.05,3846.05,3763.85,41519001100,484465529242
2015-03-19,3851.25,3839.74,3859.13,3809.71,39154763000,463212821639
2015-03-20,3852.49,3892.57,3916.86,3832.42,40181755200,544468374302
2015-03-23,3923.08,3972.06,3972.3,3922.21,39111992200,519760220709
2015-03-24,3980.07,3973.05,3989.86,3883.78,46858131200,591066800604
2015-03-25,3961.58,3940.41,3980.72,3913.99,37996885100,501733891680
2015-03-26,3921.74,3950.0,3992.0,3892.88,34675631500,468538490771
2015-03-27,3957.54,3971.7,3993.03,3932.87,29875606400,393132347578
2015-03-30,3999.02,4088.18,4101.65,3999.02,42829702000,546211078887
2015-03-31,4138.89,4051.2,4166.02,4037.77,43606563500,598121732643
2015-04-01,4057.5,4123.9,4139.5,4046.94,32951285300,466596904663
2015-04-02,4149.95,4124.78,4156.84,4068.65,33907048700,476617837707
2015-04-03,4104.67,4170.54,4170.56,4092.38,32130376600,466965600575
2015-04-07,4213.89,4260.04,4260.47,4197.02,41536265400,564646323685
2015-04-08,4277.45,4295.8,4304.78,4204.83,45867671500,658308062760
2015-04-09,4316.96,4262.14,4332.17,4212.61,43969990200,650419151486
2015-04-10,4249.38,4344.42,4351.69,4231.2,34819017000,509354291196
2015-04-13,4394.05,4421.07,4432.02,4361.59,43415303600,598518139930
2015-04-14,4432.13,4438.18,4474.35,4385.91,43443212600,602127441917
2015-04-15,4439.31,4380.51,4476.0,4379.61,47215413100,596822875636
2015-04-16,4355.49,4513.55,4513.77,4335.63,42260374800,564722844124
2015-04-17,4578.68,4596.14,4630.27,4553.9,55280266300,733953610122
2015-04-20,4615.03,4521.92,4671.17,4492.6,68643907500,939264904128
2015-04-21,4520.46,4619.16,4620.06,4504.56,49031499100,685365027867
2015-04-22,4637.06,4739.81,4740.93,4632.59,51621379200,769924803864
2015-04-23,4764.48,4740.89,4782.04,4693.97,49743095400,752258236225
2015-04-24,4682.63,4702.64,4730.43,4618.32,48015293600,721273097490
2015-04-27,4753.87,4807.59,4810.48,4735.31,51307654800,765910402328
2015-04-28,4811.32,4741.86,4839.08,4703.57,60863854500,860349875255
2015-04-29,4722.9,4774.33,4797.93,4695.79,39505698000,601676350605
2015-04-30,4788.41,4749.89,4818.73,4749.48,39972744400,612511415165
2015-05-04,4757.64,4787.74,4795.91,4699.4,37784385300,565453373624
2015-05-05,4785.19,4596.84,4785.19,4572.98,46041962600,660020218474
2015-05-06,4626.23,4553.33,4700.91,4511.76,37607370200,586033987365
2015-05-07,4520.82,4470.09,4546.34,4467.46,29775920300,427189953161
2015-05-08,4515.55,4558.4,4559.06,4445.59,30240796700,452090694881
2015-05-11,4582.09,4690.53,4690.95,4535.15,37383842000,583260408778
2015-05-12,4692.12,4747.42,4748.0,4660.02,37705389100,607123299939
2015-05-13,4746.71,4718.44,4758.0,4678.85,37073042400,590479847838
2015-05-14,4717.95,4700.78,4735.28,4670.17,33772515200,513219655550
2015-05-15,4690.76,4617.47,4690.76,4592.05,32843116600,506695010176
2015-05-18,4582.06,4575.14,4623.38,4565.06,26918048900,434083129375
2015-05-19,4577.64,4731.22,4740.01,4577.64,31478595200,524232160128
2015-05-20,4751.57,4754.92,4843.1,4745.21,36318074800,589956272979
2015-05-21,4768.69,4840.98,4841.61,4746.03,30505453700,505346105539
2015-05-22,4895.93,4951.34,4951.99,4870.6,45584671800,719129953200
2015-05-25,4949.11,5099.49,5099.84,4949.11,46573659000,757085825931
2015-05-26,5140.8,5198.92,5199.3,5063.15,48794935900,802295843467
2015-05-27,5216.17,5181.43,5226.84,5126.86,47079873000,777826309129
2015-05-28,5174.1,4834.01,5213.18,4831.33,57182904700,873207363731
2015-05-29,4839.53,4840.83,4924.3,4665.52,42787885900,636008152610
2015-06-01,4862.76,5076.18,5079.32,4835.77,41750374100,637843681462
2015-06-02,5091.27,5161.87,5162.56,5047.08,41297319600,658452859697
2015-06-03,5176.6,5143.59,5186.97,5059.49,41425827000,672056532157
2015-06-04,5156.01,5181.42,5194.23,4863.47,48276726800,735170669363
2015-06-05,5254.9,5230.55,5288.34,5104.18,54596119600,855224403052
2015-06-08,5259.41,5353.75,5370.61,5202.6,63731323700,949498013951
2015-06-09,5379.47,5317.46,5380.43,5251.21,57042726300,871431819564
2015-06-10,5254.3,5309.11,5374.83,5209.68,44216567600,711509256785
2015-06-11,5305.14,5306.59,5329.3,5248.16,39233875500,660584867997
2015-06-12,5329.28,5335.11,5351.65,5283.09,43013138600,694213173337
2015-06-15,5354.01,5221.17,5362.45,5207.31,47574570300,766237730233
2015-06-16,5165.02,5064.82,5204.3,5015.27,41167563800,651522532247
2015-06-17,5072.31,5138.83,5158.37,4949.29,39712418700,589868366440
2015-06-18,5107.69,4930.55,5121.22,4926.43,36439581400,555646755662
2015-06-19,4847.06,4637.05,4910.45,4634.69,35810474400,519609575034
2015-06-23,4641.43,4786.09,4786.95,4455.33,36508794400,536984113004
2015-06-24,4811.6,4880.13,4883.73,4744.31,43463872300,615374085939
2015-06-25,4906.24,4706.52,4919.26,4667.22,44613598200,640246401379
2015-06-26,4573.87,4336.19,4650.19,4278.68,44663979000,612959478689
2015-06-29,4446.84,4191.55,4451.17,4000.93,52566248200,704014548847
2015-06-30,4161.07,4473.0,4475.77,4016.01,52704528000,716045824698
2015-07-01,4408.98,4253.02,4526.13,4235.7,43172141100,623330596858
2015-07-02,4287.73,4108.0,4312.19,4000.06,45706219400,593506685518
2015-07-03,4017.2,3885.92,4164.63,3785.9,42930085000,538216869728
2015-07-06,4218.27,3998.54,4218.27,3832.47,64809453000,779558044352
2015-07-07,3877.85,3928.0,3960.64,3743.62,67938500700,795962644454
2015-07-08,3651.06,3663.04,3762.62,3612.25,58146709700,640122398881
2015-07-09,3621.68,3897.63,3930.26,3537.83,50387061000,564744043358
2015-07-10,3916.27,4106.56,4179.11,3887.55,50070180200,629079512954
2015-07-13,4132.23,4211.81,4278.16,4072.43,50209218600,659251724205
2015-07-14,4178.63,4112.15,4258.51,4062.5,45442200900,597521262486
2015-07-15,4068.88,3966.76,4114.24,3899.51,42195636700,514064532339
2015-07-16,3949.64,3997.36,4067.02,3856.32,33053134500,410050894560
2015-07-17,4023.76,4151.5,4190.19,4000.23,33110713100,435597103716
2015-07-20,4157.06,4160.61,4221.69,4106.39,35267347200,483493894661
2015-07-21,4109.76,4166.01,4201.48,4081.7,31837494500,431695843789
2015-07-22,4148.56,4157.16,4187.43,4094.71,31894599700,441832505196
2015-07-23,4158.93,4250.81,4262.06,4148.82,35447175900,483972220006
2015-07-24,4255.2,4176.28,4299.65,4154.62,39204537300,535901647230
2015-07-27,4097.8,3818.73,4156.31,3817.17,36505451100,477952010794
2015-07-28,3690.97,3811.09,3883.45,3627.42,38352721600,482654543336
2015-07-29,3839.96,3930.38,3934.0,3769.19,27697284500,372287868068
2015-07-30,3915.78,3815.41,3968.53,3802.88,27154866500,376351170573
2015-07-31,3777.16,3816.7,3863.62,3757.99,22237676700,299312543754
2015-08-03,3766.07,3829.24,3829.24,3742.58,24580503000,309631297700
2015-08-04,3827.37,3948.16,3948.45,3801.03,22023655600,288756503266
2015-08-05,3937.62,3866.9,3962.28,3858.66,20048426900,272693513971
2015-08-06,3802.93,3831.85,3888.69,3793.24,14727869400,195532363765
2015-08-07,3866.43,3906.95,3926.65,3857.91,18334915300,246546119056
2015-08-10,3947.47,4084.36,4101.73,3932.84,30678054000,401702020648
2015-08-11,4083.59,4066.67,4110.13,4042.0,32203419100,416996541243
2015-08-12,4025.67,4016.13,4078.03,4015.36,25514619600,339799364935
2015-08-13,4010.01,4075.46,4075.7,3967.82,24283697900,319887602964
2015-08-14,4097.92,4073.54,4113.16,4056.73,25339299600,340076813259
2015-08-17,4058.11,4077.87,4081.77,4009.99,25693963800,336830563044
2015-08-18,4084.31,3825.41,4103.05,3816.55,31988107000,424924184411
2015-08-19,3748.27,3886.14,3898.74,3668.19,26904983900,340923470856
2015-08-20,3848.4,3761.45,3880.82,3761.45,21216796500,270576698834
2015-08-21,3714.29,3589.54,3757.78,3578.18,21798640300,267498426435
2015-08-24,3454.6,3275.53,3468.15,3266.55,25543665200,273124228208
2015-08-25,3070.01,3042.93,3200.11,3019.56,27608130600,281160333742
2015-08-26,3062.57,3025.69,3192.93,2952.01,30827062300,312188248685
2015-08-27,3092.81,3205.64,3206.72,3028.4,26729493000,278769983405
2015-08-28,3246.24,3342.29,3353.24,3223.62,29949842600,318763482694
2015-08-31,3307.4,3366.54,3368.28,3205.54,28025040300,306610891136
2015-09-01,3296.53,3362.08,3370.5,3190.58,35245852800,351387828324
2015-09-02,3220.85,3365.83,3387.02,3213.64,34778941200,348986389305
2015-09-07,3347.29,3250.49,3422.22,3240.24,20422443100,221756790269
2015-09-08,3221.79,3334.02,3340.22,3170.81,15459963100,168294750030
2015-09-09,3344.82,3399.3,3426.65,3330.29,22046742100,258815794996
2015-09-10,3349.28,3357.56,3398.32,3337.31,14488297100,168108269695
2015-09-11,3349.88,3347.19,3383.13,3315.48,10854750800,130262410873
2015-09-14,3367.64,3281.13,3373.92,3187.57,20545725100,226168550065
2015-09-15,3208.74,3152.23,3240.08,3131.98,14355564100,145989213753
2015-09-16,3149.16,3309.25,3345.92,3131.37,15970999400,168269840344
2015-09-17,3287.66,3237.0,3354.91,3237.0,16940188100,190270181393
2015-09-18,3254.44,3251.27,3280.88,3227.83,10690348100,121752531747
2015-09-21,3222.6,3308.25,3312.55,3211.93,12278866800,145323018237
2015-09-22,3312.37,3339.03,3371.41,3303.18,14622198500,172492862561
2015-09-23,3290.07,3263.03,3315.93,3253.33,12317143900,136885975737
2015-09-24,3278.9,3285.0,3300.86,3255.9,10201123800,120820642496
2015-09-25,3272.66,3231.95,3290.86,3201.91,12141927800,137602168790
2015-09-28,3226.61,3242.75,3246.55,3186.51,7421946800,88007466971
2015-09-29,3197.22,3178.85,3208.42,3159.04,8715063300,96691510035
2015-09-30,3195.9,3202.95,3223.91,3186.77,7855934900,95881598729
2015-10-08,3324.98,3296.48,3337.33,3294.61,13208176800,164120601354
2015-10-09,3302.36,3340.12,3352.38,3293.97,12435250000,144731343186
2015-10-12,3351.14,3447.69,3486.63,3347.25,22140046800,263706468495
2015-10-13,3422.48,3445.04,3452.05,3413.97,14543378600,174978937957
2015-10-14,3431.14,3406.11,3458.7,3403.23,15217393800,174599255680
2015-10-15,3403.39,3486.82,3486.82,3402.32,17115829900,201881880361
2015-10-16,3508.52,3534.07,3537.54,3487.1,20896470900,252211491386
2015-10-19,3548.95,3534.18,3572.99,3502.51,20760674400,254890985147
2015-10-20,3527.88,3577.7,3577.8,3510.44,17902510800,226525577194
2015-10-21,3580.84,3473.25,3601.24,3417.41,28207605000,326886985805
2015-10-22,3453.2,3524.53,3530.77,3442.31,18430558000,223583606540
2015-10-23,3536.84,3571.24,3581.84,3515.82,19829447800,247059685203
2015-10-26,3614.7,3589.26,3620.76,3561.19,20424886300,270489759134
2015-10-27,3569.45,3592.88,3601.05,3486.1,19205614000,239042538536
2015-10-28,3575.8,3524.92,3598.17,3517.21,17097709800,213303023833
2015-10-29,3539.98,3533.31,3561.81,3507.97,12701044600,161051885808
2015-10-30,3530.22,3534.08,3574.47,3497.57,13914191400,183317149529
2015-11-02,3489.22,3475.96,3543.45,3474.71,13000256800,167455101934
2015-11-03,3484.72,3465.49,3501.7,3452.62,10140187600,132231502584
2015-11-04,3477.16,3628.54,3628.54,3477.16,20542386500,266955889953
2015-11-05,3630.78,3705.97,3781.41,3627.3,39804656800,495138171518
2015-11-06,3698.34,3793.37,3801.7,3694.66,29875307600,389779446699
2015-11-09,3796.38,3840.36,3891.77,3796.38,35680482300,463161707601
2015-11-10,3806.67,3833.24,3876.49,3798.82,28651960300,380910629424
2015-11-11,3828.45,3833.65,3843.11,3781.41,23223429600,307008336072
2015-11-12,3841.74,3795.32,3843.9,3771.27,21753764700,302446791881
2015-11-13,3756.2,3746.24,3793.71,3727.59,20348989100,281961129453
2015-11-16,3682.74,3764.13,3764.41,3680.07,16169090100,227483711616
2015-11-17,3790.43,3758.39,3852.77,3750.16,24853307100,365138598381
2015-11-18,3760.46,3715.58,3771.85,3706.31,18568949500,254137953313
2015-11-19,3725.62,3774.97,3775.23,3714.68,15463198900,204557606993
2015-11-20,3778.88,3774.38,3793.55,3757.03,18695168900,242295089781
2015-11-23,3774.44,3753.34,3802.85,3743.41,17562681200,234640979610
2015-11-24,3745.76,3753.89,3754.17,3702.74,14338328300,192495095083
2015-11-25,3747.76,3781.61,3781.86,3735.72,15194494100,215125047954
2015-11-26,3795.24,3759.43,3805.84,3756.82,17352546800,239797205559
2015-11-27,3739.1,3556.99,3742.74,3534.39,20893935800,269758168475
2015-11-30,3554.89,3566.41,3587.97,3455.07,17320116300,220098287801
2015-12-01,3562.32,3591.7,3617.3,3536.12,13653655400,176598805608
2015-12-02,3587.76,3721.95,3725.85,3573.4,21353886500,260938692616
2015-12-03,3709.55,3749.3,3758.45,3693.14,19776212600,236698987440
2015-12-04,3719.73,3677.59,3726.12,3667.29,15119952200,196455597757
2015-12-07,3681.58,3687.61,3699.34,3658.58,11388315000,161220059836
2015-12-08,3668.84,3623.02,3668.84,3619.45,12578108300,163317229186
2015-12-09,3613.42,3635.94,3655.16,3611.49,11332542200,154319992100
2015-12-10,3634.37,3623.08,3678.32,3615.99,12021562500,168622188283
2015-12-11,3605.37,3608.06,3630.74,3578.15,11032248100,145248640244
2015-12-14,3573.88,3711.32,3712.5,3571.0,15176911900,203291513291
2015-12-15,3707.73,3694.39,3717.36,3679.23,12648171000,186795461663
2015-12-16,3703.95,3685.44,3713.09,3677.45,11134272300,160118243242
2015-12-17,3712.78,3755.89,3768.84,3709.85,17792407500,242543823434
2015-12-18,3754.96,3767.91,3810.22,3750.93,17346598000,232281458171
2015-12-21,3762.1,3865.97,3877.82,3759.99,21743527500,289905289214
2015-12-22,3872.1,3876.73,3880.47,3841.59,18030366100,243797366698
2015-12-23,3877.87,3866.38,3926.69,3862.97,20701714700,294710770246
2015-12-24,3858.14,3829.4,3867.68,3787.08,14718139700,203683543579
2015-12-25,3832.09,3838.2,3848.03,3813.2,11962401300,163314511431
2015-12-28,3847.53,3727.63,3853.39,3727.63,15398844000,210026020459
2015-12-29,3723.05,3761.88,3762.05,3710.48,10188555500,140405054699
2015-12-30,3762.91,3765.18,3765.66,3726.28,10562995500,155744099319
2015-12-31,3760.9,3731.01,3772.62,3727.32,10187355600,145043696235
2016-01-04,3725.86,3469.07,3726.24,3468.95,11537067400,145968206095
2016-01-05,3382.18,3478.78,3518.22,3377.28,16211698400,196017085879
2016-01-06,3482.41,3539.81,3543.74,3468.47,14596614400,160947198402
2016-01-07,3481.15,3294.38,3481.15,3284.74,4410264100,47130795628
2016-01-08,3371.87,3361.56,3418.85,3237.93,18595945100,203498868289
2016-01-11,3303.13,3192.45,3342.48,3192.45,17463838700,184464050180
2016-01-12,3214.82,3215.71,3242.25,3174.55,12822579600,142048909710
2016-01-13,3240.48,3155.88,3257.3,3155.88,12066649400,130886082444
2016-01-14,3076.64,3221.57,3226.66,3072.04,13453767100,144771580596
2016-01-15,3200.89,3118.73,3216.8,3101.05,12460177900,131882737252
2016-01-18,3068.23,3130.73,3165.62,3066.73,10112838600,109458287764
2016-01-19,3132.7,3223.13,3227.91,3119.22,12765389300,142907686296
2016-01-20,3204.22,3174.38,3225.95,3154.43,13065050400,143313337192
2016-01-21,3136.38,3081.35,3202.54,3081.35,11118973300,121856195433
2016-01-22,3114.89,3113.46,3132.17,3053.96,8995108700,96885673842
2016-01-25,3129.03,3128.89,3149.33,3105.1,8154006100,85777891364
2016-01-26,3099.6,2940.51,3106.53,2934.65,12693392100,127250652518
2016-01-27,2953.18,2930.35,2963.54,2839.29,13222936600,126997670778
2016-01-28,2909.33,2853.76,2941.89,2841.84,9922275600,95663874927
2016-01-29,2855.6,2946.09,2965.31,2854.37,11330425900,109462356680
2016-02-01,2939.04,2901.05,2944.52,2869.56,8679534200,82931453498
2016-02-02,2901.53,2961.33,2972.43,2901.51,8860196300,88740230428
2016-02-03,2931.29,2948.64,2954.71,2909.9,7738900000,74817092259
2016-02-04,2960.33,2984.76,2999.21,2960.21,9177972400,91550346872
2016-02-05,2982.06,2963.79,2988.36,2962.85,7685080800,77443222334
2016-02-15,2888.43,2946.71,2961.49,2886.02,7291943400,71285049141
2016-02-16,2962.19,3037.04,3042.09,2962.19,11257964300,112300492317
2016-02-17,3034.09,3063.32,3065.78,3027.05,12829160700,122279340234
2016-02-18,3079.53,3053.7,3093.51,3049.84,12440146400,122618612161
2016-02-19,3047.94,3051.59,3065.97,3032.63,8733801200,90849341804
2016-02-22,3083.93,3118.87,3128.21,3071.33,14094696800,141684080627
2016-02-23,3117.2,3089.36,3119.22,3061.43,11256739100,117476469063
2016-02-24,3077.61,3109.55,3109.55,3055.25,11178265000,112918607549
2016-02-25,3104.41,2918.75,3104.44,2905.46,15782975200,153493008194
2016-02-26,2942.1,2948.03,2964.39,2902.95,10694972900,102531571946
2016-02-29,2939.58,2877.47,2939.87,2821.21,12934102000,118440829598
2016-03-01,2881.34,2930.69,2950.44,2863.32,11604591800,110491037808
2016-03-02,2933.92,3051.33,3054.72,2933.12,17597234700,164025161471
2016-03-03,3050.39,3058.42,3078.44,3040.25,17310574400,165509087742
2016-03-04,3047.54,3093.89,3101.66,3032.42,21917253400,205520475543
2016-03-07,3109.0,3104.84,3130.9,3083.58,13246203700,127790344488
2016-03-08,3100.15,3107.67,3109.25,3001.83,13623574200,128758488144
2016-03-09,3045.92,3071.91,3072.92,3020.13,11146624500,106298652785
2016-03-10,3056.21,3013.15,3074.16,3012.69,7607219700,78180468559
2016-03-11,2990.21,3018.28,3026.44,2982.17,7333356400,74367296548
2016-03-14,3039.57,3065.69,3106.8,3034.0,11710865500,123539094703
2016-03-15,3061.34,3074.78,3077.08,3028.58,9831194100,101302845698
2016-03-16,3068.87,3090.03,3100.35,3064.52,12473644800,126128854001
2016-03-17,3096.81,3124.2,3147.84,3077.57,12166177700,136603715775
2016-03-18,3136.22,3171.96,3197.67,3130.1,19730256400,210017810346
2016-03-21,3203.29,3249.44,3267.78,3198.36,23326946400,256836636273
2016-03-22,3231.61,3225.79,3249.68,3218.73,16102089700,194211982989
2016-03-23,3217.73,3236.09,3242.25,3202.98,12567928600,155567074583
2016-03-24,3211.5,3181.85,3221.91,3181.81,13313112200,162436036415
2016-03-25,3176.81,3197.82,3204.44,3174.32,9739533000,115195604431
2016-03-28,3206.95,3169.73,3229.62,3161.88,10344193300,123844044128
2016-03-29,3171.31,3135.41,3178.07,3122.76,9729474700,113844280553
2016-03-30,3161.29,3216.28,3216.68,3161.29,11780251200,140721774451
2016-03-31,3229.2,3218.09,3241.93,3208.66,12155207400,147267617416
2016-04-01,3213.67,3221.89,3222.61,3165.86,11812213900,127050098456
2016-04-05,3211.3,3264.49,3271.93,3205.21,14604777200,159296543667
2016-04-06,3250.52,3257.53,3267.64,3236.2,12019630500,137206268587
2016-04-07,3266.29,3209.29,3270.82,3208.64,11240946700,128273067720
2016-04-08,3189.85,3185.73,3197.77,3163.3,10100562500,113920716519
2016-04-11,3213.51,3230.1,3251.57,3213.51,12521270900,142759491340
2016-04-12,3227.37,3218.45,3232.26,3198.9,9286943700,99086557951
2016-04-13,3237.86,3261.38,3296.52,3237.86,19561386600,200159601290
2016-04-14,3277.1,3275.83,3286.07,3252.05,11315732700,117989443450
2016-04-15,3279.86,3272.21,3282.98,3261.73,9980752900,107963982334
2016-04-18,3252.67,3228.45,3252.67,3221.66,9709006900,103956150095
2016-04-19,3243.97,3238.3,3250.73,3221.58,8087144000,90976236261
2016-04-20,3244.14,3181.03,3248.42,3107.37,16220785800,172324694469
2016-04-21,3160.8,3160.6,3198.56,3150.94,10475265100,110324379038
2016-04-22,3142.56,3174.9,3175.38,3137.99,7707849200,82442921903
2016-04-25,3164.74,3162.03,3172.27,3137.11,6751935100,74734848036
2016-04-26,3159.77,3179.16,3181.1,3150.4,5902073400,68871554173
2016-04-27,3181.93,3165.92,3188.83,3162.69,6000414700,70620405995
2016-04-28,3169.33,3160.58,3174.77,3135.64,6987066000,78876767222
2016-04-29,3153.54,3156.75,3171.29,3149.4,5802977600,70807704222
2016-05-03,3159.82,3213.54,3218.49,3151.4,9816483500,115733867591
2016-05-04,3203.47,3209.46,3222.88,3198.29,9086240800,97797134813
2016-05-05,3204.17,3213.92,3217.28,3196.57,7473368100,83946496908
2016-05-06,3213.14,3130.35,3216.89,3130.15,10868024000,119265216104
2016-05-09,3115.43,3065.62,3115.43,3055.01,9923047700,100409213488
2016-05-10,3055.21,3069.11,3084.72,3055.18,6884993500,70650764147
2016-05-11,3080.64,3082.81,3102.88,3063.09,8179425800,87323408342
2016-05-12,3059.38,3090.14,3095.35,3035.02,7876572600,81418792606
2016-05-13,3081.68,3074.94,3103.1,3064.69,6262975500,65850995649
2016-05-16,3064.53,3095.31,3095.56,3053.66,5946185600,64405200020
2016-05-17,3095.52,3086.02,3105.2,3073.46,6527812500,75389385458
2016-05-18,3071.53,3068.04,3072.61,3039.46,8271536900,88458847115
2016-05-19,3060.34,3062.5,3086.98,3058.14,6044416600,68679060392
2016-05-20,3047.78,3078.22,3078.53,3041.52,5608084200,65124251092
2016-05-23,3078.51,3087.22,3098.48,3076.5,5969721600,70337514484
2016-05-24,3083.24,3063.56,3083.26,3052.59,5873438500,61106015446
2016-05-25,3079.75,3059.23,3089.1,3054.87,5665280300,63316562530
2016-05-26,3056.6,3064.21,3072.52,3027.44,6039298100,65985183919
2016-05-27,3059.73,3062.5,3073.76,3052.18,6046875000,59371777079
2016-05-30,3056.31,3066.71,3075.26,3037.66,6309857900,63496565009
2016-05-31,3068.6,3169.56,3170.93,3068.6,13886311100,151398175957
2016-06-01,3172.96,3160.55,3181.79,3159.82,11314848200,131700821152
2016-06-02,3158.03,3167.1,3168.82,3151.07,8600342700,97093625345
2016-06-03,3172.95,3189.33,3201.75,3162.09,10149178300,136332027087
2016-06-06,3192.78,3178.79,3197.22,3168.55,7669375100,101176231366
2016-06-07,3182.44,3177.05,3186.62,3168.18,6892831400,88711618425
2016-06-08,3171.81,3163.99,3174.97,3148.35,7629177500,97682790861
2016-06-13,3134.05,3066.34,3145.61,3065.77,9297594700,114091320004
2016-06-14,3058.44,3075.98,3078.75,3055.66,6627945700,78622305350
2016-06-15,3043.96,3116.37,3128.67,3042.23,8739325700,106170177872
2016-06-16,3104.36,3094.67,3112.48,3089.48,8297470300,93496238871
2016-06-17,3096.09,3110.36,3131.05,3096.09,8540298500,97953389320
2016-06-20,3114.91,3112.67,3118.73,3089.71,6358714100,74647802462
2016-06-21,3124.9,3106.32,3155.49,3097.94,8796534500,107233643632
2016-06-22,3100.45,3133.96,3134.06,3096.99,6648711300,81348715848
2016-06-23,3129.72,3117.32,3129.72,3102.48,6775173800,81732552159
2016-06-24,3110.65,3077.16,3130.54,3033.97,10479220800,118967441702
2016-06-27,3065.13,3120.54,3120.64,3064.97,8326725900,104066083791
2016-06-28,3107.4,3136.4,3139.43,3099.7,9202463700,117197791504
2016-06-29,3142.48,3151.39,3158.08,3139.13,10372366800,117958861189
2016-06-30,3152.83,3153.92,3163.72,3148.2,7969261700,100627912925
2016-07-01,3156.93,3154.2,3170.26,3148.29,7174628300,91215027688
2016-07-04,3136.39,3204.7,3210.6,3134.02,13331052900,149894780037
2016-07-05,3199.16,3207.38,3216.7,3198.0,13022689500,143899100428
2016-07-06,3197.62,3216.8,3217.52,3183.45,12489745800,147232471496
2016-07-07,3206.55,3209.95,3220.54,3190.12,11859520200,140488833675
2016-07-08,3199.75,3192.28,3204.93,3183.96,8973485500,111063465417
2016-07-11,3199.04,3203.33,3235.96,3197.63,13852951100,155288151673
2016-07-12,3201.91,3273.18,3273.47,3200.3,17253421700,190853738897
2016-07-13,3274.02,3282.87,3300.99,3271.78,17519609000,196592300322
2016-07-14,3277.48,3276.76,3281.95,3259.07,10752579800,128090420917
2016-07-15,3278.84,3276.28,3285.03,3265.29,10266502600,125179812929
2016-07-18,3269.71,3262.02,3281.64,3251.77,11031251800,129785706199
2016-07-19,3260.43,3248.23,3264.73,3226.2,8888686100,107108911172
2016-07-20,3246.86,3237.61,3254.51,3232.26,7270125500,91367448994
2016-07-21,3238.34,3252.52,3271.37,3238.3,8600482500,107464072513
2016-07-22,3251.24,3225.16,3253.77,3220.89,8602912800,107416887320
2016-07-25,3220.17,3230.89,3243.79,3218.14,7020318500,92015844035
2016-07-26,3228.23,3269.59,3269.75,3228.01,8105108900,103745762758
2016-07-27,3270.08,3218.24,3276.51,3157.41,16018866500,186928366498
2016-07-28,3204.46,3221.14,3235.78,3195.27,11277996400,137295892753
2016-07-29,3217.19,3203.93,3225.42,3198.68,8804483700,103787029748
2016-08-01,3196.43,3176.81,3199.98,3156.75,8700349700,98818634361
2016-08-02,3173.76,3189.05,3189.05,3165.54,6216763900,70640763842
2016-08-03,3179.68,3193.51,3197.16,3173.54,7286410200,79754323301
2016-08-04,3190.55,3201.29,3201.55,3170.42,7350437300,86919591121
2016-08-05,3201.35,3205.11,3224.87,3192.86,7719636600,94429542391
2016-08-08,3199.57,3234.18,3234.48,3187.25,8667605100,102638114597
2016-08-09,3232.6,3256.98,3257.33,3229.17,9106525900,105924052436
2016-08-10,3255.18,3243.34,3261.86,3242.75,9043037200,106157448028
2016-08-11,3239.56,3233.36,3274.03,3232.61,10104121300,116996159046
2016-08-12,3231.81,3294.23,3294.23,3231.14,11625404400,129354686387
2016-08-15,3303.47,3393.42,3417.91,3302.38,22054342100,258897463910
2016-08-16,3403.38,3378.25,3418.69,3372.02,19638974000,226785231085
2016-08-17,3377.77,3373.05,3394.39,3356.92,13884768800,167917530856
2016-08-18,3369.95,3364.49,3394.79,3349.69,14238016900,172256533000
2016-08-19,3358.55,3365.02,3374.05,3341.19,11996150800,135382706293
2016-08-22,3364.68,3336.79,3372.83,3335.47,10795100800,128201783812
2016-08-23,3332.62,3341.83,3359.65,3324.96,9292451600,108503692377
2016-08-24,3341.93,3329.86,3348.13,3323.73,8119142900,94012832200
2016-08-25,3314.08,3308.97,3315.08,3279.81,10058915300,112578140010
2016-08-26,3312.5,3307.09,3328.95,3301.74,8153069100,93213205560
2016-08-29,3306.57,3307.78,3315.08,3297.07,7703633300,88011642022
2016-08-30,3310.32,3311.99,3325.12,3304.6,7572598700,89513016667
2016-08-31,3310.57,3327.79,3333.97,3304.66,7957080500,99215044445
2016-09-01,3326.74,3301.58,3329.35,3301.21,8494721900,100911462823
2016-09-02,3298.72,3314.11,3320.43,3295.76,8279180300,99396378584
2016-09-05,3321.01,3319.68,3338.42,3314.63,7829247700,87531089645
2016-09-06,3322.02,3342.63,3347.95,3300.13,9828399800,118366533426
2016-09-07,3344.07,3340.82,3357.36,3337.75,10294010600,115119908617
2016-09-08,3338.01,3339.56,3343.39,3328.23,7191615800,83742346850
2016-09-09,3339.37,3318.04,3344.95,3318.04,8265703600,95471188732
2016-09-12,3271.87,3262.6,3276.72,3234.57,12291768200,134456630927
2016-09-13,3265.34,3260.33,3269.22,3246.39,6718028800,76862644231
2016-09-14,3245.74,3238.73,3254.99,3231.34,7043269700,79780746436
2016-09-19,3242.74,3263.12,3264.9,3242.74,5883108200,67678031642
2016-09-20,3264.66,3257.4,3265.04,3252.39,5278420600,61626150818
2016-09-21,3257.71,3266.64,3270.9,3254.32,5914297900,68957744044
2016-09-22,3281.47,3291.12,3303.2,3277.98,7575354200,89991761655
2016-09-23,3292.28,3275.67,3293.92,3275.03,5799398600,68046257250
2016-09-26,3267.69,3220.28,3267.69,3220.28,7045218600,78700835132
2016-09-27,3214.87,3240.75,3240.78,3214.44,5846055000,66651130361
2016-09-28,3243.65,3230.89,3243.65,3228.0,4472749800,51996404752
2016-09-29,3234.86,3244.39,3257.77,3234.8,5545255600,62220302312
2016-09-30,3240.18,3253.28,3260.94,3239.04,4497802200,52655734553
2016-10-10,3265.36,3293.87,3294.64,3258.96,8051926000,89607989896
2016-10-11,3296.87,3306.56,3308.0,3292.88,8771316300,88213421183
2016-10-12,3299.14,3300.01,3302.56,3289.75,6866978100,72386912616
2016-10-13,3299.16,3302.65,3307.41,3292.4,8122419800,79923748596
2016-10-14,3298.73,3305.85,3306.69,3285.73,8231627100,81485597806
2016-10-17,3305.96,3277.88,3309.01,3271.54,8611350900,88199418936
2016-10-18,3272.68,3321.33,3321.33,3272.68,10286071400,104625044142
2016-10-19,3323.3,3316.24,3332.52,3309.83,10116772500,96354442199
2016-10-20,3317.18,3318.6,3324.9,3312.17,7923887100,82481095277
2016-10-21,3315.72,3327.74,3341.56,3309.18,10978517600,107114926126
2016-10-24,3332.51,3367.58,3382.83,3330.97,15301434500,150063007899
2016-10-25,3367.48,3367.45,3373.91,3356.59,11119169300,110576512916
2016-10-26,3365.2,3354.8,3367.83,3349.57,9802478600,104719318220
2016-10-27,3351.46,3345.7,3352.35,3335.13,7762985100,85241012414
2016-10-28,3347.14,3340.13,3370.75,3337.29,9313330900,104797971448
2016-10-31,3332.41,3336.28,3340.47,3317.33,7135286300,80701820968
2016-11-01,3338.71,3359.05,3359.39,3334.46,7493819900,84717683750
2016-11-02,3350.71,3333.35,3356.4,3331.38,9119710400,100348995733
2016-11-03,3326.9,3365.09,3379.99,3324.84,12622350400,137386468361
2016-11-04,3362.21,3354.17,3377.64,3348.43,10406965500,110813764577
2016-11-07,3353.44,3356.59,3362.74,3342.31,9987798800,94370876771
2016-11-08,3367.7,3371.12,3383.92,3361.13,10314828200,105138256061
2016-11-09,3370.6,3353.05,3373.1,3322.08,13911005900,145186921690
2016-11-10,3374.91,3390.61,3403.02,3374.91,13470553500,133277399553
2016-11-11,3387.95,3417.22,3422.67,3382.89,19878149600,190647270040
2016-11-14,3409.22,3430.25,3452.62,3408.14,21324710500,208353308629
2016-11-15,3428.87,3429.87,3434.92,3415.99,13456632000,135206770523
2016-11-16,3432.43,3429.59,3435.64,3419.24,12980851100,128944599173
2016-11-17,3423.47,3436.53,3437.67,3412.88,12156173100,121576882948
2016-11-18,3437.49,3417.46,3443.12,3413.27,11595120500,117345607612
2016-11-21,3412.65,3441.11,3463.14,3412.08,14643452900,147542589349
2016-11-22,3443.22,3468.36,3469.22,3443.22,16852344600,167250665827
2016-11-23,3473.89,3474.73,3492.96,3465.76,16238850400,171247116196
2016-11-24,3468.81,3488.74,3508.16,3467.01,14574630100,165071453531
2016-11-25,3490.04,3521.3,3521.3,3463.95,15362150600,166832181108
2016-11-28,3538.68,3535.08,3553.36,3528.32,20737548300,219859766828
2016-11-29,3525.9,3564.04,3583.72,3521.38,23691835600,248322816339
2016-11-30,3557.64,3538.0,3567.07,3527.02,17856017800,190681227631
2016-12-01,3543.96,3565.04,3575.97,3543.24,18017076100,199637742998
2016-12-02,3559.77,3528.95,3562.55,3516.79,19635548000,203742147476
2016-12-05,3473.69,3469.41,3496.88,3457.34,18085235500,190175061733
2016-12-06,3466.24,3459.15,3477.59,3456.81,11552909000,125727753193
2016-12-07,3458.37,3475.75,3475.75,3445.76,11434510300,115282194223
2016-12-08,3481.81,3470.14,3484.34,3466.51,11738392200,119188508676
2016-12-09,3464.87,3493.7,3507.93,3461.76,15030330800,152674867707
2016-12-12,3489.27,3409.18,3495.8,3400.79,18746775100,199163540831
2016-12-13,3394.21,3405.04,3416.21,3370.6,12110509700,124454188749
2016-12-14,3399.41,3378.95,3412.28,3378.27,12400774400,126182669414
2016-12-15,3363.86,3340.43,3378.04,3327.14,11496066000,121507811540
2016-12-16,3335.36,3346.03,3356.29,3330.49,9077542200,98112206845
2016-12-19,3342.34,3328.98,3344.86,3325.0,8164067800,86095693838
2016-12-20,3328.3,3309.06,3329.1,3289.27,8756959200,88527345889
2016-12-21,3313.75,3338.54,3342.48,3313.75,10825499500,106205485213
2016-12-22,3335.12,3335.67,3340.36,3322.72,9227724900,92564877570
2016-12-23,3333.4,3307.6,3334.89,3300.88,9744471300,99575473231
2016-12-26,3293.22,3322.4,3322.42,3267.05,8979398200,95493219936
2016-12-27,3319.21,3316.39,3330.23,3315.83,7548635900,79617133030
2016-12-28,3315.75,3301.89,3320.55,3293.17,6900043700,71759839566
2016-12-29,3297.04,3297.76,3312.11,3288.1,7008792300,75972960431
2016-12-30,3302.6,3310.08,3313.55,3295.75,7174411600,76921368838
2017-01-03,3313.95,3342.23,3345.26,3313.95,8656789600,87612765768
2017-01-04,3340.56,3368.31,3369.57,3338.15,9005082700,98014355468
2017-01-05,3368.34,3367.79,3373.41,3361.46,8833635700,91189339582
2017-01-06,3366.85,3347.67,3368.87,3346.89,8745911400,91072256748
2017-01-09,3345.75,3363.9,3366.22,3344.35,8370794200,87916115243
2017-01-10,3361.64,3358.27,3370.51,3354.09,8381916000,82533965080
2017-01-11,3355.8,3334.5,3366.63,3334.3,9107143800,86750457122
2017-01-12,3332.69,3317.62,3343.13,3315.96,8123913500,75031886874
2017-01-13,3317.96,3319.91,3338.17,3309.37,8418058900,84556101403
2017-01-16,3314.15,3319.45,3322.78,3264.21,15777913500,153262520121
2017-01-17,3305.6,3326.36,3327.38,3292.2,6945332800,74754505696
2017-01-18,3323.34,3339.37,3350.96,3320.41,7062322700,75680677264
2017-01-19,3330.95,3329.29,3346.5,3324.68,6615980800,63869709163
2017-01-20,3326.98,3354.89,3358.41,3326.37,6530046200,70831324310
2017-01-23,3359.05,3364.08,3378.74,3355.85,7555749800,76492660154
2017-01-24,3363.14,3364.45,3371.32,3355.9,6619422600,66049651289
2017-01-25,3361.66,3375.9,3376.44,3357.22,5837693100,62483395802
2017-01-26,3378.26,3387.96,3395.88,3378.26,6531664700,66488818305
2017-02-03,3390.93,3364.49,3392.48,3362.57,5518886100,57113853255
2017-02-06,3368.11,3373.21,3381.33,3358.75,6852136000,73408134768
2017-02-07,3371.77,3365.68,3376.71,3354.63,6375446200,69758178999
2017-02-08,3361.78,3383.29,3383.69,3347.43,7540287900,82869735773
2017-02-09,3381.9,3396.29,3406.59,3379.79,9755851500,102134228699
2017-02-10,3398.32,3413.49,3422.33,3398.03,12376872000,121908580284
2017-02-13,3416.92,3436.28,3439.54,3416.87,12014453800,125332998844
2017-02-14,3438.51,3435.8,3440.67,3424.4,9480946500,98537165438
2017-02-15,3435.39,3421.71,3448.03,3417.08,12764333800,124653179488
2017-02-16,3421.83,3440.93,3440.93,3418.35,10827696200,101809767504
2017-02-17,3443.62,3421.44,3457.56,3419.61,11460003600,118033129670
2017-02-20,3421.64,3471.39,3472.6,3421.64,13262886200,134681505159
2017-02-21,3475.06,3482.82,3490.09,3472.02,11484200900,120675429543
2017-02-22,3483.2,3489.76,3489.95,3473.52,10281599400,109232425841
2017-02-23,3487.57,3473.32,3492.96,3460.12,9953633000,106555922466
2017-02-24,3468.96,3473.85,3473.85,3455.25,9553513300,99875164759
2017-02-27,3471.13,3446.22,3472.84,3441.39,9867216000,106830874529
2017-02-28,3445.03,3452.81,3460.91,3441.36,7521526000,81979307361
2017-03-01,3452.21,3458.44,3472.7,3449.11,10326035400,109317781348
2017-03-02,3463.48,3435.1,3468.47,3434.0,8989807700,97876187925
2017-03-03,3424.66,3427.86,3428.88,3412.83,8099465200,90009618835
2017-03-06,3427.25,3446.48,3449.03,3425.9,8307088200,95178548496
2017-03-07,3446.16,3453.96,3454.04,3440.06,8033472000,94483824245
2017-03-08,3452.2,3448.73,3457.04,3441.26,7958769000,89124904682
2017-03-09,3442.9,3426.94,3443.05,3414.68,8457038100,90090049490
2017-03-10,3423.98,3427.89,3436.24,3423.94,7001619900,82161714923
2017-03-13,3425.67,3458.1,3458.1,3412.69,9168412400,108489140923
2017-03-14,3456.66,3456.69,3465.39,3448.9,7707796300,95317564129
2017-03-15,3452.21,3463.64,3463.92,3445.27,7910495400,94056256667
2017-03-16,3472.27,3481.51,3492.13,3472.27,10633391300,124695573677
2017-03-17,3485.31,3445.81,3488.5,3441.47,10375556000,122368918550
2017-03-20,3449.05,3449.61,3454.06,3429.83,8873432200,103769403897
2017-03-21,3449.77,3466.35,3466.7,3445.64,8770785500,113528201390
2017-03-22,3450.75,3450.05,3464.33,3433.5,10493589400,123865640377
2017-03-23,3452.41,3461.98,3470.82,3435.69,9431806200,115813813702
2017-03-24,3464.2,3489.6,3499.32,3461.11,12564583300,141752526681
2017-03-27,3488.76,3478.04,3505.98,3474.52,10701537700,124388012134
2017-03-28,3480.25,3469.81,3482.29,3461.47,8419482000,97495938765
2017-03-29,3472.97,3465.19,3483.06,3455.55,10485170600,114663468279
2017-03-30,3461.62,3436.76,3467.3,3422.37,11637692200,122088021630
2017-03-31,3434.82,3456.05,3456.31,3430.82,9157749100,100984904830
2017-04-05,3476.42,3503.89,3504.54,3475.15,14339901700,160742981172
2017-04-06,3507.99,3514.05,3517.78,3495.72,13676700400,145221644165
2017-04-07,3514.45,3517.46,3526.82,3506.39,14029320400,144559675567
2017-04-10,3519.46,3505.14,3522.8,3502.08,14188738000,155747834572
2017-04-11,3503.83,3517.33,3520.13,3466.14,16594583200,189457268655
2017-04-12,3514.57,3509.44,3523.1,3498.0,18182453700,202154571423
2017-04-13,3500.28,3514.57,3518.44,3496.57,12998181300,133345929014
2017-04-14,3516.81,3486.5,3517.47,3476.95,13547407800,130425385379
2017-04-17,3475.74,3479.94,3480.57,3453.68,11716496100,123884371227
2017-04-18,3474.89,3462.74,3489.08,3462.63,11092782300,126790853425
2017-04-19,3452.99,3445.88,3459.35,3418.51,12134926400,127050362407
2017-04-20,3444.52,3461.55,3465.61,3440.72,11418420800,133977258346
2017-04-21,3461.39,3466.79,3475.56,3449.54,10441911000,115208831746
2017-04-24,3458.23,3431.26,3458.23,3403.98,11466079100,122778154321
2017-04-25,3427.73,3440.97,3449.67,3422.65,9407214800,107599357209
2017-04-26,3440.25,3445.18,3466.57,3439.15,11194002900,131316579235
2017-04-27,3435.1,3446.72,3449.27,3399.54,12329842500,134610947828
2017-04-28,3439.57,3439.75,3439.9,3417.24,10163235100,113761006698
2017-05-02,3427.92,3426.58,3436.31,3418.67,9279746200,101635858602
2017-05-03,3421.76,3413.13,3432.22,3403.08,9166962400,97854119098
2017-05-04,3404.94,3404.39,3421.4,3391.28,10348207500,106985952575
2017-05-05,3393.48,3382.55,3395.45,3366.56,10989533300,117464939578
2017-05-08,3369.11,3358.81,3374.16,3339.57,12374928700,126885426472
2017-05-09,3342.6,3352.53,3358.05,3327.59,7677166800,85528831749
2017-05-10,3350.65,3337.7,3369.43,3336.0,9208262800,102194980791
2017-05-11,3322.95,3356.65,3359.6,3312.89,10925289000,111576379054
2017-05-12,3350.94,3385.38,3387.27,3349.17,9338646600,97522124594
2017-05-15,3391.59,3399.19,3406.58,3391.59,8297761100,92183332845
2017-05-16,3390.93,3428.65,3428.85,3373.55,10524241600,112814103201
2017-05-17,3423.19,3409.97,3433.97,3408.15,9973683700,110553451835
2017-05-18,3387.67,3398.11,3409.93,3383.93,8575958900,88091166041
2017-05-19,3395.23,3403.85,3405.94,3392.38,7147352500,78397081602
2017-05-22,3400.59,3411.24,3424.18,3391.17,9253955900,99021121578
2017-05-23,3405.03,3424.19,3434.77,3401.53,11691103300,126767856025
2017-05-24,3409.72,3424.17,3424.17,3383.89,8355316100,92620045548
2017-05-25,3414.4,3485.66,3490.42,3413.22,13072163100,136634020807
2017-05-26,3479.62,3480.43,3498.31,3473.04,10324115300,112585907354
2017-05-31,3495.07,3492.88,3515.08,3474.92,10482974400,115968725310
2017-06-01,3485.22,3497.74,3499.81,3476.43,10312772400,116088766249
2017-06-02,3491.59,3486.51,3498.12,3470.2,8266801000,92850747181
2017-06-05,3480.17,3468.75,3484.12,3462.31,7973815200,85609467477
2017-06-06,3464.38,3492.88,3492.88,3460.45,6408938800,77868793730
2017-06-07,3493.88,3533.87,3537.09,3491.13,10441996800,124189288483
2017-06-08,3531.24,3560.98,3562.27,3528.18,9022490500,112035619671
2017-06-09,3561.24,3576.17,3590.89,3560.63,10118826500,121700586716
2017-06-12,3570.22,3574.39,3603.69,3565.9,9038116700,117690802225
2017-06-13,3569.16,3582.27,3584.41,3559.21,7517713800,94223084812
2017-06-14,3571.25,3535.3,3571.25,3530.27,8381078300,106105319868
2017-06-15,3530.75,3528.79,3542.28,3508.95,8263253500,106053901141
2017-06-16,3522.97,3518.76,3536.14,3514.39,7645270700,91462286377
2017-06-19,3520.06,3553.67,3554.91,3520.06,7979714100,98572358252
2017-06-20,3560.79,3546.49,3563.7,3539.51,8050955900,98187595478
2017-06-21,3567.13,3587.95,3587.99,3545.57,8785982400,117147797136
2017-06-22,3583.56,3590.34,3635.53,3581.34,13552698700,169418803351
2017-06-23,3583.44,3622.88,3623.24,3569.32,10512913400,133975111796
2017-06-26,3627.02,3668.09,3671.94,3627.02,13463799500,170736841952
2017-06-27,3665.58,3674.72,3676.53,3648.76,9755870200,123057231694
2017-06-28,3664.16,3646.17,3672.19,3644.03,9792085800,124465947132
2017-06-29,3649.25,3668.83,3669.13,3644.73,8558949800,111847266867
2017-06-30,3654.73,3666.8,3669.76,3646.23,8151002800,102459981992
2017-07-03,3667.23,3650.85,3667.6,3633.78,8882086000,115214687872
2017-07-04,3646.83,3619.98,3646.85,3611.69,9507141300,125350417552
2017-07-05,3611.9,3659.68,3660.73,3610.46,8823242500,120351565382
2017-07-06,3654.56,3660.1,3666.77,3629.56,10237924500,132837126778
2017-07-07,3647.64,3655.93,3657.11,3631.87,10373549700,123465392616
2017-07-10,3647.94,3653.69,3667.85,3641.53,12059191000,141034626508
2017-07-11,3646.88,3670.81,3701.21,3645.99,11876082600,145084363277
2017-07-12,3672.63,3658.82,3691.58,3640.59,12228779200,143494599072
2017-07-13,3656.35,3686.92,3690.48,3652.57,12566954900,146388679598
2017-07-14,3682.62,3703.09,3703.09,3672.74,10551400500,121021448889
2017-07-17,3700.62,3663.56,3716.47,3621.37,17882160000,196217253798
2017-07-18,3648.49,3667.18,3667.54,3622.04,12462205600,141472283974
2017-07-19,3660.87,3729.75,3731.05,3658.2,18247778700,198392451748
2017-07-20,3725.14,3747.88,3750.19,3723.07,14241003900,169267149940
2017-07-21,3738.18,3728.6,3751.69,3722.07,11794122600,141432632987
2017-07-24,3724.38,3743.47,3755.19,3719.85,13486872200,154701874682
2017-07-25,3742.64,3719.56,3752.16,3713.28,12167205900,133531656186
2017-07-26,3722.88,3705.39,3738.53,3684.18,13632521000,146518004915
2017-07-27,3700.86,3712.19,3716.69,3672.5,14500290400,161631225346
2017-07-28,3703.49,3721.89,3725.54,3696.78,11141139200,125817861948
2017-07-31,3722.43,3737.87,3746.52,3713.66,14842903900,160890133166
2017-08-01,3738.74,3770.38,3770.4,3737.1,15254653900,173127578959
2017-08-02,3768.19,3760.85,3784.35,3759.28,17229338300,189336782813
2017-08-03,3755.11,3727.83,3766.35,3718.44,14615394400,164710461600
2017-08-04,3724.72,3707.58,3738.73,3707.0,15747006000,168292664589
2017-08-07,3701.22,3726.79,3730.78,3689.96,12423153000,134348537498
2017-08-08,3724.33,3732.21,3737.33,3718.81,13724192800,146481868919
2017-08-09,3728.03,3731.04,3739.0,3713.57,12467998900,137223598286
2017-08-10,3724.96,3715.92,3746.86,3688.18,13008512800,148005169417
2017-08-11,3687.93,3647.35,3700.49,3645.09,15038742100,161083470412
2017-08-14,3651.38,3694.68,3698.37,3651.38,11530845100,140233894117
2017-08-15,3695.78,3706.06,3719.29,3692.28,10644485700,124790630952
2017-08-16,3701.13,3701.42,3707.14,3679.73,10413414100,127282165884
2017-08-17,3707.07,3721.28,3722.62,3704.41,10865625100,137020002920
2017-08-18,3707.19,3724.67,3733.49,3700.41,9656170500,123078163944
2017-08-21,3731.84,3740.99,3744.26,3728.62,10031307300,123911716276
2017-08-22,3745.75,3752.3,3758.29,3734.56,10029285600,131131078398
2017-08-23,3747.61,3756.09,3772.46,3741.72,10496157300,124081155710
2017-08-24,3755.89,3734.65,3765.71,3729.09,8994737200,107736019091
2017-08-25,3736.29,3795.75,3795.97,3736.29,12994090000,150697083062
2017-08-28,3805.66,3842.71,3866.94,3805.66,18557632500,236446280855
2017-08-29,3839.18,3834.54,3847.93,3825.76,12822707000,158978683685
2017-08-30,3834.27,3834.3,3854.71,3827.86,14135285700,166235122004
2017-08-31,3835.84,3822.09,3840.2,3800.89,13294493500,157079216083
2017-09-01,3825.34,3830.54,3843.62,3818.16,15864551100,182770431967
2017-09-04,3828.54,3845.62,3847.09,3813.55,14956632000,175551068278
2017-09-05,3845.55,3857.05,3865.29,3841.95,12496415500,145779755314
2017-09-06,3846.75,3849.45,3858.25,3831.38,13139872300,155883314756
2017-09-07,3851.69,3829.87,3858.16,3828.84,12388418100,156113397125
2017-09-08,3830.07,3825.99,3843.02,3813.98,10603650400,134958583983
2017-09-11,3828.34,3825.65,3850.74,3817.51,12388399700,154793900773
2017-09-12,3832.24,3837.93,3849.39,3822.0,14419024200,187605312030
2017-09-13,3835.55,3842.61,3847.78,3822.94,9541078500,126254360933
2017-09-14,3843.57,3829.96,3854.49,3820.09,11535858300,143111639152
2017-09-15,3826.14,3831.3,3843.3,3818.52,12242700600,153477215180
2017-09-18,3832.96,3843.14,3862.36,3832.96,11793440500,152841028494
2017-09-19,3849.88,3832.12,3857.3,3820.29,11243298700,145528457523
2017-09-20,3830.15,3842.44,3850.94,3827.89,10112954200,135041882371
2017-09-21,3843.26,3837.82,3860.8,3837.38,11109819200,144132893229
2017-09-22,3826.46,3837.73,3842.25,3816.82,10061980200,128360894859
2017-09-25,3829.22,3817.79,3835.39,3811.12,10394897600,135980239129
2017-09-26,3810.33,3820.78,3821.69,3808.38,8186940700,101036334815
2017-09-27,3818.96,3821.2,3832.57,3818.81,8565581100,109299492247
2017-09-28,3821.59,3822.54,3827.33,3813.75,9354406900,115646338522
2017-09-29,3825.2,3836.5,3852.22,3825.2,9330602800,116056776566
2017-10-09,3910.11,3882.21,3918.84,3876.03,13553585100,171941460832
2017-10-10,3883.0,3889.86,3900.74,3855.47,11253258600,157979737603
2017-10-11,3886.82,3902.69,3913.07,3885.5,10441815100,144152740056
2017-10-12,3902.02,3912.95,3917.44,3897.55,9434092100,123147248618
2017-10-13,3912.97,3921.0,3927.17,3908.89,9014206800,114314854703
2017-10-16,3926.28,3913.45,3947.42,3913.32,12135503300,150823756592
2017-10-17,3910.79,3913.07,3924.61,3900.48,8224122700,106708451684
2017-10-18,3914.82,3944.16,3944.41,3914.82,10096984100,126420379660
2017-10-19,3940.58,3931.25,3944.03,3923.65,10652725200,133189855169
2017-10-20,3918.53,3926.85,3928.96,3910.2,7298018000,94529636639
2017-10-23,3930.89,3930.8,3936.27,3920.66,8148498000,100280911371
2017-10-24,3926.23,3959.4,3959.5,3922.03,9305815400,120192150584
2017-10-25,3958.17,3976.95,3978.09,3954.0,8820545800,106820309535
2017-10-26,3980.05,3993.58,4013.6,3973.55,12989546500,170488618587
2017-10-27,3992.55,4021.97,4024.46,3991.35,12667284600,152974831071
2017-10-30,4022.16,4009.72,4033.34,3960.27,15738760300,193489838439
2017-10-31,3995.39,4006.72,4009.28,3983.26,10917877900,142897206949
2017-11-01,4007.91,3996.62,4032.46,3991.32,13041738000,166477138571
2017-11-02,3994.09,3997.13,3999.23,3971.38,12610057900,151981363640
2017-11-03,3992.35,3992.7,3999.34,3963.03,12940443900,158142056585
2017-11-06,3989.18,4020.89,4021.64,3975.41,12208115900,158911861111
2017-11-07,4022.4,4054.25,4064.22,4021.36,15211666300,193990974032
2017-11-08,4051.49,4048.01,4089.15,4040.58,15082771900,200949740671
2017-11-09,4043.07,4075.9,4076.61,4038.4,12105633500,159247198176
2017-11-10,4070.28,4111.91,4116.71,4067.66,14181716500,198869833811
2017-11-13,4115.55,4128.07,4137.65,4115.55,15144630900,205930794541
2017-11-14,4129.27,4099.35,4133.55,4086.89,14323693600,199605009025
2017-11-15,4084.21,4073.67,4102.81,4055.72,12063569600,177753075436
2017-11-16,4063.49,4105.01,4107.62,4062.27,12138441400,172903880580
2017-11-17,4094.08,4120.85,4122.38,4081.37,19178411900,253079314045
2017-11-20,4093.73,4143.83,4144.51,4060.96,13744725800,191589637482
2017-11-21,4131.85,4217.7,4220.26,4129.98,18035082100,253302199628
2017-11-22,4228.37,4227.57,4260.64,4191.15,18647700300,254298361690
2017-11-23,4213.38,4102.4,4214.19,4086.9,17814722800,237536704704
2017-11-24,4089.47,4104.2,4116.59,4057.49,13085804000,182912191367
2017-11-27,4088.93,4049.95,4088.93,4037.15,14345526800,183004551223
2017-11-28,4034.21,4055.82,4056.48,4010.3,10205809500,135539647289
2017-11-29,4061.35,4053.75,4069.24,4004.69,12455364200,165743341284
2017-11-30,4034.01,4006.1,4052.8,3988.0,10798334500,145829948321
2017-12-01,4003.56,3998.14,4027.11,3984.38,9738691300,136010927567
2017-12-04,3989.05,4018.86,4032.99,3982.32,10264721900,138223055525
2017-12-05,4007.94,4040.17,4045.93,4006.54,15408707600,196337660259
2017-12-06,4027.12,4015.82,4031.75,3964.81,10928620500,144114954180
2017-12-07,4003.58,3971.06,4017.95,3955.99,9025404500,119651201504
2017-12-08,3962.83,4003.38,4014.14,3955.44,8928286100,124371230332
2017-12-11,4006.88,4069.5,4069.5,4005.27,9714894600,148476588469
2017-12-12,4068.51,4016.02,4070.15,4015.45,8433871800,123515183182
2017-12-13,4013.83,4050.09,4052.69,4004.74,7754613100,115006383360
2017-12-14,4050.9,4026.15,4057.62,4013.85,8076886200,115086944924
2017-12-15,4018.73,3980.86,4020.27,3974.93,8904438900,118474144231
2017-12-18,3983.3,3985.29,4008.07,3967.93,7785337500,111724349856
2017-12-19,3985.82,4035.33,4035.63,3985.82,7752898500,115998204342
2017-12-20,4036.02,4030.49,4044.85,4015.63,9060450300,126812878124
2017-12-21,4023.08,4067.85,4080.78,4014.65,9683608900,137819520871
2017-12-22,4064.91,4054.6,4076.8,4048.49,7347368400,104426496022
2017-12-25,4057.42,4041.54,4086.93,4026.45,9192696200,129938839152
2017-12-26,4040.62,4053.62,4056.86,4015.3,9111879000,119725100617
2017-12-27,4045.28,3991.21,4047.74,3986.74,10515357700,140516907102
2017-12-28,3993.0,4018.9,4036.7,3980.24,11854288600,153636695762
2017-12-29,4022.88,4030.85,4043.14,4012.87,9048668300,121257038529
2018-01-02,4045.21,4087.4,4087.78,4045.21,14693543500,178402032875
2018-01-03,4091.46,4111.39,4140.05,4088.73,15185221800,205726889556
2018-01-04,4114.12,4128.81,4137.64,4105.89,13454379400,174523556133
2018-01-05,4133.34,4138.75,4151.28,4123.28,14900987200,185206293226
2018-01-08,4140.85,4160.16,4166.32,4127.31,17387766600,226403872932
2018-01-09,4157.54,4189.3,4191.28,4153.5,13903429400,181975079758
2018-01-10,4187.2,4207.81,4211.05,4175.14,15112166600,194850253886
2018-01-11,4197.11,4205.59,4211.8,4181.96,12157853900,170407305946
2018-01-12,4205.14,4225.0,4227.39,4199.03,11135479400,157606210635
2018-01-15,4229.84,4225.24,4262.93,4216.36,17090789700,234986586088
2018-01-16,4215.62,4258.47,4260.21,4213.13,16149496300,228271224756
2018-01-17,4261.78,4248.12,4283.34,4230.54,21431103200,284554359815
2018-01-18,4259.38,4271.42,4292.64,4246.68,17203284600,225289688909
2018-01-19,4281.94,4285.4,4316.57,4269.62,20949057000,258554725360
2018-01-22,4276.48,4336.6,4338.48,4275.9,17464319500,233960223311
2018-01-23,4346.89,4382.61,4383.57,4346.79,20186758500,257113359897
2018-01-24,4389.45,4389.89,4397.82,4349.09,21981888900,284470809530
2018-01-25,4381.98,4365.08,4392.2,4336.24,19537495000,250308091870
2018-01-26,4352.22,4381.3,4403.34,4351.49,17722723700,223331309122
2018-01-29,4387.06,4302.02,4395.91,4287.11,19110035400,256176323789
2018-01-30,4286.68,4256.1,4308.51,4251.57,13903473000,186650566155
2018-01-31,4234.11,4275.9,4287.86,4232.77,14521016400,194401798025
2018-02-01,4276.34,4245.9,4287.39,4214.29,19000293400,239230298933
2018-02-02,4213.94,4271.23,4271.76,4181.78,14606682700,191169867288
2018-02-05,4204.46,4274.15,4274.15,4200.14,16134779900,217360144504
2018-02-06,4182.33,4148.89,4211.52,4131.56,21491045000,279415083155
2018-02-07,4205.74,4050.5,4212.57,4048.42,20312749300,261507027391
2018-02-08,4022.88,4012.05,4071.67,3974.68,15926998500,199061771955
2018-02-09,3896.17,3840.65,3911.29,3759.15,20634982800,246774828431
2018-02-12,3846.27,3890.1,3907.84,3828.07,11618263700,149858043556
2018-02-13,3925.6,3935.63,3986.98,3925.6,11256588500,144479354377
2018-02-14,3945.09,3966.96,3971.4,3923.13,7108133800,93110201390
2018-02-22,4020.97,4052.73,4058.79,4009.92,10581157100,138334361735
2018-02-23,4061.75,4071.09,4085.2,4035.23,9945874600,128195835194
2018-02-26,4093.4,4118.42,4128.74,4048.98,13788100100,179013093605
2018-02-27,4120.87,4058.98,4120.87,4051.81,12593447000,169684900954
2018-02-28,4016.79,4023.64,4051.71,3991.71,10934359300,152493909262
2018-03-01,3994.87,4049.09,4061.03,3986.89,11019985200,146003456663
2018-03-02,4014.95,4016.46,4044.42,4006.94,9616500000,130931181201
2018-03-05,4021.66,4018.1,4042.83,3995.87,8795254800,118197859452
2018-03-06,4034.99,4066.56,4067.55,3998.93,13876244400,171370654136
2018-03-07,4063.5,4036.65,4089.7,4027.94,10695242600,136572305560
2018-03-08,4038.95,4077.6,4078.23,4029.71,9115581000,123634637120
2018-03-09,4088.07,4108.87,4110.67,4076.45,11370180800,150024119651
2018-03-12,4130.71,4127.67,4139.53,4112.77,14090673900,190367593786
2018-03-13,4124.33,4091.25,4130.28,4087.56,11176643000,141174160638
2018-03-14,4076.06,4073.34,4089.09,4066.49,9901340900,131537959370
2018-03-15,4058.71,4096.16,4098.99,4058.71,8816115600,126882452702
2018-03-16,4096.89,4056.42,4110.05,4055.82,8489618800,122125342027
2018-03-19,4054.62,4074.25,4074.52,4033.52,8150288200,118183815140
2018-03-20,4045.74,4077.7,4080.19,4040.31,8060528000,111980234031
2018-03-21,4097.02,4061.05,4110.12,4046.24,9760948800,139330411871
2018-03-22,4062.07,4020.35,4072.38,4003.72,8909525900,127664337990
2018-03-23,3896.74,3904.94,3928.51,3834.94,18008044900,218905031317
2018-03-26,3862.69,3879.89,3883.9,3829.92,11513912800,156604527227
2018-03-27,3927.49,3913.27,3936.78,3881.87,11370071100,162291546573
2018-03-28,3865.05,3842.72,3907.28,3835.88,10149490800,155848951057
2018-03-29,3854.59,3894.05,3913.96,3794.26,11662906600,164996782981
2018-03-30,3893.75,3898.5,3915.35,3879.21,9751227000,137959280455
2018-04-02,3897.01,3886.92,3937.02,3882.89,11124266600,159356080038
2018-04-03,3850.15,3862.48,3878.15,3839.93,9513736900,132049936105
2018-04-04,3873.63,3854.86,3898.61,3852.5,8873060900,131593067938
2018-04-09,3851.95,3852.93,3870.67,3827.41,8410546200,118167273509
2018-04-10,3860.72,3927.17,3927.42,3851.8,10617372200,137941300225
2018-04-11,3934.17,3938.34,3958.71,3924.96,11193302100,139989290630
2018-04-12,3935.67,3898.64,3937.78,3896.18,8269949000,108075565476
2018-04-13,3920.74,3871.14,3929.95,3866.19,7154420300,98921826969
2018-04-16,3862.47,3808.86,3869.16,3789.61,9921777000,131566866868
2018-04-17,3812.87,3748.64,3822.63,3745.44,9061079000,126518751972
2018-04-18,3785.31,3766.28,3789.66,3708.11,10667670600,143077676004
2018-04-19,3774.78,3811.84,3824.03,3767.8,9905406000,127520121562
2018-04-20,3801.21,3760.85,3815.44,3750.1,9928292500,123550664541
2018-04-23,3754.69,3766.33,3787.4,3735.18,9035629100,111763031500
2018-04-24,3769.88,3843.49,3854.43,3769.88,11421952500,145700512791
2018-04-25,3824.59,3828.7,3838.69,3817.03,7817261200,105750449452
2018-04-26,3823.39,3755.49,3828.71,3744.89,8715064100,125772304515
2018-04-27,3771.04,3756.88,3776.98,3714.64,8953172600,142113627600
2018-05-02,3769.93,3763.65,3787.3,3744.55,8330103500,120083483290
2018-05-03,3756.17,3793.0,3797.53,3732.37,9396111800,122740168864
2018-05-04,3784.32,3774.6,3801.52,3770.94,7155428800,98315254609
2018-05-07,3782.54,3834.19,3834.59,3776.03,8728619500,126354800811
2018-05-08,3834.61,3878.68,3892.07,3833.73,9421515700,135445862529
2018-05-09,3876.13,3871.62,3878.94,3855.74,6671296600,92322896271
2018-05-10,3882.84,3893.06,3894.49,3867.31,7066780900,103255140585
2018-05-11,3902.15,3872.84,3903.34,3871.95,7335660400,107715457040
2018-05-14,3886.87,3909.29,3919.3,3886.87,8197599900,122520047995
2018-05-15,3920.14,3924.1,3924.34,3892.92,7604955500,106091905845
2018-05-16,3909.82,3892.84,3923.34,3889.19,7191364600,106533930265
2018-05-17,3895.49,3864.05,3899.51,3858.85,5903012300,87104164680
2018-05-18,3860.16,3903.06,3903.06,3841.9,7261395600,96823851809
2018-05-21,3925.54,3921.24,3937.46,3913.6,9264173700,120528726019
2018-05-22,3918.82,3906.21,3918.82,3881.17,7536877800,102883344897
2018-05-23,3898.27,3854.58,3898.27,3854.58,8372231900,110684503206
2018-05-24,3853.29,3827.22,3859.1,3823.92,6834502200,93408219637
2018-05-25,3823.74,3816.5,3841.12,3804.13,7083638600,95667543827
2018-05-28,3816.26,3833.26,3846.55,3799.32,7152113200,100001639047
2018-05-29,3824.19,3804.01,3841.78,3800.67,8155266200,117288580582
2018-05-30,3755.18,3723.37,3767.89,3722.07,8791328500,115858975810
2018-05-31,3749.3,3802.38,3804.79,3742.53,9266689400,130545422180
2018-06-01,3789.67,3770.59,3802.54,3753.84,7782181300,105934865863
2018-06-04,3785.19,3807.58,3813.41,3776.62,7662434100,115146468450
2018-06-05,3811.29,3845.32,3845.56,3800.93,7868736000,121261467224
2018-06-06,3839.68,3837.35,3848.33,3830.9,7311723700,107142041766
2018-06-07,3846.94,3831.01,3859.85,3827.69,8025614700,112365710702
2018-06-08,3819.45,3779.62,3819.46,3759.27,8333733500,107818798321
2018-06-11,3770.21,3779.98,3792.55,3756.51,6870983400,105597924649
2018-06-12,3783.19,3825.95,3830.47,3765.26,7320624400,116217139615
2018-06-13,3814.62,3788.34,3817.45,3782.07,6637797000,97185498920
2018-06-14,3774.64,3773.37,3808.16,3759.25,6847132200,99234014984
2018-06-15,3763.04,3753.43,3780.34,3737.43,8548889300,109534900847
2018-06-19,3702.67,3621.12,3712.82,3583.02,16070654200,193848797293
2018-06-20,3602.55,3635.44,3649.34,3578.17,8671809800,112804812786
2018-06-21,3633.56,3592.97,3673.56,3589.49,9390855200,115584149028
2018-06-22,3567.89,3608.9,3609.08,3542.46,7511786400,89687282053
2018-06-25,3625.8,3560.48,3631.03,3559.03,7987707800,106690345317
2018-06-26,3521.59,3531.11,3541.78,3478.21,8498526900,108132167346
2018-06-27,3525.13,3459.26,3537.66,3441.78,8149181700,107628896582
2018-06-28,3434.94,3423.53,3477.06,3416.95,7591805100,98570527345
2018-06-29,3431.96,3510.98,3512.38,3425.22,7725703100,97616367299
2018-07-02,3504.46,3407.96,3506.9,3383.5,8435144900,107601540659
2018-07-03,3410.48,3409.28,3422.04,3319.29,9527869300,129898019347
2018-07-04,3398.78,3363.75,3418.33,3359.09,7515799700,93648559089
2018-07-05,3365.55,3342.44,3398.49,3330.71,8158798100,97544619590
2018-07-06,3347.06,3365.12,3396.25,3295.73,8609757900,109481942501
2018-07-09,3378.91,3459.18,3459.32,3378.91,7660154500,100918863679
2018-07-10,3464.91,3467.52,3474.14,3437.27,6954882300,90127445728
2018-07-11,3398.93,3407.53,3427.57,3375.14,7204095000,89661507129
2018-07-12,3403.33,3481.06,3499.1,3403.33,9635356400,117805514793
2018-07-13,3488.5,3492.69,3499.76,3474.91,7295589700,99800184924
2018-07-16,3488.97,3472.09,3506.24,3459.73,6828199900,90754288081
2018-07-17,3466.42,3449.38,3467.19,3420.97,6198307600,85720563654
2018-07-18,3456.61,3431.32,3479.26,3430.16,6653033000,88556873195
2018-07-19,3444.8,3428.34,3466.51,3417.96,6847771600,88804907805
2018-07-20,3426.46,3492.89,3505.93,3398.95,10198472700,122196953815
2018-07-23,3471.86,3525.75,3527.53,3464.65,11903662700,143960930682
2018-07-24,3530.66,3581.71,3596.51,3530.66,15691243500,177448954019
2018-07-25,3589.51,3577.75,3589.98,3566.31,9675850100,112176694173
2018-07-26,3583.32,3536.25,3593.92,3528.64,9034964100,105577285189
2018-07-27,3533.77,3521.23,3545.41,3512.7,7017810400,81192174902
2018-07-30,3520.85,3515.08,3550.9,3489.55,8211699500,96183097601
2018-07-31,3510.47,3517.66,3528.15,3493.15,6798081700,80022152109
2018-08-01,3530.03,3447.39,3543.61,3446.78,9034861700,107477214866
2018-08-02,3434.35,3370.96,3434.35,3322.1,10130872700,122401283623
2018-08-03,3366.66,3315.28,3381.34,3315.2,7079691000,91395987151
2018-08-06,3312.82,3273.27,3344.25,3257.69,7797508300,97517991022
2018-08-07,3284.98,3368.87,3368.96,3263.5,9178391600,107512223951
2018-08-08,3362.15,3314.51,3368.16,3311.77,7928486500,90958912013
2018-08-09,3303.48,3397.53,3408.39,3299.62,9195757200,108802315182
2018-08-10,3398.41,3405.02,3424.04,3380.57,6896729900,85634522136
2018-08-13,3369.98,3390.34,3396.19,3336.7,7619153200,90869290864
2018-08-14,3386.48,3372.91,3391.73,3356.61,6065144600,72121992610
2018-08-15,3371.96,3291.98,3372.14,3288.71,6817405500,83402193917
2018-08-16,3251.86,3276.73,3315.2,3231.56,7654736600,89269175663
2018-08-17,3305.9,3229.62,3311.57,3224.1,6739541300,84452452537
2018-08-20,3238.22,3267.25,3267.25,3209.01,7090422800,88963382601
2018-08-21,3271.84,3326.65,3331.71,3270.03,7520558300,97925840441
2018-08-22,3328.97,3307.95,3328.97,3299.39,5078705700,66548536184
2018-08-23,3308.46,3320.03,3336.11,3285.81,6111233400,80212785557
2018-08-24,3308.48,3325.33,3353.04,3291.87,6376589700,77197847851
2018-08-27,3339.39,3406.57,3406.57,3339.26,9427008200,114960964550
2018-08-28,3408.15,3400.17,3416.59,3388.81,7544536300,94945949810
2018-08-29,3393.05,3386.57,3398.71,3377.12,6702040400,79072300213
2018-08-30,3385.81,3351.09,3402.56,3349.47,6838529000,80226052652
2018-08-31,3333.38,3334.5,3356.58,3310.87,7620563000,96091892858
2018-09-03,3320.69,3321.82,3325.61,3291.78,6642985500,81305681453
2018-09-04,3324.19,3363.9,3370.96,3307.96,6708880700,85892034874
2018-09-05,3349.7,3298.14,3354.2,3298.14,6430188800,80656675217
2018-09-06,3286.66,3262.88,3311.5,3253.76,6230028800,79373138215
2018-09-07,3273.89,3277.64,3316.61,3253.72,6394740800,81263439990
2018-09-10,3271.38,3230.07,3277.88,3227.85,6381705100,76175580336
2018-09-11,3229.71,3224.21,3245.62,3209.11,5849130500,67722118923
2018-09-12,3216.99,3202.02,3225.6,3194.98,5462789900,68887020055
2018-09-13,3239.69,3236.57,3249.59,3191.4,6729032700,85887962112
2018-09-14,3242.83,3242.09,3254.1,3227.94,6013064000,76481211955
2018-09-17,3224.93,3204.92,3230.79,3200.51,5225954700,60650940907
2018-09-18,3193.64,3269.43,3270.11,3193.64,7042503500,83899137593
2018-09-19,3262.0,3312.48,3335.99,3258.31,8917066600,109395423837
2018-09-20,3314.88,3310.13,3332.31,3303.07,6456105700,76660845175
2018-09-21,3320.7,3410.49,3410.49,3307.77,10841600500,123573117858
2018-09-25,3375.97,3379.8,3394.38,3367.03,6905469300,82870029933
2018-09-26,3388.56,3417.24,3448.26,3383.24,9317334300,119113319089
2018-09-27,3415.95,3403.59,3423.71,3394.73,6976524100,87573300844
2018-09-28,3409.96,3438.86,3444.99,3404.7,8437775600,94880274571
2018-10-08,3361.56,3290.9,3364.46,3285.25,9788898900,114164218382
2018-10-09,3290.17,3288.69,3309.8,3276.13,6672327400,78372941344
2018-10-10,3295.43,3281.6,3315.73,3256.58,6449282800,79166808584
2018-10-11,3179.54,3124.11,3209.52,3099.04,12094134200,125723084486
2018-10-12,3123.37,3170.73,3184.12,3094.97,9861115100,104423076622
2018-10-15,3173.85,3126.45,3183.13,3120.23,6960502300,77137696800
2018-10-16,3128.58,3100.97,3166.09,3089.37,6888772100,75206470956
2018-10-17,3140.68,3118.25,3149.13,3062.55,7683713800,86132695913
2018-10-18,3097.79,3044.39,3097.79,3043.38,7377196800,79703731918
2018-10-19,3017.75,3134.95,3137.75,3009.5,9883968800,110951369122
2018-10-22,3159.56,3270.27,3297.38,3159.56,14586204500,170651306178
2018-10-23,3273.13,3183.43,3276.02,3163.57,12101324100,142589176814
2018-10-24,3169.46,3188.2,3245.4,3164.29,11090974400,120954387288
2018-10-25,3107.84,3194.31,3197.32,3099.89,10695181700,113291746429
2018-10-26,3204.28,3173.64,3218.1,3151.92,10129935400,106070366759
2018-10-29,3157.49,3076.89,3158.81,3062.58,9183978900,108479490210
2018-10-30,3061.93,3110.26,3146.63,3050.77,11607010100,131767102718
2018-10-31,3116.66,3153.82,3168.92,3106.03,11120745500,117099697835
2018-11-01,3185.2,3177.03,3217.8,3173.1,13265337900,145919304280
2018-11-02,3258.61,3290.25,3290.25,3222.44,15346610400,178340643410
2018-11-05,3269.47,3262.84,3279.88,3230.36,10970668300,123630922688
2018-11-06,3254.98,3243.15,3254.98,3213.89,8386913800,91703898055
2018-11-07,3243.88,3221.91,3270.5,3218.42,9161552800,101814918974
2018-11-08,3251.73,3212.77,3253.57,3207.71,7641454000,85221664741
2018-11-09,3193.3,3167.44,3193.3,3166.31,8428276200,88194192201
2018-11-12,3160.25,3205.14,3206.51,3152.44,8806239100,97363052031
2018-11-13,3164.92,3237.38,3254.77,3161.1,12649346400,125603047265
2018-11-14,3233.64,3204.94,3239.24,3200.23,11380865900,105386565968
2018-11-15,3201.28,3242.37,3242.38,3198.78,9855881000,100119192332
2018-11-16,3242.88,3257.67,3282.39,3223.72,12687683500,135379803918
2018-11-19,3258.79,3294.6,3294.6,3251.07,11595659500,123188777592
2018-11-20,3268.08,3218.41,3278.78,3213.68,10936115400,114155066806
2018-11-21,3187.1,3226.49,3230.26,3185.24,8411972600,87813273908
2018-11-22,3232.97,3214.43,3235.45,3199.7,6509829100,70083372614
2018-11-23,3208.59,3143.48,3212.2,3139.39,8463825500,86864946183
2018-11-26,3148.67,3141.24,3169.44,3131.64,5937914000,61899479598
2018-11-27,3152.77,3137.24,3162.01,3126.29,5540783200,61946261110
2018-11-28,3137.75,3178.93,3179.41,3126.62,7488195500,77620553113
2018-11-29,3198.83,3137.65,3204.86,3137.65,8049846600,86927611883
2018-11-30,3136.2,3172.69,3175.15,3132.42,7092104400,77297697684
2018-12-03,3260.69,3260.95,3273.64,3228.36,12148715700,145828416489
2018-12-04,3256.23,3267.71,3267.94,3243.7,7941503900,90543600273
2018-12-05,3224.26,3252.0,3266.9,3219.98,7615305200,90909093829
2018-12-06,3218.11,3181.67,3223.52,3179.89,7632877100,95678883443
2018-12-07,3187.49,3181.56,3193.82,3176.71,5336192400,66323970656
2018-12-10,3153.52,3144.76,3170.15,3134.38,6343727300,73717204733
2018-12-11,3148.23,3159.82,3161.96,3143.61,5322387700,60014969778
2018-12-12,3181.57,3170.61,3182.21,3160.28,5330991400,60536223473
2018-12-13,3178.89,3219.69,3234.08,3169.42,9044275500,103375478636
2018-12-14,3207.35,3165.91,3210.72,3165.91,8430125000,91576900504
2018-12-17,3158.28,3161.2,3167.51,3134.37,6649700700,77151490857
2018-12-18,3139.95,3128.43,3165.0,3114.47,6382031900,72035451400
2018-12-19,3133.74,3091.13,3137.01,3086.76,5552229900,67872922422
2018-12-20,3083.54,3067.42,3097.72,3044.29,6974946300,78181426503
2018-12-21,3055.33,3029.4,3057.4,3007.61,7675810100,84824064753
2018-12-24,3015.5,3038.2,3040.35,3007.33,5729961500,63880740605
2018-12-25,3006.88,3017.28,3030.14,2964.88,7868942500,80413567307
2018-12-26,3012.87,3002.03,3029.06,2996.48,5564703200,58574968998
2018-12-27,3042.95,2990.51,3047.23,2990.51,8054178500,81159269974
2018-12-28,2994.8,3010.65,3024.35,2984.82,7105377900,78145310042
2019-01-02,3017.07,2969.54,3018.78,2958.49,6866302100,76105571277
2019-01-03,2963.02,2964.84,3000.44,2953.25,7086710300,76664797393
2019-01-04,2940.19,3035.87,3036.81,2935.83,10331897200,107141037088
2019-01-07,3055.15,3054.3,3061.75,3035.91,10116435900,105703940790
2019-01-08,3049.87,3047.7,3055.51,3038.53,8617058500,79628882664
2019-01-09,3065.23,3078.48,3117.96,3062.85,10736435000,117129678905
2019-01-10,3077.48,3072.69,3092.54,3062.57,8527175600,90206871737
2019-01-11,3082.26,3094.78,3102.83,3071.03,7178642400,77420239578
2019-01-14,3092.5,3067.78,3097.41,3064.38,6612170200,68115969094
2019-01-15,3071.52,3127.99,3129.37,3064.67,8877296200,99976891144
2019-01-16,3126.13,3128.65,3135.01,3117.29,8021434100,85781591791
2019-01-17,3132.63,3111.42,3141.71,3110.06,8017487100,82888206986
2019-01-18,3124.5,3168.17,3171.69,3120.35,10396383400,106780658490
2019-01-21,3170.88,3185.64,3199.21,3170.88,9391502200,105536986579
2019-01-22,3181.95,3143.32,3181.95,3135.34,7299052800,78150876312
2019-01-23,3136.1,3141.05,3157.63,3131.87,5987047800,62669652004
2019-01-24,3146.6,3158.78,3165.63,3125.3,7293463600,80963877218
2019-01-25,3165.18,3184.47,3203.17,3164.41,8396772900,93207954747
2019-01-28,3203.12,3183.78,3228.87,3174.72,8262243100,97371496147
2019-01-29,3177.26,3193.97,3200.99,3148.23,7765833400,85943908590
2019-01-30,3181.66,3168.48,3202.9,3167.89,6374651700,73005123447
2019-01-31,3182.7,3201.63,3216.07,3178.01,8624783900,97509924771
2019-02-01,3225.73,3247.4,3247.5,3207.72,8201964100,94766412762
2019-02-11,3239.81,3306.47,3307.06,3239.81,9881843400,114752354821
2019-02-12,3306.35,3330.34,3335.36,3298.63,12223246200,122834101006
2019-02-13,3337.78,3397.03,3405.58,3329.14,16382833200,168866262062
2019-02-14,3392.85,3402.14,3415.4,3381.98,15112729000,138649287970
2019-02-15,3391.24,3338.7,3395.03,3335.87,14366860300,141555060947
2019-02-18,3366.42,3445.74,3445.74,3366.42,18288608900,180449742544
2019-02-19,3454.72,3439.61,3480.79,3419.07,17908378500,185762746553
2019-02-20,3449.93,3451.93,3463.77,3421.51,14739031100,145570263069
2019-02-21,3450.14,3442.71,3500.25,3431.63,18014328700,185197154784
2019-02-22,3439.38,3520.12,3520.12,3417.98,18723797400,202869288708
2019-02-25,3575.85,3729.48,3729.48,3574.69,34255712200,376382393433
2019-02-26,3734.71,3684.69,3762.11,3679.27,35803869800,387632860075
2019-02-27,3682.81,3678.39,3737.63,3638.33,28623600700,307306148138
2019-02-28,3675.26,3669.37,3695.46,3650.05,18481022000,206010958184
2019-03-01,3699.22,3749.71,3749.71,3668.77,20471100400,235620623488
2019-03-04,3783.04,3794.1,3886.58,3764.78,32349012600,376397284705
2019-03-05,3785.38,3816.01,3816.16,3770.79,23085316600,261464122211
2019-03-06,3822.86,3848.09,3855.16,3787.52,31807737100,331155616598
2019-03-07,3841.15,3808.85,3845.18,3778.8,32984654800,359339152916
2019-03-08,3721.4,3657.58,3774.54,3656.19,31799007700,349296691226
2019-03-11,3663.98,3729.95,3731.91,3650.81,23091286500,268718458804
2019-03-12,3758.32,3755.35,3804.72,3723.68,27492638200,325180619758
2019-03-13,3758.71,3724.19,3763.09,3708.81,23368224800,286171048159
2019-03-14,3710.29,3698.49,3747.82,3673.85,19081723700,231820149389
2019-03-15,3713.94,3745.01,3782.24,3713.94,17517454400,224194362924
2019-03-18,3753.64,3851.75,3851.75,3733.68,21692806000,276473448869
2019-03-19,3856.59,3833.96,3868.34,3815.22,18172711000,224096889633
2019-03-20,3825.34,3835.44,3855.15,3790.51,17563209000,215406993601
2019-03-21,3840.28,3836.89,3864.07,3823.47,19631031000,231993445601
2019-03-22,3838.13,3833.8,3845.58,3786.59,17135699300,198518386318
2019-03-25,3776.44,3742.83,3807.18,3741.61,19858632900,223396564361
2019-03-26,3766.53,3700.44,3770.84,3687.55,17304657900,196547811178
2019-03-27,3724.41,3743.39,3750.26,3703.45,13875845400,177507528442
2019-03-28,3731.06,3728.4,3755.72,3710.08,13327212900,172604392907
2019-03-29,3739.77,3872.34,3876.38,3739.77,21563910300,283022298648
2019-04-01,3901.17,3973.93,3982.91,3901.17,27138270400,340799403573
2019-04-02,3986.34,3971.29,3988.1,3956.51,22600034100,281892057021
2019-04-03,3947.87,4022.16,4026.5,3939.78,23191736800,284826495445
2019-04-04,4039.74,4062.23,4072.11,4021.71,26041093900,313539431377
2019-04-08,4097.1,4057.23,4122.6,4017.49,26750557600,324670452522
2019-04-09,4063.81,4075.43,4084.24,4038.28,18295680800,243187913127
2019-04-10,4062.44,4085.85,4115.38,4035.47,19468761300,278282025051
2019-04-11,4083.46,3997.58,4097.12,3990.24,16904964100,236259156718
2019-04-12,3986.78,3988.62,4006.93,3961.46,13586211800,178795939061
2019-04-15,4056.49,3975.52,4085.39,3974.23,18264557100,236298721390
2019-04-16,3958.1,4085.79,4085.79,3943.49,20204196600,250569206656
2019-04-17,4080.72,4087.24,4106.62,4057.5,18036711700,228824429886
2019-04-18,4085.11,4072.08,4094.05,4056.24,14656212300,187812687766
2019-04-19,4076.3,4120.61,4120.64,4046.2,15079491000,194701690762
2019-04-22,4125.97,4025.61,4126.09,4015.47,18935374500,244380549238
2019-04-23,4021.63,4019.01,4061.09,4005.28,15561165000,204121505815
2019-04-24,4033.63,4030.09,4044.34,3967.81,14549869500,186497961651
2019-04-25,4013.6,3941.82,4022.56,3938.33,15972207100,197530997751
2019-04-26,3921.89,3889.27,3943.83,3887.25,14200806800,186572137127
2019-04-29,3896.58,3900.33,3953.23,3875.45,15387092700,203946553151
2019-04-30,3887.18,3913.21,3923.11,3885.15,11623337600,161665923923
2019-05-06,3775.08,3684.62,3791.61,3647.14,19747288200,254115400089
2019-05-07,3702.27,3720.67,3738.18,3671.83,13284765400,183659159180
2019-05-08,3648.55,3667.46,3722.93,3642.5,11286735500,145058486354
2019-05-09,3637.35,3599.7,3656.9,3584.82,10103739400,141829095759
2019-05-10,3643.06,3730.45,3732.92,3589.29,14800384700,195067170793
2019-05-13,3675.76,3668.73,3702.9,3658.0,10339186000,135053926707
2019-05-14,3630.44,3645.15,3683.26,3630.44,10231346000,135262868907
2019-05-15,3674.99,3727.09,3741.04,3674.99,11016176900,152534546781
2019-05-16,3720.04,3743.96,3745.14,3707.9,11625827400,139851940057
2019-05-17,3744.88,3648.76,3745.36,3637.58,12845324500,154092349651
2019-05-20,3635.74,3617.79,3644.5,3583.83,10896347700,134194262583
2019-05-21,3619.44,3666.78,3690.09,3610.68,11102292000,133071381088
2019-05-22,3663.15,3649.38,3679.27,3634.75,9834612800,121775244162
2019-05-23,3629.53,3583.96,3631.47,3578.11,9989778100,125611969476
2019-05-24,3584.9,3593.91,3623.39,3580.79,8093404800,101337496380
2019-05-27,3592.6,3637.2,3648.03,3556.26,10883087100,133399053907
2019-05-28,3633.02,3672.26,3683.23,3627.79,11788624000,148966334657
2019-05-29,3642.54,3663.91,3693.23,3637.35,9335544100,120002034236
2019-05-30,3648.85,3641.18,3650.97,3612.62,9420256100,112864079304
2019-05-31,3641.0,3629.79,3668.18,3627.54,8922226700,108264201339
2019-06-03,3640.61,3632.01,3672.81,3613.13,10072318000,123902446407
2019-06-04,3632.56,3598.47,3636.13,3584.46,8709709400,109467236536
2019-06-05,3627.79,3597.11,3634.45,3593.95,8864202000,114634228238
2019-06-06,3601.04,3564.68,3601.04,3557.02,8553440300,104367267723
2019-06-10,3578.01,3610.74,3623.73,3568.28,9237506100,117346608912
2019-06-11,3617.52,3719.28,3723.14,3617.52,14348280600,180899072311
2019-06-12,3706.86,3691.1,3711.88,3683.94,11917885300,132296097905
2019-06-13,3689.58,3685.39,3697.59,3654.27,9633171800,110459901917
2019-06-14,3690.48,3654.88,3709.65,3650.91,10181700400,116584260575
2019-06-17,3654.44,3654.82,3683.77,3645.5,7297667800,93092581297
2019-06-18,3661.13,3667.62,3675.65,3638.78,7069226600,89472839848
2019-06-19,3761.34,3715.94,3771.35,3715.13,12559571500,172574177791
2019-06-20,3718.94,3828.52,3845.79,3717.19,16887207300,227726981966
2019-06-21,3832.73,3833.94,3856.09,3817.31,15363515500,199961617615
2019-06-24,3836.31,3841.27,3853.55,3819.77,10008462100,143644731703
2019-06-25,3837.43,3801.31,3838.06,3755.01,12407591200,169358793347
2019-06-26,3779.51,3794.33,3809.76,3771.72,8182028300,112106859021
2019-06-27,3807.54,3834.82,3854.08,3805.83,10531635800,156483418190
2019-06-28,3832.06,3825.59,3835.23,3803.05,8476613900,116512050673
2019-07-01,3899.33,3935.81,3936.67,3886.91,15837034000,217470251110
2019-07-02,3931.05,3937.17,3942.43,3918.94,13186349600,173997045122
2019-07-03,3927.44,3893.53,3927.44,3878.84,11199260300,163145730935
2019-07-04,3895.2,3873.1,3906.89,3854.69,9934225600,142669255176
2019-07-05,3875.37,3893.2,3900.31,3857.93,7400652700,116236522103
2019-07-08,3875.75,3802.79,3875.75,3775.03,10953908600,147198419380
2019-07-09,3798.1,3793.13,3811.1,3774.76,7484273200,113147602951
2019-07-10,3807.95,3786.74,3810.4,3774.23,7283394800,101355477029
2019-07-11,3806.19,3785.22,3830.74,3774.41,7531196500,113674616215
2019-07-12,3783.07,3808.73,3820.24,3774.52,7546596700,107007923971
2019-07-15,3792.64,3824.19,3844.87,3745.85,10120522200,142493046609
2019-07-16,3819.25,3806.84,3828.33,3799.87,8073095200,108449682783
2019-07-17,3800.11,3804.64,3820.27,3787.9,9518388500,116766781137
2019-07-18,3793.19,3768.4,3793.39,3768.0,8749644500,111669365488
2019-07-19,3787.51,3807.96,3828.15,3787.51,8808614900,117797528165
2019-07-22,3813.5,3781.68,3816.54,3765.44,9210137700,117810448145
2019-07-23,3783.54,3789.91,3792.96,3768.76,7131334600,103866608768
2019-07-24,3803.59,3819.83,3840.06,3803.57,9094068400,129940587223
2019-07-25,3821.39,3851.07,3851.07,3812.95,9374041700,125899502555
2019-07-26,3835.23,3858.57,3863.59,3832.52,8325930000,110929728703
2019-07-29,3857.94,3854.27,3862.75,3842.43,8481437000,111679108840
2019-07-30,3861.57,3870.32,3890.73,3861.57,9412395500,120480280020
2019-07-31,3856.74,3835.36,3856.74,3830.09,8215115500,111083892777
2019-08-01,3819.32,3803.47,3831.26,3791.55,8411418000,117649163850
2019-08-02,3729.13,3747.44,3754.53,3720.06,10833589700,141874787569
2019-08-05,3724.41,3675.69,3739.5,3675.69,10132598100,133061101375
2019-08-06,3609.11,3636.33,3649.9,3575.86,12983387100,167267479638
2019-08-07,3654.63,3621.43,3659.08,3621.43,8423871600,108667668029
2019-08-08,3651.36,3669.29,3675.46,3646.94,8845770700,114981616120
2019-08-09,3686.75,3633.53,3689.18,3628.12,8529558000,116355689959
2019-08-12,3647.87,3699.1,3699.1,3643.32,8208305600,121129345184
2019-08-13,3675.59,3665.75,3686.43,3658.01,7650030200,103764319440
2019-08-14,3712.07,3682.4,3717.56,3680.61,9120259000,128301671072
2019-08-15,3618.01,3694.0,3694.3,3612.11,8859883200,119241082583
2019-08-16,3697.94,3710.54,3738.1,3687.08,8831916900,132696910341
2019-08-19,3736.03,3791.09,3791.09,3720.69,13932701300,195448939475
2019-08-20,3786.03,3787.73,3799.9,3778.73,10860208800,149115340694
2019-08-21,3778.31,3781.76,3792.6,3775.45,8229988000,121688505094
2019-08-22,3793.86,3793.51,3797.33,3771.2,8580779200,120708136081
2019-08-23,3796.88,3820.86,3829.36,3788.03,8795458300,137802154001
2019-08-26,3756.36,3765.91,3778.87,3753.16,9385926900,142350985497
2019-08-27,3791.46,3816.95,3848.24,3790.87,12473147800,181748784078
2019-08-28,3818.81,3802.58,3822.59,3790.14,8875081200,137667277244
2019-08-29,3805.49,3790.19,3808.6,3774.4,8408338700,126475676638
2019-08-30,3816.68,3799.59,3828.97,3778.92,9669515000,152408668676
2019-09-02,3803.69,3848.32,3855.78,3799.82,11028934900,164994458613
2019-09-03,3852.58,3853.61,3856.68,3833.76,9771463100,146270633848
2019-09-04,3848.65,3886.0,3886.0,3846.42,12662861500,176839744818
2019-09-05,3909.21,3925.32,3970.0,3909.21,18165623100,244681225480
2019-09-06,3946.69,3948.51,3948.54,3922.34,12188237600,181718270030
2019-09-09,3980.96,3972.95,3985.24,3954.88,14680975400,209545387190
2019-09-10,3976.87,3959.27,3976.92,3938.74,13088938600,184494349873
2019-09-11,3969.68,3930.1,3971.22,3922.95,13159487500,190165007511
2019-09-12,3944.69,3972.38,3975.93,3933.44,11024127300,156750653137
2019-09-16,3981.36,3957.72,3982.2,3943.37,11025980500,154736552348
2019-09-17,3947.16,3891.22,3947.16,3879.49,11369431700,154899299888
2019-09-18,3902.99,3910.08,3923.15,3902.51,8205615200,130159557671
2019-09-19,3923.96,3924.38,3924.38,3897.07,8598423800,127421791159
2019-09-20,3933.46,3935.65,3942.22,3921.41,10345595500,153162588494
2019-09-23,3925.19,3890.66,3925.19,3868.21,9403622500,139223506453
2019-09-24,3895.87,3901.08,3927.01,3886.14,8778323000,142341399678
2019-09-25,3887.55,3870.98,3889.84,3867.23,8952083500,133224463638
2019-09-26,3884.7,3841.14,3890.75,3840.25,10269830100,150806750012
2019-09-27,3843.46,3852.65,3859.5,3832.25,7400394700,109130484004
2019-09-30,3842.07,3814.53,3857.23,3813.55,6593131300,100487271138
2019-10-08,3818.59,3837.68,3861.64,3818.59,7665786000,118365682514
2019-10-09,3822.61,3843.24,3845.34,3805.07,7585451200,112406207027
2019-10-10,3838.49,3874.64,3877.14,3829.43,7922269400,127474042852
2019-10-11,3885.52,3911.73,3922.37,3868.84,9341257700,139817298256
2019-10-14,3944.86,3953.24,3983.81,3934.73,12239361100,167857131154
2019-10-15,3953.16,3936.25,3953.16,3928.15,8527394900,125117107010
2019-10-16,3939.28,3922.69,3964.05,3919.02,8322970700,128558533503
2019-10-17,3929.39,3925.22,3935.81,3913.92,6486374500,99991850408
2019-10-18,3935.42,3869.38,3940.54,3864.97,8232114000,122186927130
2019-10-21,3865.34,3880.84,3884.74,3856.04,7418291800,110858235839
2019-10-22,3896.31,3895.88,3897.44,3870.55,6891856600,102843371160
2019-10-23,3892.68,3871.08,3901.42,3862.2,7019862500,99733598352
2019-10-24,3877.92,3870.67,3890.2,3852.58,7133457500,105096951646
2019-10-25,3871.77,3896.79,3899.72,3849.03,7745362000,126677483957
2019-10-28,3904.98,3926.59,3927.8,3897.82,9740602000,150762201736
2019-10-29,3929.71,3910.23,3932.37,3910.23,8225707500,139611420265
2019-10-30,3904.72,3891.23,3908.1,3883.45,7787292300,122610501731
2019-10-31,3906.86,3886.75,3907.15,3878.88,8671453900,135012425538
2019-11-01,3883.81,3952.39,3956.08,3876.42,10068961200,151471061323
2019-11-04,3964.01,3978.12,3985.36,3964.01,10419385500,154485361811
2019-11-05,3982.12,4002.81,4030.64,3970.87,11291188000,163317856088
2019-11-06,4006.33,3984.88,4007.5,3973.78,9731295200,139859763470
2019-11-07,3984.55,3991.87,4005.38,3975.55,8725489800,117751554346
2019-11-08,4017.67,3973.01,4022.04,3971.57,9710694800,139026673427
2019-11-11,3948.62,3902.98,3948.62,3897.55,9415562100,130330082289
2019-11-12,3905.96,3903.69,3914.88,3877.74,7654306900,108828235839
2019-11-13,3905.28,3899.98,3908.42,3882.43,7674907800,112057146508
2019-11-14,3905.93,3905.86,3916.95,3895.14,8700844600,119791566838
2019-11-15,3908.49,3877.09,3915.1,3877.09,8373091700,115423020916
2019-11-18,3874.44,3907.93,3913.1,3868.32,7664599300,107085819889
2019-11-19,3904.1,3947.04,3947.04,3902.38,8216102500,123227172612
2019-11-20,3940.13,3907.86,3943.23,3901.99,7681533300,118003062733
2019-11-21,3894.54,3889.6,3901.83,3875.97,6913053800,104147769297
2019-11-22,3894.17,3849.99,3918.84,3833.5,9104263900,146981162089
2019-11-25,3850.97,3878.21,3878.25,3839.42,10606628900,140851076272
2019-11-26,3893.43,3891.65,3899.11,3869.59,11151353700,140213633064
2019-11-27,3883.43,3875.62,3889.98,3862.7,7643730500,107238822033
2019-11-28,3877.9,3862.3,3887.69,3852.01,6523011900,87081788912
2019-11-29,3857.19,3828.67,3861.66,3804.83,7414433100,116200556869
2019-12-02,3835.51,3836.06,3854.75,3829.31,7741217300,109992592541
2019-12-03,3829.21,3851.09,3851.12,3811.63,7361124000,108703714965
2019-12-04,3841.66,3849.82,3852.99,3831.07,7968338500,109646342795
2019-12-05,3863.61,3879.36,3883.4,3859.82,8905119300,129357592811
2019-12-06,3885.06,3902.39,3902.39,3878.7,7864888700,116424775801
2019-12-09,3909.53,3895.45,3911.97,3885.25,9535380600,130873098246
2019-12-10,3886.44,3900.38,3900.96,3882.09,8626292800,121118412751
2019-12-11,3907.16,3902.75,3909.39,3890.34,9976548000,127690403434
2019-12-12,3908.45,3891.02,3908.45,3886.12,8470833000,117874313734
2019-12-13,3928.0,3968.22,3969.46,3925.28,14857134900,201018885799
2019-12-16,3970.71,3987.55,3987.59,3953.51,14848667000,202154895254
2019-12-17,3987.74,4041.8,4067.14,3984.52,20116293700,251637865287
2019-12-18,4039.72,4032.78,4057.64,4025.34,15135176400,197620207485
2019-12-19,4034.62,4027.15,4038.54,4014.9,11790055800,152553809116
2019-12-20,4032.15,4017.25,4046.73,4014.93,12126766200,158460232416
2019-12-23,4014.69,3967.1,4032.17,3964.38,12281624600,162048261474
2019-12-24,3971.56,3992.96,3994.51,3963.67,9598904500,122499163329
2019-12-25,3988.66,3990.87,4000.56,3976.36,9493889000,131896466969
2019-12-26,3993.67,4025.99,4025.99,3993.54,10886064000,140814968242
2019-12-27,4029.25,4022.03,4066.8,4019.72,15092641100,195090417041
2019-12-30,4015.52,4081.63,4083.69,4001.5,15597148800,216814660017
2019-12-31,4077.75,4096.58,4098.14,4069.01,12326425800,173119348509
2020-01-02,4121.35,4152.24,4172.66,4121.35,18211677200,270105532027
2020-01-03,4161.22,4144.96,4164.3,4131.86,14282624400,215216288331
2020-01-06,4120.52,4129.3,4170.64,4102.38,17530995300,250182071293
2020-01-07,4137.4,4160.23,4161.25,4135.1,13948903100,196389059714
2020-01-08,4139.63,4112.32,4149.81,4101.98,16758585000,212406263857
2020-01-09,4145.53,4164.37,4165.66,4143.59,13688632400,200150352941
2020-01-10,4177.58,4163.18,4180.98,4148.48,11303171900,177827413709
2020-01-13,4166.93,4203.99,4203.99,4148.6,11969198200,199795489709
2020-01-14,4215.16,4189.89,4223.51,4188.08,12932078300,196221263395
2020-01-15,4186.88,4166.73,4193.87,4150.88,10463313600,163081930622
2020-01-16,4174.82,4149.04,4175.29,4142.18,10026764200,156242505812
2020-01-17,4162.19,4154.85,4177.03,4141.64,9872568200,166591591594
2020-01-20,4170.74,4185.83,4185.96,4149.49,12240914700,202692287441
2020-01-21,4165.02,4114.31,4165.02,4113.33,13052750700,204586880493
2020-01-22,4093.8,4131.93,4141.18,4046.49,12675876300,208136150791
2020-01-23,4093.32,4003.9,4103.52,3972.39,16035760300,250409357700
2020-02-03,3639.91,3688.36,3732.16,3639.91,15755964700,243303105385
2020-02-04,3652.0,3785.64,3786.86,3652.0,21393332800,298165767621
2020-02-05,3801.1,3828.53,3866.01,3781.61,17492552400,264042920865
2020-02-06,3841.75,3899.78,3914.92,3806.96,17646223500,262820088451
2020-02-07,3879.55,3899.87,3899.88,3849.71,15173175900,237508816255
2020-02-10,3872.37,3916.01,3920.17,3861.01,14840696900,229625441895
2020-02-11,3926.42,3952.46,3970.52,3915.71,14344167400,219307119361
2020-02-12,3945.67,3984.43,3984.43,3940.67,12671032100,200776706549
2020-02-13,3985.88,3959.92,3999.55,3950.14,14500184300,228605964793
2020-02-14,3954.23,3987.73,4001.56,3954.02,14323980300,222895073624
2020-02-17,3999.65,4077.42,4077.45,3999.65,18277896900,273067817277
2020-02-18,4069.83,4057.51,4076.39,4027.79,16323622000,242552517334
2020-02-19,4049.59,4051.31,4085.17,4042.85,16904644100,257554535729
2020-02-20,4062.9,4144.66,4148.53,4055.81,21223262400,310835589162
2020-02-21,4134.87,4149.49,4184.44,4130.17,21721360400,326564003558
2020-02-24,4131.84,4132.84,4149.01,4097.18,21286930300,326387800605
2020-02-25,4066.3,4123.85,4126.71,4020.91,24416783100,372213717029
2020-02-26,4070.1,4073.02,4132.78,4061.13,26109406100,366022417907
2020-02-27,4084.08,4084.88,4110.53,4067.44,18129098100,282050206371
2020-02-28,3988.73,3940.05,4031.15,3928.07,23027509300,330358907265
2020-03-02,3968.84,4069.67,4092.54,3968.84,21931355900,317426205457
2020-03-03,4125.14,4091.36,4147.65,4067.91,21936977700,330802584618
2020-03-04,4078.5,4115.05,4115.26,4060.73,18242473000,281784863844
2020-03-05,4150.21,4206.73,4215.85,4127.04,23182311500,362838831775
2020-03-06,4158.2,4138.51,4181.31,4135.39,17247571700,253168631958
2020-03-09,4063.08,3997.13,4063.08,3995.13,20810203500,305428730303
2020-03-10,3975.23,4082.73,4093.0,3954.75,19741640200,296184435851
2020-03-11,4090.93,4028.43,4091.27,4028.4,16165611100,244990872685
2020-03-12,3976.11,3950.91,3987.43,3926.27,15706045800,233152848759
2020-03-13,3771.01,3895.31,3937.18,3765.15,18829672200,280213453213
2020-03-16,3899.86,3727.84,3899.86,3720.51,18596826000,282836238271
2020-03-17,3739.78,3709.68,3786.89,3618.31,16624612900,250824025696
2020-03-18,3729.69,3636.26,3775.85,3636.26,15503754700,244127161535
2020-03-19,3623.79,3589.09,3647.99,3503.19,18080740700,271827467961
2020-03-20,3629.51,3653.22,3663.95,3588.78,13960300000,211223073323
2020-03-23,3542.68,3530.31,3585.8,3523.79,13710879000,197669624970
2020-03-24,3598.65,3625.11,3627.76,3545.45,14310302100,208553840688
2020-03-25,3711.48,3722.52,3732.65,3685.99,15349595800,231561518761
2020-03-26,3692.61,3698.05,3736.25,3681.27,11231066500,169336311861
2020-03-27,3746.39,3710.06,3758.78,3709.92,12406099500,186103426334
2020-03-30,3657.46,3674.11,3690.64,3637.59,12687667300,180640799409
2020-03-31,3708.14,3686.16,3716.07,3676.2,11145302500,161595510008
2020-04-01,3682.3,3675.08,3731.78,3670.97,11935262000,170422568804
2020-04-02,3656.32,3734.53,3734.53,3652.32,11516820900,168893255656
2020-04-03,3721.48,3713.22,3738.83,3698.98,9982508300,150132815028
2020-04-07,3779.91,3798.02,3803.63,3772.21,14277803000,207642820316
2020-04-08,3776.42,3780.34,3793.0,3767.29,11138951300,161576772320
2020-04-09,3798.49,3792.81,3801.72,3785.31,10048503200,154595318812
2020-04-10,3794.84,3769.18,3824.74,3758.96,10244495600,162251233800
2020-04-13,3751.71,3753.26,3769.88,3740.19,7905334300,119874303204
2020-04-14,3777.83,3825.7,3825.76,3764.98,11063758500,170612579792
2020-04-15,3820.85,3797.36,3829.8,3793.44,10846198400,169700216633
2020-04-16,3777.8,3802.38,3807.36,3774.56,9594796500,147164302056
2020-04-17,3831.92,3839.49,3863.45,3821.42,13200430100,203595267033
2020-04-20,3845.46,3853.46,3853.8,3831.55,10001311500,151924090116
2020-04-21,3838.23,3808.05,3838.23,3780.0,10292188800,155077454132
2020-04-22,3789.13,3839.38,3839.38,3782.21,8589946400,135547280790
2020-04-23,3851.91,3829.75,3857.47,3826.56,9550845000,142122548831
2020-04-24,3826.31,3796.97,3827.21,3787.07,9484413500,138961200282
2020-04-27,3808.02,3822.77,3842.87,3793.77,9546273500,145301151875
2020-04-28,3835.35,3849.15,3859.68,3768.2,12209347600,184179759240
2020-04-29,3837.51,3867.03,3880.74,3833.72,9585459000,151282103744
2020-04-30,3880.41,3912.58,3921.7,3880.41,13291712500,202268288802
2020-05-06,3867.26,3936.25,3937.69,3865.99,13985567500,214935962364
2020-05-07,3937.59,3924.89,3941.48,3915.9,10551464600,167207801840
2020-05-08,3943.0,3963.62,3979.66,3935.98,11694334100,190299584716
2020-05-11,3974.76,3960.18,3998.1,3944.5,12267380300,193758093899
2020-05-12,3961.34,3960.24,3970.11,3930.21,9825055400,157465780059
2020-05-13,3946.64,3968.25,3972.53,3932.57,8819066900,145563383275
2020-05-14,3952.2,3925.22,3952.2,3924.05,8853000400,143499177719
2020-05-15,3941.13,3912.82,3945.2,3907.4,9261838200,153301505149
2020-05-18,3914.66,3922.91,3946.43,3898.4,11280176200,188528121367
2020-05-19,3963.78,3956.25,3966.85,3944.07,9401529100,159886222402
2020-05-20,3955.71,3935.22,3955.71,3923.92,10079115000,157102533276
2020-05-21,3950.6,3913.79,3951.74,3907.58,9486103300,149154142257
2020-05-22,3907.58,3824.06,3907.58,3818.15,10337836000,157286504986
2020-05-25,3828.32,3829.32,3835.63,3800.18,7903332600,127011917716
2020-05-26,3850.0,3872.77,3874.75,3844.48,7744807600,125445619316
2020-05-27,3873.7,3845.61,3873.7,3838.42,8371183100,123737501164
2020-05-28,3848.49,3856.63,3885.42,3818.43,9306405400,139108407792
2020-05-29,3838.38,3867.02,3872.3,3830.42,9381383200,135658136028
2020-06-01,3901.73,3971.34,3976.32,3901.73,13645665200,208436512945
2020-06-02,3969.95,3983.57,3991.78,3958.98,14430306000,195563304256
2020-06-03,4001.17,3983.65,4018.68,3982.93,13659748300,200882767676
2020-06-04,3998.16,3982.19,3999.81,3968.57,10427773700,149057855837
2020-06-05,3988.22,4001.25,4001.25,3967.93,10244394200,154311342981
2020-06-08,4023.61,4021.95,4050.22,4016.1,13792581300,193047518687
2020-06-09,4027.56,4047.03,4052.16,4016.34,11530447900,166533966010
2020-06-10,4046.23,4039.71,4046.23,4024.42,11226572800,166778642366
2020-06-11,4031.74,3995.88,4043.01,3979.75,12730894100,197079441861
2020-06-12,3931.62,4003.08,4011.06,3927.25,13416664900,193504046742
2020-06-15,3982.97,3954.99,4007.14,3954.99,13129786000,211125336143
2020-06-16,3995.58,4014.57,4014.57,3987.86,11105153900,185104029158
2020-06-17,4018.61,4017.59,4018.61,3992.13,10560579900,176977503611
2020-06-18,4009.78,4044.38,4047.56,4000.9,13814876100,210192918146
2020-06-19,4047.05,4098.71,4109.36,4043.49,15294699000,255549797299
2020-06-22,4097.51,4102.05,4126.94,4088.78,15582946500,259200520725
2020-06-23,4098.04,4121.79,4124.73,4080.75,12922951000,234806510834
2020-06-24,4128.1,4138.99,4144.68,4123.36,12171246500,224551430008
2020-06-29,4127.93,4109.72,4137.37,4092.54,13086585400,226522059762
2020-06-30,4130.0,4163.96,4174.42,4129.78,12593352100,227935704488
2020-07-01,4172.64,4247.78,4247.78,4163.5,16999045600,305711799761
2020-07-02,4239.41,4335.84,4340.1,4238.12,25293936800,399571526695
2020-07-03,4353.19,4419.6,4419.6,4348.45,29048553900,442335024266
2020-07-06,4465.81,4670.09,4678.11,4465.81,40582102500,597438217715
2020-07-07,4739.61,4698.13,4796.32,4688.06,40600855300,635254742706
2020-07-08,4692.86,4774.0,4803.36,4670.65,34807484700,532849825964
2020-07-09,4770.08,4840.77,4854.12,4757.29,35104689300,556718732098
2020-07-10,4796.09,4753.13,4821.37,4734.47,31694965100,510472055095
2020-07-13,4742.37,4852.96,4878.08,4741.87,32164544600,541105098721
2020-07-14,4836.17,4806.69,4860.44,4729.93,29724198500,511211048184
2020-07-15,4821.52,4744.47,4837.48,4723.36,27238900600,486748347680
2020-07-16,4741.53,4516.25,4772.56,4513.65,28465713300,511237962884
2020-07-17,4524.77,4544.7,4601.37,4485.82,20737556300,372973887045
2020-07-20,4597.2,4680.3,4681.94,4534.23,24606891400,416714222275
2020-07-21,4697.5,4691.04,4714.29,4661.44,20041565900,356069805762
2020-07-22,4682.66,4714.45,4790.45,4675.35,22419921100,386470859914
2020-07-23,4668.74,4712.44,4731.4,4607.66,23431456900,405175268660
2020-07-24,4679.03,4505.59,4691.7,4479.39,24390520300,437726712279
2020-07-27,4535.01,4528.45,4558.12,4482.44,17142055100,301893370163
2020-07-28,4567.67,4568.26,4590.25,4537.68,16276849800,292835785345
2020-07-29,4559.16,4679.01,4680.56,4548.85,18669530500,350432649160
2020-07-30,4689.76,4656.15,4704.63,4649.77,16696756600,324009242692
2020-07-31,4652.18,4695.05,4741.81,4621.96,18483902600,351119312415
2020-08-03,4735.9,4771.31,4771.37,4720.02,21477623900,401914824928
2020-08-04,4778.49,4775.8,4807.08,4747.77,23997498500,426411345935
2020-08-05,4761.76,4777.11,4786.7,4711.27,19670054800,347407839399
2020-08-06,4779.24,4762.76,4791.86,4691.16,22785440600,404323404006
2020-08-07,4742.29,4707.93,4749.02,4637.84,21351821600,397041212825
2020-08-10,4681.76,4724.87,4757.66,4646.29,20378883200,371297560017
2020-08-11,4730.37,4681.78,4791.53,4674.86,20554651100,350828586241
2020-08-12,4668.89,4647.64,4681.62,4566.27,20288723900,347298673201
2020-08-13,4666.49,4635.71,4671.77,4626.1,15255009200,250945872578
2020-08-14,4627.61,4704.63,4708.07,4617.63,14729292100,254343934256
2020-08-17,4727.12,4815.23,4838.09,4721.36,26800155600,416469154934
2020-08-18,4816.57,4812.76,4825.39,4788.83,18913985400,314395904535
2020-08-19,4804.67,4740.68,4809.05,4738.01,19244294800,319403284708
2020-08-20,4708.13,4679.15,4721.44,4662.8,15836863900,260486563515
2020-08-21,4717.79,4718.84,4739.48,4684.81,14265786400,251775160233
2020-08-24,4746.4,4755.85,4769.47,4716.61,15114351200,272428686418
2020-08-25,4769.21,4761.95,4802.41,4746.31,14170135100,262308788274
2020-08-26,4761.72,4706.13,4786.42,4689.88,15130518000,277456360643
2020-08-27,4718.06,4731.35,4731.94,4679.36,11904285000,223631511405
2020-08-28,4727.29,4844.27,4850.49,4719.35,15939976500,305047882508
2020-08-31,4870.93,4816.22,4901.21,4816.21,20256702900,357005064604
2020-09-01,4803.39,4842.12,4842.14,4791.78,13839540200,262018070577
2020-09-02,4859.08,4843.89,4863.55,4797.52,15798952400,280778613751
2020-09-03,4841.5,4817.1,4877.01,4800.06,14567120100,279411988792
2020-09-04,4737.24,4770.22,4778.2,4726.56,12003279600,238463337878
2020-09-07,4759.52,4669.37,4789.3,4655.56,14860779100,282316394067
2020-09-08,4683.83,4694.39,4707.9,4639.05,13919922700,249198138075
2020-09-09,4634.25,4584.59,4645.2,4558.03,16227710700,244905191934
2020-09-10,4632.1,4581.98,4647.75,4572.21,15065287800,226146354804
2020-09-11,4572.26,4627.28,4630.88,4563.11,11530242400,198240927301
2020-09-14,4652.05,4651.05,4666.99,4625.99,10723517900,211653411810
2020-09-15,4649.45,4688.48,4691.5,4630.54,10191592500,194573684119
2020-09-16,4683.01,4657.36,4690.68,4638.46,10875364100,196120184850
2020-09-17,4642.05,4632.71,4664.95,4601.64,10598363100,214146647269
2020-09-18,4636.64,4737.09,4737.8,4631.7,16042647500,281885944229
2020-09-21,4750.75,4691.43,4752.98,4688.72,12453582700,224137912695
2020-09-22,4654.22,4635.76,4706.21,4622.11,11967294700,202909215534
2020-09-23,4639.66,4652.33,4665.96,4623.55,9582652800,190393472276
2020-09-24,4623.95,4563.07,4631.95,4562.21,11259368300,193515873700
2020-09-25,4582.48,4570.02,4599.54,4554.72,9301515500,167457376964
2020-09-28,4582.65,4581.91,4613.63,4571.15,8504838900,159314675407
2020-09-29,4608.29,4591.8,4616.68,4586.35,8599385800,159937888502
2020-09-30,4607.58,4587.4,4634.72,4563.41,8908120000,165532220885
2020-10-09,4663.61,4681.14,4695.4,4655.09,11133751200,229926731489
2020-10-12,4705.19,4823.16,4823.27,4704.16,15578455800,307848558046
2020-10-13,4812.9,4839.2,4845.92,4795.37,11651633800,242172567248
2020-10-14,4830.46,4807.1,4830.46,4795.91,11190692300,229836207247
2020-10-15,4810.78,4798.74,4833.89,4796.26,10996496200,213878285046
2020-10-16,4798.92,4791.68,4825.55,4765.97,11671610200,204175130717
2020-10-19,4823.49,4755.49,4849.6,4747.34,12924636100,225392198224
2020-10-20,4751.37,4793.47,4793.47,4739.46,9804815600,185849198017
2020-10-21,4801.63,4792.83,4801.63,4758.86,10380570300,189978697043
2020-10-22,4780.6,4777.98,4791.81,4725.5,10135089100,194614971169
2020-10-23,4775.47,4718.49,4802.46,4717.1,10682518400,200985821991
2020-10-26,4684.05,4691.24,4713.39,4639.3,10834327500,205518988284
2020-10-27,4680.14,4699.28,4708.46,4671.85,9265630400,186675545690
2020-10-28,4703.0,4737.27,4753.31,4685.6,10846340200,226754264067
2020-10-29,4683.61,4772.92,4803.03,4679.25,11711725000,252303504992
2020-10-30,4776.47,4695.33,4778.51,4683.47,13980230300,280783321713
2020-11-02,4702.75,4720.83,4738.02,4695.44,14286769300,279027685157
2020-11-03,4743.17,4777.56,4793.4,4734.17,13605540800,252390556313
2020-11-04,4781.45,4813.66,4825.46,4770.56,11466180600,230513773046
2020-11-05,4861.34,4885.11,4885.11,4838.0,13924459400,281951932371
2020-11-06,4897.63,4885.72,4897.63,4845.43,15363903400,305365103652
2020-11-09,4918.86,4981.35,4997.8,4918.86,19713198400,371923282063
2020-11-10,4995.41,4953.88,4995.41,4928.93,17626721400,334271459963
2020-11-11,4937.76,4904.9,4957.58,4901.71,16447051500,303858557977
2020-11-12,4916.77,4908.46,4926.34,4891.51,11811461900,227645907147
2020-11-13,4886.98,4856.85,4886.98,4825.76,13369307900,255353111737
2020-11-16,4880.96,4904.17,4904.17,4848.62,14877098000,266705031671
2020-11-17,4903.12,4894.79,4909.29,4865.39,15148746400,288911408551
2020-11-18,4889.67,4891.67,4911.09,4870.72,16421661600,290727223227
2020-11-19,4880.92,4927.99,4939.79,4870.2,13368137800,247727135000
2020-11-20,4928.22,4943.29,4947.43,4922.59,12940034100,229053679195
2020-11-23,4954.6,5005.03,5029.65,4940.45,20591518700,333633826416
2020-11-24,4997.05,4974.29,5001.06,4960.98,15663791100,264804443317
2020-11-25,4992.75,4910.7,5004.77,4910.7,17034052700,277070642970
2020-11-26,4908.32,4919.59,4925.29,4867.82,13720233800,239748145475
2020-11-27,4930.59,4980.77,4980.77,4917.35,16295292200,253178971224
2020-11-30,4994.11,4960.25,5055.19,4960.25,26263895000,396495834420
2020-12-01,4963.13,5067.1,5072.55,4963.13,20406563800,328451014444
2020-12-02,5072.98,5067.14,5090.61,5043.31,19543547600,310609728842
2020-12-03,5065.45,5057.06,5072.3,5033.79,17786574800,275335207429
2020-12-04,5049.52,5065.92,5072.39,5017.85,14434716700,257798820735
2020-12-07,5065.73,5022.24,5067.87,5014.61,13989621700,264657773932
2020-12-08,5029.11,5009.88,5043.06,4998.92,12307302900,234880648439
2020-12-09,5022.38,4942.7,5033.64,4942.52,13891696500,260772774152
2020-12-10,4931.29,4940.52,4962.74,4919.77,12591427000,229651278357
2020-12-11,4957.82,4889.63,4957.82,4849.35,15935769700,275212730069
2020-12-14,4903.63,4934.84,4937.26,4887.66,12080155200,247878279710
2020-12-15,4931.6,4945.1,4954.19,4904.79,11834263300,248093390249
2020-12-16,4957.3,4953.87,4968.86,4938.19,10677896800,229696035696
2020-12-17,4960.73,5017.48,5021.62,4950.37,13338547900,270180356109
2020-12-18,5014.32,4999.97,5027.44,4979.01,12804961800,258938551535
2020-12-21,4995.76,5046.84,5048.51,4970.0,14081178200,298204296843
2020-12-22,5034.98,4964.77,5055.13,4960.95,16234497000,326758817663
2020-12-23,4977.3,5007.12,5028.45,4968.15,14029281900,308729037473
2020-12-24,5006.01,5000.02,5033.04,4979.24,11441866700,246674476188
2020-12-25,4985.77,5042.01,5042.1,4973.68,12100697900,243992268243
2020-12-28,5042.94,5064.41,5089.34,5037.86,13691440700,281019254170
2020-12-29,5071.45,5042.94,5077.42,5034.31,14119866200,279035233253
2020-12-30,5037.98,5113.71,5113.71,5036.63,14862644800,296577812603
2020-12-31,5122.48,5211.29,5215.62,5122.48,17160250900,358731371834
2021-01-04,5212.93,5267.72,5284.43,5190.94,21171138200,452796175554
2021-01-05,5245.84,5368.5,5368.5,5234.38,22493115900,498041939761
2021-01-06,5386.51,5417.67,5433.47,5341.43,19377344400,444434377137
2021-01-07,5428.39,5513.66,5513.66,5413.35,21987208000,473385353695
2021-01-08,5526.29,5495.43,5547.47,5442.69,20432495600,473567653978
2021-01-11,5504.24,5441.16,5555.69,5412.5,23183598300,522298482544
2021-01-12,5419.5,5596.35,5596.35,5417.63,22422018600,486233760739
2021-01-13,5609.26,5577.97,5644.72,5535.14,26156988600,546959736365
2021-01-14,5556.21,5470.46,5568.02,5458.68,24368338000,501890111879
2021-01-15,5471.39,5458.08,5500.63,5390.27,23863743500,475709920372
2021-01-18,5438.16,5518.52,5541.46,5410.78,20705186900,422717209153
2021-01-19,5525.97,5437.52,5532.48,5415.72,21104342500,433205176449
2021-01-20,5439.91,5476.43,5496.05,5426.54,17091326000,373770384496
2021-01-21,5492.96,5564.97,5593.11,5490.56,20995019700,453183684478
2021-01-22,5562.38,5569.78,5573.66,5513.88,19930002000,456622193435
2021-01-25,5564.12,5625.92,5655.48,5543.27,19704701900,508166980802
2021-01-26,5600.9,5512.97,5600.9,5506.0,17190459000,415008069865
2021-01-27,5505.77,5528.0,5534.99,5449.64,16019084100,376892605839
2021-01-28,5450.37,5377.14,5462.24,5360.38,17048558500,376166523177
2021-01-29,5413.97,5351.96,5430.2,5288.1,18217878400,390287690019
2021-02-01,5356.85,5417.65,5422.3,5342.05,16631370600,346859083730
2021-02-02,5429.7,5501.09,5503.21,5411.52,16521056500,380016716111
2021-02-03,5499.3,5485.2,5532.89,5473.12,18805431700,404343602637
2021-02-04,5453.98,5473.95,5510.05,5411.57,18057565400,397995205379
2021-02-05,5494.7,5483.41,5550.77,5477.65,18969959800,395400134490
2021-02-08,5506.14,5564.56,5576.49,5479.85,16403377500,367582771658
2021-02-09,5584.17,5686.25,5686.25,5555.05,16488726000,378769121171
2021-02-10,5709.68,5807.72,5823.42,5707.33,17016978600,417056463360
2021-02-18,5922.07,5768.38,5930.91,5747.66,21884868600,507481235977
2021-02-19,5734.02,5778.84,5787.89,5667.32,21447578000,456433793702
2021-02-22,5785.51,5597.33,5785.51,5597.33,28212438200,543633153216
2021-02-23,5542.68,5579.67,5644.76,5541.11,23380772700,424904470814
2021-02-24,5591.48,5437.57,5598.83,5379.73,22542861000,472369211004
2021-02-25,5494.47,5469.56,5527.63,5444.16,23073602800,412206157140
2021-02-26,5343.9,5336.76,5416.32,5318.86,21226454300,405717700127
2021-03-01,5389.25,5418.78,5421.56,5345.94,17746352300,358146545967
2021-03-02,5453.28,5349.63,5454.97,5305.05,19651111500,376444604695
2021-03-03,5327.35,5452.21,5452.4,5316.48,19470905400,337610313596
2021-03-04,5388.48,5280.71,5392.37,5254.78,21277521100,384382456961
2021-03-05,5191.97,5262.8,5307.82,5174.25,20262795600,352539774294
2021-03-08,5299.79,5080.02,5326.26,5079.8,23023163500,407133802141
2021-03-09,5066.15,4971.0,5094.31,4917.91,23071100400,414415213806
2021-03-10,5047.06,5003.61,5055.28,4981.62,16992849000,309577408714
2021-03-11,5024.56,5128.22,5138.41,5020.58,18960076600,333859199678
2021-03-12,5153.67,5146.38,5153.67,5086.82,20102058900,323237751413
2021-03-15,5116.12,5035.54,5120.88,4992.4,20415308400,330740513807
2021-03-16,5054.41,5079.36,5084.31,5009.95,16139005400,271755048563
2021-03-17,5062.77,5100.86,5123.55,5020.13,14916237600,263492417708
2021-03-18,5114.59,5141.77,5160.46,5111.13,14290151800,260930046844
2021-03-19,5068.53,5007.09,5089.92,4980.76,16417484900,282974489237
2021-03-22,5008.4,5057.15,5071.34,4996.54,16740263200,264209098943
2021-03-23,5057.06,5009.25,5064.02,4966.53,15801396700,255755377659
2021-03-24,4985.4,4928.69,5024.33,4919.89,15938598200,265970020152
2021-03-25,4904.07,4926.35,4950.76,4883.66,13294518900,219782049461
2021-03-26,4953.95,5037.99,5050.83,4953.95,14592669700,273901922431
2021-03-29,5052.26,5046.88,5086.65,5010.39,14338821500,266176599970
2021-03-30,5043.1,5094.73,5106.04,5032.8,13861856000,254928014461
2021-03-31,5085.95,5048.36,5085.95,5015.61,14133574300,241058485554
2021-04-01,5059.94,5110.78,5115.43,5056.87,12032489000,211493324391
2021-04-02,5129.85,5161.56,5169.83,5116.35,12700225400,248060376224
2021-04-06,5178.64,5140.34,5181.15,5125.33,10983421000,213852444065
2021-04-07,5141.66,5103.74,5141.66,5065.19,14576374800,246271190296
2021-04-08,5078.26,5112.21,5129.13,5062.07,14177104700,228422004674
2021-04-09,5100.04,5035.34,5100.04,5022.09,12841650900,221519791677
2021-04-12,5026.98,4947.75,5045.6,4933.01,15264431400,267218195772
2021-04-13,4949.81,4939.64,4994.54,4924.2,13291935800,225753230649
2021-04-14,4945.69,4980.63,4987.12,4940.27,12086083800,221036276090
2021-04-15,4969.91,4948.97,4969.91,4900.3,10882938400,213820884103
2021-04-16,4966.9,4966.18,4979.17,4917.96,11123992400,213389173713
2021-04-19,4966.41,5087.02,5088.21,4940.75,15476982400,307899776737
2021-04-20,5065.78,5083.37,5119.86,5058.92,13654170000,276640588159
2021-04-21,5055.24,5098.74,5110.56,5047.99,12463727700,242574995256
2021-04-22,5114.28,5089.24,5119.22,5067.14,12116764500,241488845756
2021-04-23,5088.83,5135.45,5149.98,5086.49,12205699100,264345183118
2021-04-26,5156.59,5077.24,5181.11,5072.96,15138196700,325760384278
2021-04-27,5076.64,5090.52,5095.98,5042.61,12396183700,254738009833
2021-04-28,5073.97,5119.24,5119.45,5059.26,12062031800,272182521893
2021-04-29,5128.28,5164.17,5170.59,5113.65,14009248000,294112454366
2021-04-30,5156.36,5123.49,5163.25,5094.93,16012162100,315075102884
2021-05-06,5098.8,5061.12,5132.9,5037.41,15882263000,323258264641
2021-05-07,5073.46,4996.05,5093.75,4996.04,17225832100,304638402155
2021-05-10,5001.44,4992.42,5019.39,4953.7,17082058500,282656808853
2021-05-11,4956.08,5023.06,5033.49,4925.92,15152649700,270931616512
2021-05-12,5003.82,5044.55,5051.17,4995.4,12661908600,228344006493
2021-05-13,4992.35,4992.97,5022.08,4975.45,13227940600,237821404345
2021-05-14,5007.63,5110.59,5112.98,4981.29,15942618000,318802786822
2021-05-17,5115.31,5184.99,5206.69,5115.31,15388963400,335439913424
2021-05-18,5190.93,5187.6,5201.67,5156.79,11840426100,238182265921
2021-05-19,5173.17,5172.27,5193.56,5151.64,11872998300,250736278155
2021-05-20,5167.05,5186.41,5201.59,5152.04,13845477500,277088462047
2021-05-21,5199.13,5134.15,5216.16,5123.12,12476848500,268053627530
2021-05-24,5138.81,5155.59,5155.59,5092.39,12674233600,278513133226
2021-05-25,5165.04,5318.48,5324.36,5161.52,18299683900,404683305641
2021-05-26,5326.12,5320.59,5344.28,5308.74,16960709600,346444644792
2021-05-27,5311.37,5338.23,5378.48,5286.05,14846285500,311893705935
2021-05-28,5338.73,5321.09,5360.28,5288.65,16460580600,330711896344
2021-05-31,5318.08,5331.57,5331.63,5281.69,14460326900,321450798233
2021-06-01,5320.47,5341.68,5343.75,5269.26,14383147400,321845842153
2021-06-02,5348.34,5289.97,5352.64,5266.79,13775431900,296176177153
2021-06-03,5285.71,5255.29,5314.37,5255.07,14196887800,285448632488
2021-06-04,5228.28,5282.28,5334.49,5221.23,14473208700,292326048775
2021-06-07,5284.89,5277.63,5286.84,5242.95,12770497100,280463260583
2021-06-08,5276.97,5232.12,5319.04,5201.14,13055953200,304042218266
2021-06-09,5224.9496,5236.4493,5253.3555,5215.3506,12182032100,255075448703
