date,open,close,high,low,volume,money
2010-06-01,986.01,973.23,994.79,948.12,135628500,4924176839
2010-06-02,967.61,997.12,997.12,952.61,107462800,4001206161
2010-06-03,1002.36,998.39,1026.7,997.77,161680500,6240835496
2010-06-04,989.68,1027.68,1027.68,986.5,150029500,5269440644
2010-06-07,1005.03,1069.47,1075.22,1001.7,265527500,9106094723
2010-06-08,1067.32,1067.15,1075.5,1050.96,197672100,6621994295
2010-06-09,1070.85,1077.82,1102.1,1069.43,254156800,8994866396
2010-06-10,1077.67,1117.48,1119.11,1076.28,219740500,8242731100
2010-06-11,1122.44,1122.2,1128.23,1118.71,222487400,8449039156
2010-06-17,1126.13,1064.84,1129.68,1064.84,176428400,6757409316
2010-06-18,1052.07,1000.28,1053.14,993.17,163065100,5827721367
2010-06-21,991.96,1040.8,1043.16,976.41,157479800,5604269447
2010-06-22,1037.04,1034.99,1057.37,1033.65,142716200,5067480292
2010-06-23,1026.87,1047.34,1056.35,1023.74,125735900,4608672512
2010-06-24,1046.76,1050.6,1059.75,1041.54,106913300,3904947869
2010-06-25,1046.21,1016.28,1046.21,999.16,123729800,4515664637
2010-06-28,1009.22,987.83,1014.41,984.22,92067300,3463552184
2010-06-29,985.57,913.31,992.23,912.54,149780000,5293896897
2010-06-30,898.29,919.31,921.81,881.36,122366100,3852158586
2010-07-01,914.39,882.19,921.21,882.19,104957300,3663773722
2010-07-02,878.95,873.12,885.34,832.62,128883400,4212661774
2010-07-05,857.37,862.27,870.86,842.73,91586400,2851736007
2010-07-06,859.26,893.72,898.45,857.8,116523200,3751055713
2010-07-07,896.53,908.55,908.55,890.34,104616300,3342473673
2010-07-08,912.0,905.51,914.3,887.03,109808800,3780698945
2010-07-09,903.5,932.15,936.53,896.89,145146000,4743256781
2010-07-12,931.53,930.17,941.07,924.06,126361800,4188147302
2010-07-13,924.95,931.08,936.64,906.3,146865700,4744135623
2010-07-14,929.75,922.36,937.93,916.07,142358600,4648080329
2010-07-15,920.05,892.56,930.55,892.56,117588100,3960490864
2010-07-16,885.07,892.3,895.06,869.02,100931200,3264221675
2010-07-19,881.66,908.05,910.18,878.07,93880300,2992584134
2010-07-20,909.54,937.02,937.54,909.54,136580900,4559580869
2010-07-21,940.1,941.25,959.04,938.16,166574600,5960654023
2010-07-22,938.22,950.21,950.21,932.02,132660300,4356669335
2010-07-23,951.84,960.59,964.74,948.13,172125100,5339086418
2010-07-26,962.76,966.15,966.73,954.76,147603600,4626044945
2010-07-27,963.54,957.97,968.04,955.73,136182100,4574086800
2010-07-28,955.19,972.53,972.53,954.52,156618300,5187227527
2010-07-29,974.29,975.36,982.01,965.61,179419300,5897853304
2010-07-30,971.66,968.43,971.66,955.92,145848700,5049473242
2010-08-02,968.45,994.23,994.23,968.45,181036400,6104407789
2010-08-03,995.2,975.64,996.26,975.64,175705900,5951414562
2010-08-04,971.41,978.01,978.01,955.93,144616500,4758297321
2010-08-05,980.27,987.35,998.1,978.33,177040000,6033987121
2010-08-06,987.97,1011.39,1011.39,985.63,189906100,6225316746
2010-08-09,1013.25,1032.34,1032.34,1013.25,209199500,6918898501
2010-08-10,1031.98,993.99,1034.33,993.99,217707200,7106822601
2010-08-11,991.28,1004.64,1006.45,990.94,161507800,5180189727
2010-08-12,994.05,991.78,1007.58,987.98,168918900,5316055442
2010-08-13,992.63,1007.21,1007.52,986.62,147179800,4831450139
2010-08-16,1007.5,1030.22,1031.05,1005.05,188040000,6199923329
2010-08-17,1031.08,1033.58,1036.82,1023.08,180077700,6092952254
2010-08-18,1033.71,1026.72,1035.61,1018.5,164350100,5721278603
2010-08-19,1026.98,1025.53,1033.25,1021.7,162453400,5547407031
2010-08-20,1021.46,995.94,1022.45,993.56,187022500,6597771542
2010-08-23,994.94,995.61,1001.18,991.52,145601400,5064149925
2010-08-24,993.58,1004.99,1007.76,987.22,136505200,4942148654
2010-08-25,1000.27,976.88,1002.33,976.55,150134300,5247658106
2010-08-26,978.6,980.63,984.87,973.0,128806700,4668329057
2010-08-27,978.51,999.46,1000.86,975.72,121624300,4490466099
2010-08-30,1002.99,1024.93,1025.15,1002.99,164541200,5997851095
2010-08-31,1020.75,1025.57,1029.8,1015.13,153470000,5742617797
2010-09-01,1025.68,995.59,1029.81,987.59,186436300,6805223639
2010-09-02,1001.6,1014.92,1018.27,996.52,163085700,5905102094
2010-09-03,1017.64,1036.7,1045.21,1017.51,228936500,8448724536
2010-09-06,1039.46,1010.76,1043.24,1007.43,181308100,6466212157
2010-09-07,1010.12,1022.62,1022.62,1007.64,128451496,4586031318
2010-09-08,1020.23,1026.33,1027.64,1016.84,140381872,4795945871
2010-09-09,1029.11,1021.83,1040.67,1019.69,195980272,6404983520
2010-09-10,1021.87,1034.94,1037.51,1016.19,181229024,5743872588
2010-09-13,1034.39,1042.48,1045.39,1033.25,166788992,5527660293
2010-09-14,1044.3,1031.22,1046.13,1028.77,159023168,5554204870
2010-09-15,1029.52,990.1,1030.02,987.05,181827392,6238212551
2010-09-16,989.49,972.6,994.95,964.53,144205824,4843029701
2010-09-17,976.07,972.23,981.73,967.55,96784056,3271601193
2010-09-20,972.45,949.2,975.26,947.41,92365872,3136271246
2010-09-21,952.07,934.46,953.83,930.25,83585856,2664430096
2010-09-27,936.21,950.67,951.84,930.87,89293664,2896534003
2010-09-28,949.63,942.05,949.89,939.63,93943392,2943710101
2010-09-29,941.27,926.76,944.17,924.41,83173536,2805263882
2010-09-30,923.83,942.54,942.54,921.36,69973736,2252413165
2010-10-08,946.47,959.86,963.18,945.62,108396016,3415850316
2010-10-11,960.91,947.11,961.17,941.91,144687008,4702486651
2010-10-12,946.63,951.79,959.98,945.01,124019208,3915278784
2010-10-13,951.33,962.74,962.74,940.64,133051664,4123690416
2010-10-14,963.29,958.5,975.91,956.86,139640544,4577347139
2010-10-15,954.12,944.25,957.77,937.12,135249840,4343111216
2010-10-18,941.87,932.36,941.87,913.82,132787576,4243012677
2010-10-19,932.83,995.92,1005.59,932.32,233908624,7752443015
2010-10-20,986.65,1004.54,1024.58,986.03,263813264,8597749281
2010-10-21,1001.68,991.84,1001.68,983.66,156912288,4853646889
2010-10-22,991.13,1013.45,1023.7,991.13,176574900,5596426131
2010-10-25,1018.08,1039.05,1043.09,1018.08,206368900,6717409625
2010-10-26,1041.53,1036.01,1041.91,1020.94,183841400,5899693751
2010-10-27,1034.86,1030.59,1048.56,1028.7,170168900,5627187689
2010-10-28,1024.7,1038.62,1038.62,1023.49,159247700,5363520705
2010-10-29,1042.4,1064.52,1069.75,1042.4,223551800,7678783751
2010-11-01,1071.63,1107.52,1113.62,1071.63,281789952,9836595786
2010-11-02,1108.09,1075.15,1108.09,1074.58,245453184,8659221612
2010-11-03,1063.2,1040.62,1063.2,1040.55,162049200,5454222839
2010-11-04,1041.42,1057.71,1057.71,1037.24,133879040,4549208821
2010-11-05,1067.87,1072.22,1072.22,1058.26,139702448,4795822280
2010-11-08,1077.5,1107.06,1107.06,1077.5,178649840,6235219996
2010-11-09,1110.43,1115.65,1117.52,1102.01,190022192,6746547558
2010-11-10,1115.74,1141.58,1147.48,1113.75,226669392,7916958468
2010-11-11,1137.08,1132.72,1163.7,1132.36,229790608,7972459577
2010-11-12,1126.85,1082.24,1140.63,1080.27,229228448,8050112619
2010-11-15,1087.81,1148.54,1148.54,1086.52,209131328,7721729734
2010-11-16,1154.41,1126.17,1175.31,1111.5,289446496,10386977721
2010-11-17,1115.12,1085.35,1132.86,1080.93,207611440,7106503474
2010-11-18,1090.14,1102.85,1102.85,1077.06,156990672,5219806945
2010-11-19,1106.75,1153.17,1153.17,1105.59,241422800,8111277784
2010-11-22,1153.26,1174.94,1194.2,1151.76,303424352,10608554495
2010-11-23,1172.06,1183.5,1183.84,1148.81,215736320,7681751341
2010-11-24,1176.42,1208.45,1208.45,1174.67,212038272,7594378963
2010-11-25,1212.77,1186.36,1215.74,1177.83,210120944,7526842761
2010-11-26,1184.8,1196.02,1200.5,1179.28,174707920,6325632959
2010-11-29,1195.31,1220.11,1221.74,1193.41,196404192,7287946008
2010-11-30,1219.08,1181.5,1219.12,1146.97,236234832,8516006199
2010-12-01,1176.61,1177.17,1182.57,1169.89,119469200,4367794297
2010-12-02,1187.1,1177.84,1192.8,1177.81,125154900,4635977197
2010-12-03,1177.17,1157.94,1178.67,1148.09,120486700,4450798277
2010-12-06,1157.72,1134.38,1159.3,1124.93,113312100,4059918266
2010-12-07,1132.33,1161.69,1162.58,1123.76,92493600,3432386621
2010-12-08,1160.92,1160.24,1176.42,1158.1,101837300,3804190960
2010-12-09,1158.82,1144.53,1160.91,1144.18,99630200,3617316362
2010-12-10,1139.83,1166.8,1167.68,1136.33,102989800,3865522272
2010-12-13,1175.51,1209.27,1210.75,1175.51,162476300,6233175238
2010-12-14,1211.46,1218.52,1219.71,1204.66,142264900,5339626133
2010-12-15,1217.81,1211.8,1224.05,1209.29,142883500,5255722121
2010-12-16,1209.62,1225.03,1233.62,1209.34,147523000,5295292797
2010-12-17,1222.93,1232.98,1233.39,1222.93,128384200,4801740890
2010-12-20,1235.67,1212.34,1239.6,1180.53,174959300,6788415501
2010-12-21,1212.09,1215.02,1222.3,1204.48,121038100,4491643400
2010-12-22,1214.77,1201.65,1215.79,1199.68,110921800,4057622798
2010-12-23,1198.74,1176.36,1200.76,1175.86,107304500,4106420822
2010-12-24,1170.69,1144.5,1170.69,1140.13,101182800,3824362483
2010-12-27,1145.7,1105.3,1154.53,1100.52,99682500,3686715523
2010-12-28,1098.94,1091.48,1099.18,1080.4,94216600,3226394060
2010-12-29,1091.82,1113.31,1113.31,1091.82,78967200,2849558851
2010-12-30,1113.56,1117.21,1122.41,1106.43,82186700,3028753411
2010-12-31,1117.36,1137.66,1138.47,1117.36,84173500,3190303998
2011-01-04,1142.17,1155.11,1155.52,1140.04,106329700,4383795357
2011-01-05,1153.91,1155.35,1159.12,1146.38,106082000,4306367605
2011-01-06,1153.63,1134.79,1159.4,1134.09,104850200,4282629603
2011-01-07,1132.73,1126.52,1139.78,1119.61,96800300,3902933275
2011-01-10,1124.34,1093.77,1124.34,1089.06,95294500,3799474959
2011-01-11,1089.99,1078.37,1089.99,1068.4,86587600,3221661514
2011-01-12,1083.12,1089.67,1095.52,1071.09,84599200,3325452577
2011-01-13,1094.83,1093.86,1097.1,1089.67,81042400,3141975993
2011-01-14,1092.09,1067.42,1092.09,1065.75,77625400,2967773167
2011-01-17,1066.43,1028.16,1066.99,1025.66,105544500,4202385273
2011-01-18,1021.84,1025.72,1029.86,1014.63,62166400,2400063288
2011-01-19,1025.93,1048.54,1048.6,1023.15,70615800,2744388311
2011-01-20,1047.77,1020.39,1051.52,1020.29,86936800,3379565151
2011-01-21,1014.72,1024.51,1033.52,1013.27,78920200,3090079825
2011-01-24,1024.79,994.97,1029.33,994.26,84829600,3474595694
2011-01-25,992.57,979.0,992.57,968.32,73726200,2700840096
2011-01-26,978.07,995.74,995.78,977.85,57625600,2134430052
2011-01-27,991.06,1013.02,1015.05,984.79,70837200,2546581472
2011-01-28,1013.64,1020.94,1023.63,1011.3,59566300,2189402785
2011-01-31,1021.63,1029.12,1030.18,1014.4,72280700,2737181379
2011-02-01,1029.67,1032.6,1034.14,1026.9,59105800,2288516567
2011-02-09,1026.45,1025.15,1037.84,1021.79,63034700,2391600213
2011-02-10,1026.25,1063.95,1063.95,1024.71,100070600,3692816041
2011-02-11,1067.19,1071.58,1075.59,1065.15,101753200,3826891717
2011-02-14,1072.31,1086.56,1087.31,1072.31,119351900,4568898629
2011-02-15,1086.8,1087.72,1097.56,1082.27,118456100,4484331668
2011-02-16,1086.77,1107.24,1107.24,1083.85,124442300,4801657766
2011-02-17,1108.63,1115.33,1116.96,1103.89,131962800,5325100879
2011-02-18,1114.45,1100.46,1114.69,1098.59,129652500,4993059097
2011-02-21,1096.16,1117.67,1117.67,1094.42,142047000,5678405667
2011-02-22,1118.61,1088.27,1122.18,1087.01,139730900,5596568249
2011-02-23,1088.08,1114.05,1117.29,1087.86,128183400,5762979668
2011-02-24,1112.43,1101.95,1112.72,1094.62,131930500,5676287025
2011-02-25,1098.11,1095.1,1098.73,1085.8,119408800,4837609087
2011-02-28,1096.34,1099.78,1099.78,1087.59,113927300,4600113857
2011-03-01,1100.81,1098.0,1102.55,1091.98,127780700,4853782959
2011-03-02,1094.97,1088.9,1096.09,1077.65,109066700,4172378507
2011-03-03,1088.89,1064.31,1091.89,1062.37,108204300,4071388629
2011-03-04,1063.43,1071.86,1071.86,1056.56,89799000,3247329701
2011-03-07,1073.93,1078.11,1078.11,1069.93,112588400,4147178275
2011-03-08,1079.53,1084.82,1085.31,1074.1,117065800,4228422995
2011-03-09,1084.7,1087.3,1087.3,1075.46,124603600,4687041143
2011-03-10,1088.34,1093.9,1103.54,1087.57,147947800,5834287377
2011-03-11,1090.21,1101.76,1113.01,1088.65,153087400,6165758173
2011-03-14,1099.32,1107.54,1107.54,1095.9,138307800,5185479995
2011-03-15,1108.2,1094.95,1108.2,1078.23,155296600,5726280205
2011-03-16,1094.12,1102.21,1102.67,1094.12,122243700,4714347391
2011-03-17,1096.22,1078.37,1096.22,1074.87,139306500,5161524257
2011-03-18,1081.6,1083.6,1088.31,1079.56,98539400,3620591654
2011-03-21,1083.15,1070.6,1084.55,1068.32,90552300,3381144375
2011-03-22,1072.39,1067.29,1074.08,1057.86,81475700,3031375850
2011-03-23,1066.17,1076.56,1076.56,1064.59,98236900,3472005239
2011-03-24,1078.02,1077.99,1081.59,1074.04,97429800,3460551366
2011-03-25,1077.34,1072.34,1078.02,1069.38,105006300,3714155575
2011-03-28,1072.89,1052.11,1074.41,1051.02,130275300,4506337808
2011-03-29,1050.29,1019.04,1050.29,1017.88,130338400,4347172552
2011-03-30,1017.16,1006.37,1019.17,1004.38,101020200,3133145358
2011-03-31,1006.72,1008.3,1019.32,1005.37,92020300,2788355227
2011-04-01,1006.04,1015.08,1015.08,1002.86,76705200,2350799408
2011-04-06,1011.68,994.26,1011.82,992.31,95852800,3077244490
2011-04-07,993.38,1004.41,1004.41,992.43,89120600,2825328059
2011-04-08,1004.14,1019.14,1019.14,1002.38,83933500,2656072802
2011-04-11,1021.3,1002.8,1022.56,1002.43,95317100,3151184540
2011-04-12,1000.77,1000.16,1007.25,997.75,80753600,2600043896
2011-04-13,999.53,1020.75,1020.75,998.52,90762100,3059919834
2011-04-14,1021.1,1016.62,1021.46,1013.99,88570000,2894781649
2011-04-15,1015.97,1010.06,1016.15,1002.64,84576500,2633192965
2011-04-18,1008.48,1003.26,1010.66,1000.18,84474400,2641298925
2011-04-19,1000.88,994.3,1000.88,986.9,99345100,3054868623
2011-04-20,993.94,1008.18,1009.5,991.88,102564000,3268733638
2011-04-21,1007.98,1010.56,1017.7,1006.91,137908200,4267557759
2011-04-22,1008.17,1004.65,1008.3,1000.92,103046900,3113293989
2011-04-25,1001.08,975.17,1001.08,974.99,114029900,3277561877
2011-04-26,970.96,958.29,973.56,954.98,101704800,2870179356
2011-04-27,956.77,942.54,961.64,936.99,108868400,3026052648
2011-04-28,941.2,904.15,944.7,903.03,117498900,3103402621
2011-04-29,901.16,912.72,912.72,897.2,76430900,2005525037
2011-05-03,911.79,922.07,923.06,907.28,72907900,1863754996
2011-05-04,919.67,903.99,919.67,901.92,73474700,1905851180
2011-05-05,901.48,914.59,919.6,900.35,78096400,1941454981
2011-05-06,910.14,918.28,920.77,904.74,77467700,2008258859
2011-05-09,920.12,931.77,935.9,920.12,100484300,2264811770
2011-05-10,932.88,931.21,933.24,925.04,77970100,1904583900
2011-05-11,931.51,929.95,933.28,923.26,76742000,1836874464
2011-05-12,927.15,909.25,927.15,909.14,89158900,2130489430
2011-05-13,909.25,909.77,912.61,897.8,88196100,2142878291
2011-05-16,911.34,906.34,916.02,906.08,70457100,1807399803
2011-05-17,903.98,895.15,904.48,890.36,102274600,2361209671
2011-05-18,891.99,890.79,894.89,888.17,81028600,1802051765
2011-05-19,891.48,884.89,895.54,883.87,72114000,1592409064
2011-05-20,884.06,875.43,884.33,873.87,74123000,1706773569
2011-05-23,873.31,840.9,873.59,840.65,116210300,2360587336
2011-05-24,836.79,870.94,876.6,828.5,171762800,3571967909
2011-05-25,867.68,842.35,867.68,842.12,118773300,2445914704
2011-05-26,843.62,830.92,852.98,830.64,98557400,2000484726
2011-05-27,830.61,822.94,835.87,819.87,116016000,2252273210
2011-05-30,819.87,834.32,844.97,816.39,157634500,2946471130
2011-05-31,836.35,846.32,846.32,828.66,139757900,2632226230
2011-06-01,846.48,851.17,852.66,843.29,137582300,2563471763
2011-06-02,841.52,833.74,841.52,823.1,116679500,2228483606
2011-06-03,833.44,847.54,849.73,832.52,112463700,2214206913
2011-06-07,845.25,847.71,848.22,842.46,92637200,1763309204
2011-06-08,846.67,844.98,846.92,836.99,100812600,1957614440
2011-06-09,843.58,828.02,843.58,828.02,115409300,2169196513
2011-06-10,825.55,824.03,826.54,811.09,97113200,1855260103
2011-06-13,820.24,829.36,833.25,811.38,96660500,1875349676
2011-06-14,829.51,838.47,840.69,829.27,102989600,2026018616
2011-06-15,837.53,827.53,840.53,826.94,103205800,1952902309
2011-06-16,822.37,810.71,822.55,809.93,98942300,1845551851
2011-06-17,809.16,802.64,813.21,801.3,82126300,1509553852
2011-06-20,800.62,791.76,800.62,787.57,90192600,1692720576
2011-06-21,792.0,795.61,796.85,786.33,86205800,1674202452
2011-06-22,797.42,791.51,798.24,788.56,79865300,1470877556
2011-06-23,790.7,814.44,815.78,783.86,158726500,2981179404
2011-06-24,812.3,832.32,835.3,810.58,188687200,3625074205
2011-06-27,832.62,843.86,850.39,832.62,193766200,3748581496
2011-06-28,843.98,844.18,844.96,836.94,135362700,2595686873
2011-06-29,844.85,836.38,850.36,836.38,153350200,2927094543
2011-06-30,834.82,845.92,846.88,834.82,137364800,2610701255
2011-07-01,847.54,855.27,862.34,847.54,178941000,3460363155
2011-07-04,856.5,876.17,876.17,856.5,220954800,4368780232
2011-07-05,877.52,883.42,885.77,876.9,213180500,4288838144
2011-07-06,881.6,894.28,894.28,877.82,204234700,4110378223
2011-07-07,893.6,899.8,911.87,891.73,278066700,5626260754
2011-07-08,899.47,894.91,902.05,888.22,173493500,3472259006
2011-07-11,894.07,903.31,903.9,889.82,191807900,3679193018
2011-07-12,895.49,891.52,898.99,888.58,227879300,4449106656
2011-07-13,890.3,913.09,913.09,890.3,209416100,4220394346
2011-07-14,913.49,932.77,932.77,913.49,297647600,5892022658
2011-07-15,935.54,951.14,951.39,933.49,393007500,8031743661
2011-07-18,952.03,946.12,959.27,944.1,305153100,6601703374
2011-07-19,940.42,927.3,940.42,924.09,235674300,4857917648
2011-07-20,932.21,930.83,937.75,920.22,206637700,4296436955
2011-07-21,930.26,915.37,930.89,915.37,191540500,3824359877
2011-07-22,917.63,924.0,929.93,917.63,174108300,3667494402
2011-07-25,920.85,887.06,920.85,884.1,228613400,4616406794
2011-07-26,884.01,892.54,892.54,878.16,147708200,3026796280
2011-07-27,890.03,915.55,917.16,883.97,187721400,3981262317
2011-07-28,907.25,919.39,920.03,902.5,182652400,4011740238
2011-07-29,919.52,913.28,924.84,910.24,186156500,3750936959
2011-08-01,911.94,927.38,931.37,910.98,176895300,3848277899
2011-08-02,923.09,932.12,932.12,905.01,239589200,4932195154
2011-08-03,922.81,945.51,951.59,918.64,297084700,6201897345
2011-08-04,944.83,937.48,950.03,935.41,220054700,4639467722
2011-08-05,905.16,919.18,926.62,899.32,202318800,4341703379
2011-08-08,908.08,877.44,913.32,859.16,247970700,4995829272
2011-08-09,849.0,878.76,884.84,835.28,212746100,4281239947
2011-08-10,891.22,891.75,901.86,889.86,202588100,4392962164
2011-08-11,873.12,915.49,915.49,870.29,242996900,5196410806
2011-08-12,920.29,926.3,932.77,920.29,231307100,4994718062
2011-08-15,928.98,942.49,946.8,928.98,231467400,5055772500
2011-08-16,942.95,933.14,944.87,929.79,203888500,4261310200
2011-08-17,932.01,936.16,941.45,926.02,193843000,4132752532
2011-08-18,934.58,915.68,935.11,915.26,177470500,3745069202
2011-08-19,895.65,912.42,912.42,891.8,171921900,3520053161
2011-08-22,913.61,910.61,925.39,907.86,174816100,3689983862
2011-08-23,912.35,936.42,936.42,912.35,228622800,4677524123
2011-08-24,940.42,940.2,954.23,939.28,293338100,6268530082
2011-08-25,942.64,942.94,943.72,927.36,243682300,5169622954
2011-08-26,940.53,952.81,954.72,937.97,227329900,4795295001
2011-08-29,951.55,954.03,959.67,947.73,237398900,4922247048
2011-08-30,957.29,934.18,960.15,933.82,221948100,4647806659
2011-08-31,931.79,921.5,936.1,911.82,166413500,3462618261
2011-09-01,921.97,917.75,930.19,913.16,144306000,2858414751
2011-09-02,916.07,909.85,918.59,902.48,136265100,2847994286
2011-09-05,902.37,883.87,902.37,883.46,138659200,2780112876
2011-09-06,876.71,874.74,884.61,869.81,107196800,2109826003
2011-09-07,877.87,899.61,899.61,877.78,133033600,2661375653
2011-09-08,903.25,891.93,909.88,891.52,143055000,2960212258
2011-09-09,889.47,881.58,895.84,877.53,121048000,2565319229
2011-09-13,870.04,861.92,870.04,858.91,105326400,2099444780
2011-09-14,864.08,876.95,877.04,855.34,113202800,2222600058
2011-09-15,877.93,875.86,885.71,875.67,120343200,2347935546
2011-09-16,878.56,874.88,883.1,873.55,95303500,1889660609
2011-09-19,871.88,854.71,871.88,854.64,91345500,1711088889
2011-09-20,850.97,856.81,861.18,846.03,87643600,1676329189
2011-09-21,856.8,881.03,881.56,854.29,135892300,2657074896
2011-09-22,876.25,852.92,879.1,852.92,130032800,2460292527
2011-09-23,840.17,843.48,848.27,833.77,118054700,2146802322
2011-09-26,842.0,829.35,848.82,826.83,97995400,1787843377
2011-09-27,833.64,830.88,839.19,822.84,93057400,1766731548
2011-09-28,834.03,817.51,838.33,814.34,88379900,1683751041
2011-09-29,813.26,791.89,813.26,791.05,103826300,1947073977
2011-09-30,792.76,791.13,796.48,781.79,82427100,1543596833
2011-10-10,792.97,790.04,796.86,786.84,71468200,1393989121
2011-10-11,806.7,786.15,812.45,778.05,119847300,2166720462
2011-10-12,783.43,816.14,817.02,773.92,163748100,3028272392
2011-10-13,816.53,833.02,835.63,814.63,191023900,3670145363
2011-10-14,830.48,830.2,833.03,819.98,144570000,2828789885
2011-10-17,832.86,832.29,839.26,826.81,145821900,3005531748
2011-10-18,826.53,806.6,828.17,806.0,161382200,3134620142
2011-10-19,807.21,804.44,813.95,798.8,132652900,2564118708
2011-10-20,801.02,778.95,801.02,771.15,145773900,2854600288
2011-10-21,777.03,763.29,779.46,760.16,111305200,2060358016
2011-10-24,761.43,772.41,772.96,741.33,162022100,2900300600
2011-10-25,770.84,797.86,799.1,769.28,213374700,3987645321
2011-10-26,794.29,811.13,820.81,791.0,286014500,5343518945
2011-10-27,810.72,810.92,821.29,807.12,241696900,4563849597
2011-10-28,820.42,833.42,833.73,813.93,285690600,5441715969
2011-10-31,834.3,852.8,852.8,831.5,337067100,6643922468
2011-11-01,843.8,853.36,855.35,840.05,323158000,6220576981
2011-11-02,837.07,881.05,881.05,833.9,401744200,7794096862
2011-11-03,885.87,877.66,898.31,877.66,492088900,9778900581
2011-11-04,881.62,882.25,887.67,876.44,322527200,6305720442
2011-11-07,880.15,878.76,889.34,876.54,240189700,4780416265
2011-11-08,878.45,862.36,879.9,861.38,242032700,4748395083
2011-11-09,866.91,891.12,891.12,860.75,338809200,6572879365
2011-11-10,881.69,895.27,911.73,878.99,512765400,9990435592
2011-11-11,893.72,891.19,901.8,885.59,376167700,7006417758
2011-11-14,899.11,915.98,917.27,899.11,388531400,7705803730
2011-11-15,916.62,920.97,922.81,912.81,368232900,7406182878
2011-11-16,921.3,893.51,922.07,888.88,346599100,7082691099
2011-11-17,893.79,898.34,911.89,890.82,286250900,6143908493
2011-11-18,892.63,869.19,892.75,868.26,290800900,5961435836
2011-11-21,866.98,863.13,868.31,849.56,210075900,4249833061
2011-11-22,856.2,868.43,868.48,852.04,182110400,3828354329
2011-11-23,868.78,864.81,874.3,863.06,186560700,3972231734
2011-11-24,856.67,868.14,874.92,852.0,190796700,4012809501
2011-11-25,866.99,863.5,874.48,860.63,195816400,3939197486
2011-11-28,864.38,866.84,871.28,858.46,199068500,4043639631
2011-11-29,872.2,880.31,880.31,866.74,222106400,4567675850
2011-11-30,878.68,838.11,878.68,824.95,271170000,5408860521
2011-12-01,861.54,852.87,872.34,852.87,276290800,5759092262
2011-12-02,849.18,829.18,849.18,825.08,194912700,4011659704
2011-12-05,825.6,792.5,826.09,790.29,169229700,3353263761
2011-12-06,788.43,798.1,801.93,783.28,147500000,2972483390
2011-12-07,797.18,802.63,806.42,794.37,131963100,2634317062
2011-12-08,799.49,809.43,819.97,788.62,203447000,4086559726
2011-12-09,802.13,798.84,812.17,796.19,145429600,2996869541
2011-12-12,798.81,790.79,803.74,789.79,124689900,2441423052
2011-12-13,787.08,768.92,787.08,765.04,163020300,2947963354
2011-12-14,766.18,755.76,773.77,754.32,144942400,2805762527
2011-12-15,751.55,746.55,756.81,743.27,162660700,2856490624
2011-12-16,745.52,778.77,778.77,745.52,189917200,3456230632
2011-12-19,774.65,793.44,793.44,767.07,248796000,4596897381
2011-12-20,791.82,781.42,799.66,780.92,192837000,3703050533
2011-12-21,786.98,761.34,791.23,760.92,190600600,3630425451
2011-12-22,754.48,757.9,767.32,727.74,235250100,4390961347
2011-12-23,754.89,761.44,770.38,750.96,189142900,3487577811
2011-12-26,760.67,753.05,769.92,751.61,157857100,2901112136
2011-12-27,749.61,727.17,749.92,725.11,163882100,3025786527
2011-12-28,721.84,717.55,721.84,700.11,160777400,2839828076
2011-12-29,714.58,716.55,722.2,710.65,124101600,2234317968
2011-12-30,718.03,729.5,730.53,718.03,146606700,2721102686
2012-01-04,734.74,707.11,737.91,707.11,138712300,2670224518
2012-01-05,700.32,666.9,701.04,665.41,187682900,3279518114
2012-01-06,662.65,669.02,672.13,645.8,158864300,2805688311
2012-01-09,667.86,692.42,692.42,657.18,199860500,3467780572
2012-01-10,691.65,716.45,718.29,690.5,264154100,4640456565
2012-01-11,715.04,717.94,728.66,710.53,239866200,4331677791
2012-01-12,715.82,709.89,724.08,708.67,203924200,3738873957
2012-01-13,709.05,666.08,709.63,665.26,243703800,4339905077
2012-01-16,657.8,633.91,657.8,633.31,171596500,2906733530
2012-01-17,630.78,662.69,664.7,623.64,232085800,3848273357
2012-01-18,662.94,624.91,665.6,621.67,239740900,4035766261
2012-01-19,621.65,632.8,637.02,612.28,237354900,3764313673
2012-01-20,634.83,646.38,648.14,634.57,199100500,3093006039
2012-01-30,649.42,651.25,660.06,644.88,188878300,3021419418
2012-01-31,649.37,648.68,650.49,637.43,166705200,2657309421
2012-02-01,647.49,650.78,663.27,644.58,182018000,3038141289
2012-02-02,652.06,665.4,665.4,652.06,204642800,3256904955
2012-02-03,665.35,680.04,681.89,663.01,246984600,3890809986
2012-02-06,681.04,686.51,689.96,680.7,242964500,3853839571
2012-02-07,683.88,673.68,683.88,669.54,195950400,3208798511
2012-02-08,673.07,692.3,692.3,669.63,238324200,3848968383
2012-02-09,692.36,697.79,705.7,690.68,300027400,4967944168
2012-02-10,696.53,698.85,703.09,693.75,238207200,3810082442
2012-02-13,694.24,714.96,718.67,690.53,283107600,4880321668
2012-02-14,714.75,712.3,717.77,707.97,202576900,3421898461
2012-02-15,711.62,724.75,724.75,707.14,279647600,4675745432
2012-02-16,723.43,721.83,731.45,714.4,276874800,4638346302
2012-02-17,722.62,717.8,726.94,709.23,222660800,3883682916
2012-02-20,726.88,721.1,731.41,720.97,288492300,5231571263
2012-02-21,719.29,736.88,736.88,713.65,323117000,6025332873
2012-02-22,737.78,759.56,759.56,737.78,439845000,8109254315
2012-02-23,760.67,756.9,765.41,748.62,375290700,7153405999
2012-02-24,756.16,762.29,764.74,755.19,342974000,6506604166
2012-02-27,763.96,760.37,771.29,760.24,384755600,7264437659
2012-02-28,757.45,747.77,758.17,737.37,382457700,7067002218
2012-02-29,747.22,735.34,748.09,734.24,282415300,5477331473
2012-03-01,734.25,743.15,748.8,733.78,262295100,5062827676
2012-03-02,743.85,757.67,757.67,743.85,256055000,4706168485
2012-03-05,759.65,759.37,766.75,758.83,298470900,5739743358
2012-03-06,758.08,750.84,758.72,743.61,299701900,5986614907
2012-03-07,743.05,749.27,759.45,740.61,278630300,5326232546
2012-03-08,751.98,761.7,764.0,751.98,269069100,4978760808
2012-03-09,764.48,777.69,777.69,763.72,335546400,6349215852
2012-03-12,779.51,786.05,786.05,778.5,350107600,7011060046
2012-03-13,785.53,792.38,792.38,782.94,372356600,7005004111
2012-03-14,795.12,756.46,799.83,750.13,535388400,10231853977
2012-03-15,754.53,746.44,759.53,735.09,344723300,6391317737
2012-03-16,748.05,765.56,765.56,745.35,292849500,5549992922
2012-03-19,764.95,779.56,779.56,763.36,296875400,5787185876
2012-03-20,777.39,755.58,777.39,755.4,284260500,5436010725
2012-03-21,758.89,751.79,761.34,737.99,271092900,5302752349
2012-03-22,750.45,750.85,756.35,744.89,202285500,3965250077
2012-03-23,748.87,737.89,750.69,735.15,198204500,3691302063
2012-03-26,735.16,737.21,742.26,731.31,161792800,3277778769
2012-03-27,739.44,735.73,745.83,733.84,192525300,3824696158
2012-03-28,732.68,698.49,732.68,697.51,247395653,4478255084
2012-03-29,692.37,683.96,695.96,676.99,192046657,3268521059
2012-03-30,682.28,678.52,686.5,673.49,180630141,2757846159
2012-04-05,677.76,697.75,698.3,676.51,199915403,3755133053
2012-04-06,697.86,701.9,705.38,695.65,201784120,3698622054
2012-04-09,699.87,689.72,701.59,689.72,154797630,2901994223
2012-04-10,686.48,697.16,697.16,672.99,182156068,3351709130
2012-04-11,689.85,698.49,701.93,685.75,161259299,2884814409
2012-04-12,699.42,713.12,713.25,697.74,206037968,3648082943
2012-04-13,715.04,718.96,723.89,714.24,226780247,4060110117
2012-04-16,714.85,716.23,719.88,712.02,172051521,3224450679
2012-04-17,716.53,709.14,718.46,708.4,183319520,3182862758
2012-04-18,710.14,723.46,724.03,710.1,236595413,4027117419
2012-04-19,723.83,725.12,728.46,721.59,234132587,4012056775
2012-04-20,724.13,728.72,728.72,720.83,217759082,3867245786
2012-04-23,724.9,690.43,724.9,689.44,371809793,5887396126
2012-04-24,680.61,681.53,689.88,663.92,287657957,4522792699
2012-04-25,679.75,682.52,684.48,674.54,200800149,3303835485
2012-04-26,683.02,678.44,685.82,673.94,178175875,2786505576
2012-04-27,677.55,685.13,689.1,676.07,187803352,2926452973
2012-05-02,692.35,693.61,696.42,686.18,208885085,3412786178
2012-05-03,693.4,699.31,699.41,690.76,195262472,3230743672
2012-05-04,699.88,713.19,713.84,699.88,261838188,4512575646
2012-05-07,710.98,733.04,733.04,709.87,309428194,5703100701
2012-05-08,733.83,731.72,738.52,730.55,302463326,5582481058
2012-05-09,727.6,719.35,727.7,718.72,253830276,4655081347
2012-05-10,718.24,727.28,730.78,718.24,235333778,4309235289
2012-05-11,726.56,721.08,730.83,720.93,272066910,4441991289
2012-05-14,725.52,719.87,729.67,717.94,265740121,4406953245
2012-05-15,714.58,720.12,720.21,709.63,239165472,3649958834
2012-05-16,718.71,709.96,722.21,709.88,198175476,3339923196
2012-05-17,709.5,716.17,718.44,703.92,201702370,3303253195
2012-05-18,711.69,706.22,717.27,705.25,255758898,4124186856
2012-05-21,705.86,704.8,709.68,698.8,216190776,3573182547
2012-05-22,706.92,714.66,714.91,706.92,182992474,3063463562
2012-05-23,715.03,713.02,717.2,705.2,243769201,3705425966
2012-05-24,711.68,712.58,718.02,710.07,262556290,3879481892
2012-05-25,713.04,702.72,714.9,700.62,227596852,3459209565
2012-05-28,699.64,706.47,707.49,686.07,231536349,3378809581
2012-05-29,705.78,720.45,721.73,704.2,277976080,4276268949
2012-05-30,720.57,727.19,731.28,719.14,331031724,5009463264
2012-05-31,724.46,734.45,740.49,721.71,350950418,5387089330
2012-06-01,733.62,734.26,739.93,730.0,314015137,4858881801
2012-06-04,721.68,717.1,734.26,717.04,323151670,5004389589
2012-06-05,718.11,715.93,721.57,713.58,206662325,3314775622
2012-06-06,717.13,715.24,722.36,711.19,197821520,2998256376
2012-06-07,721.56,711.43,725.29,709.17,216035443,3482704663
2012-06-08,716.42,713.92,721.36,710.27,248574132,4099510582
2012-06-11,714.12,734.5,734.5,714.12,316024855,5363290901
2012-06-12,731.04,735.29,739.02,729.71,313093756,5138912254
2012-06-13,735.6,746.5,746.5,735.6,337757614,5197875672
2012-06-14,745.76,740.97,750.28,739.91,301755344,4774751778
2012-06-15,742.38,742.27,747.3,733.33,299647512,4636576317
2012-06-18,744.05,752.98,753.77,744.05,334320098,5222280085
2012-06-19,751.27,747.49,752.77,746.09,297375859,4649422062
2012-06-20,747.64,748.39,751.9,746.03,256904270,4042689452
2012-06-21,746.61,739.05,746.61,732.17,296975098,4527083163
2012-06-25,736.18,720.6,736.18,720.47,255649838,3771502720
2012-06-26,716.3,715.92,719.33,703.03,221800275,3293949213
2012-06-27,715.52,718.93,728.54,715.38,226152599,3390122018
2012-06-28,719.09,711.14,723.07,710.9,237702917,3610726610
2012-06-29,708.11,726.68,726.68,705.86,239742474,3517279014
2012-07-02,730.77,741.19,744.96,730.76,254860375,4129105440
2012-07-03,742.2,743.9,751.36,739.92,289243708,4484439288
2012-07-04,744.7,739.62,747.84,736.9,258971273,4002516918
2012-07-05,738.49,724.31,738.49,721.36,253302627,3781952826
2012-07-06,727.68,737.29,737.69,712.44,299160297,4744004644
2012-07-09,733.66,722.28,737.79,721.6,291526979,4607520516
2012-07-10,719.89,713.53,721.81,710.73,263845699,3870391338
2012-07-11,710.89,719.3,719.3,706.72,193198658,3117712780
2012-07-12,718.62,734.32,735.7,717.2,278616581,4639164021
2012-07-13,731.49,725.79,736.46,722.65,267435200,4037780143
2012-07-16,722.82,691.38,722.82,691.23,315842431,4596132606
2012-07-17,687.74,697.0,697.0,686.11,201881126,3051767252
2012-07-18,695.92,702.14,702.17,684.3,209244784,3070892668
2012-07-19,701.23,709.17,714.92,698.48,246349461,3634015141
2012-07-20,707.83,706.25,714.15,704.87,184227272,2686577430
2012-07-23,703.2,704.57,708.21,697.69,165901363,2462538550
2012-07-24,700.58,706.4,712.1,698.39,173285000,2512995130
2012-07-25,704.7,708.3,715.97,703.35,205352985,3104205842
2012-07-26,707.77,706.73,717.76,704.97,181332966,2913753590
2012-07-27,707.97,703.58,711.57,698.18,183496045,3008587245
2012-07-30,703.7,688.47,707.63,685.84,202728834,2986114529
2012-07-31,686.54,676.96,687.69,672.28,189091220,2778030461
2012-08-01,677.53,689.49,694.54,676.34,167065535,2519356295
2012-08-02,688.33,690.98,694.83,684.2,177964591,2768062614
2012-08-03,691.79,711.92,711.93,690.26,218600712,3522991441
2012-08-06,708.26,730.42,731.39,706.83,279092111,4445725333
2012-08-07,729.63,736.01,737.58,729.44,268053010,4156601794
2012-08-08,734.88,730.07,734.88,723.98,211419320,3059334515
2012-08-09,729.5,743.2,743.23,727.7,230429820,3460118253
2012-08-10,743.28,743.07,744.84,736.55,210835136,3318671800
2012-08-13,742.38,727.64,742.38,726.93,213426836,3221533997
2012-08-14,726.84,736.35,736.45,714.64,221548075,3349451436
2012-08-15,734.87,729.73,736.28,728.49,173496218,2761824533
2012-08-16,728.66,723.53,730.13,720.72,148316201,2244216562
2012-08-17,721.33,721.05,723.2,714.02,175443400,2551797980
2012-08-20,718.14,730.87,732.67,713.15,221201694,2857072542
2012-08-21,730.29,748.93,752.78,729.99,329556643,4496842465
2012-08-22,749.0,746.85,756.53,743.61,309256726,4395847500
2012-08-23,745.47,750.56,751.71,741.38,321469134,4570200945
2012-08-24,747.73,733.31,750.36,733.31,281331533,3951349666
2012-08-27,731.67,722.57,731.67,721.2,284478033,3928563698
2012-08-28,720.83,727.62,733.13,717.53,244496207,3430412193
2012-08-29,726.7,726.94,736.74,722.82,265424473,3629234403
2012-08-30,727.21,704.03,729.05,692.13,327549705,4646717740
2012-08-31,701.37,706.63,710.02,698.62,214485023,2663559398
2012-09-03,703.81,723.87,725.17,701.7,254248795,3453700809
2012-09-04,724.7,722.72,732.36,721.52,273424771,3712066605
2012-09-05,721.07,730.62,732.77,719.34,268238486,3483930646
2012-09-06,732.46,739.74,739.74,731.24,281571882,3741820108
2012-09-07,744.65,759.46,764.45,744.24,518194466,7055461680
2012-09-10,759.69,762.31,765.31,756.03,459539450,6222675495
2012-09-11,761.55,761.73,762.51,756.77,450568231,5615519923
2012-09-12,763.04,762.51,766.52,754.32,370687588,4709203157
2012-09-13,761.78,749.89,764.36,749.89,377605575,4821754445
2012-09-14,753.6,744.46,756.2,738.95,315762704,4109075301
2012-09-17,742.69,724.14,742.69,724.14,246354389,3147960851
2012-09-18,722.38,723.61,730.36,720.45,192988725,2537422635
2012-09-19,724.89,728.25,730.3,723.64,189723966,2463811956
2012-09-20,727.96,706.69,727.96,704.91,292627285,3640056317
2012-09-21,703.42,691.14,706.52,689.53,250418636,3214463348
2012-09-24,685.99,690.34,695.19,678.35,210795020,2780225120
2012-09-25,688.21,682.34,693.76,680.65,185150549,2483355877
2012-09-26,680.47,661.49,682.67,660.12,186235263,2429189263
2012-09-27,662.78,676.96,680.48,662.78,226533966,2962150479
2012-09-28,674.19,689.64,691.06,671.61,206436588,2692528039
2012-10-08,690.35,690.77,693.64,686.27,151872317,2087860498
2012-10-09,691.39,712.7,712.78,691.39,253791389,3301299605
2012-10-10,712.15,721.85,722.52,709.92,284897946,3872996942
2012-10-11,720.39,711.8,724.7,711.63,273526502,3695132654
2012-10-12,711.83,708.87,721.26,700.97,246129449,3332856244
2012-10-15,706.23,701.96,707.13,694.12,238877653,3148508553
2012-10-16,700.94,705.39,711.87,698.97,220526565,2945591299
2012-10-17,706.09,709.09,711.41,701.64,199725213,2429574961
2012-10-18,709.29,720.52,721.68,709.29,247940132,3185119211
2012-10-19,720.85,719.45,722.61,715.92,200949638,2610364048
2012-10-22,716.53,724.28,724.29,714.7,185693360,2540744822
2012-10-23,723.83,711.26,725.38,710.55,227753548,3221535158
2012-10-24,707.3,707.75,713.96,704.41,196741585,2609523921
2012-10-25,707.88,697.44,710.98,696.45,212278330,2684773172
2012-10-26,695.89,685.33,697.46,680.91,203275981,2712761299
2012-10-29,684.34,688.12,691.6,682.75,152122699,2074073195
2012-10-30,688.51,689.61,694.67,687.79,146090260,1913055700
2012-10-31,689.63,691.65,691.65,685.05,151926712,1960112269
2012-11-01,692.06,701.78,702.95,692.06,220092566,2871422784
2012-11-02,702.03,701.38,703.13,697.06,166926041,2320379398
2012-11-05,700.11,692.87,703.46,690.94,198655877,2677288483
2012-11-06,693.36,690.5,693.37,679.96,224463261,2953822922
2012-11-07,689.79,689.75,692.58,686.61,169286032,2281599104
2012-11-08,684.88,675.85,685.45,675.76,189086515,2320022616
2012-11-09,674.59,672.67,679.02,671.69,157978529,1983279654
2012-11-12,674.76,676.6,681.3,671.63,176171283,2426180908
2012-11-13,676.26,667.33,676.38,666.34,188079336,2521482849
2012-11-14,666.4,665.18,667.78,657.58,166451816,2188473827
2012-11-15,662.9,659.21,667.87,657.35,185461968,2398280456
2012-11-16,659.38,656.2,660.11,653.02,191705779,2411883439
2012-11-19,654.78,656.94,657.38,647.87,206899176,2410064197
2012-11-20,657.4,656.61,661.24,656.08,198949468,2345305803
2012-11-21,656.44,660.03,661.89,646.64,222493021,2538984246
2012-11-22,659.13,651.83,659.2,650.39,196649047,2260691140
2012-11-23,652.94,651.43,656.36,650.27,213482450,2429629241
2012-11-26,651.06,638.88,651.06,638.38,177821917,2063014996
2012-11-27,635.26,616.28,635.26,615.59,227428936,2583470688
2012-11-28,611.91,607.67,611.91,605.69,180084406,1973956625
2012-11-29,607.16,603.17,611.89,601.18,163753383,1690254618
2012-11-30,602.95,606.77,608.54,601.05,161239020,1736357982
2012-12-03,605.6,593.66,607.25,593.2,171621106,1795510846
2012-12-04,592.4,600.8,601.5,585.44,199991337,2092910100
2012-12-05,599.45,624.82,627.85,597.76,287781753,3148735778
2012-12-06,625.16,624.32,630.22,619.49,250146235,2568138819
2012-12-07,624.15,637.49,638.17,622.22,335539237,3366593604
2012-12-10,638.24,646.32,647.54,636.17,378350830,3920872945
2012-12-11,645.25,641.17,646.79,640.69,344591368,3555571557
2012-12-12,639.91,639.51,640.93,631.14,304357580,3278664508
2012-12-13,638.09,632.18,641.17,631.19,284410298,3030385905
2012-12-14,631.45,656.22,656.59,631.22,453510536,5012476446
2012-12-17,656.75,649.61,658.39,646.27,380451471,4563809773
2012-12-18,648.56,646.05,654.35,643.05,353612499,4080444477
2012-12-19,645.14,652.1,654.4,644.97,299977386,3543531989
2012-12-20,652.04,658.31,658.31,648.49,370588903,4152423660
2012-12-21,658.54,668.09,670.81,655.63,417719240,5162147939
2012-12-24,666.28,679.76,679.76,665.88,347432441,4646429771
2012-12-25,679.57,694.12,695.91,678.82,454863579,5897709138
2012-12-26,693.29,709.08,709.08,691.99,454260984,5933490915
2012-12-27,709.91,699.57,712.85,699.37,461035692,5960077033
2012-12-28,698.91,707.67,707.67,694.77,380242434,5031908038
2012-12-31,708.24,713.86,713.86,703.62,385456389,5549773319
2013-01-04,717.3,705.34,718.39,699.17,428797964,5979143460
2013-01-07,704.37,718.11,718.11,702.39,473422712,6585404166
2013-01-08,718.43,733.14,735.34,716.3,558331723,7754711792
2013-01-09,732.01,734.51,740.63,727.91,529453188,7219095334
2013-01-10,734.31,741.18,743.55,734.31,470018523,6450419411
2013-01-11,740.9,731.59,746.04,730.4,532735524,7532309514
2013-01-14,735.65,760.55,761.73,735.18,586224221,8555651624
2013-01-15,763.63,778.6,781.42,763.63,735500083,10622659983
2013-01-16,777.04,774.49,779.92,762.04,554870878,7773555940
2013-01-17,773.79,768.31,775.82,767.49,409237280,5853231396
2013-01-18,771.31,787.39,787.5,771.31,453049867,7250174600
2013-01-21,788.07,792.6,793.23,783.41,442412260,6874105515
2013-01-22,792.31,775.13,792.54,769.09,432686012,6577958510
2013-01-23,773.74,778.48,779.56,765.36,376178929,5763519418
2013-01-24,778.64,757.87,784.32,750.36,498831212,7470660691
2013-01-25,757.61,762.85,766.78,756.61,313899367,4833267765
2013-01-28,764.09,784.76,784.76,764.09,341318792,5341256875
2013-01-29,785.76,791.67,795.07,785.76,398907356,6211183733
2013-01-30,791.96,783.68,792.77,778.3,395080714,5959730155
2013-01-31,784.11,776.0,784.11,771.15,418749845,6081857762
2013-02-01,775.11,782.36,785.52,772.94,391554126,5755458108
2013-02-04,783.74,771.9,786.56,767.85,411243524,6125062872
2013-02-05,768.41,780.98,781.57,765.97,306085240,4708006972
2013-02-06,781.32,791.26,794.5,781.32,329440359,4989037493
2013-02-07,792.86,805.59,806.31,789.37,331128321,5369297559
2013-02-08,804.96,823.03,824.31,804.96,383845877,6330447858
2013-02-18,829.66,835.28,835.66,825.95,477261577,7497954315
2013-02-19,834.97,819.71,835.41,816.96,426407509,6635429884
2013-02-20,819.03,850.86,850.86,819.03,509227216,8240855913
2013-02-21,846.64,839.3,853.27,829.6,567979536,8950114654
2013-02-22,837.13,838.76,848.16,836.87,404852368,6359501162
2013-02-25,838.88,855.69,857.85,838.88,450666321,7292701582
2013-02-26,853.28,851.22,865.8,849.94,506097656,8740717035
2013-02-27,852.13,846.09,856.12,835.93,430049797,7163503412
2013-02-28,846.34,861.1,861.1,844.2,463515267,7429406463
2013-03-01,860.8,884.89,885.18,859.83,607589774,9917988867
2013-03-04,880.25,863.5,888.79,855.05,639461143,10546243450
2013-03-05,861.23,888.1,888.32,857.54,475627331,8167502328
2013-03-06,890.23,902.9,905.16,890.23,551464981,9472933396
2013-03-07,902.41,877.34,902.41,867.87,524988769,9089237538
2013-03-08,877.73,864.7,882.14,861.81,377378283,6295117182
2013-03-11,863.12,869.15,872.18,858.04,281227739,4806631304
2013-03-12,869.72,839.84,873.47,828.04,475170471,7554252190
2013-03-13,835.46,834.05,836.28,821.35,319778021,5000868663
2013-03-14,832.29,842.04,845.6,831.57,283946872,4684435748
2013-03-15,841.71,853.91,867.87,839.58,353744607,6131692943
2013-03-18,852.15,852.12,862.82,850.1,289020660,5157304210
2013-03-19,850.06,842.68,854.25,829.19,300744897,4974639789
2013-03-20,842.71,866.27,866.27,842.58,338852686,5624952581
2013-03-21,867.9,882.73,885.98,866.68,410081902,7053495284
2013-03-22,881.9,882.0,884.24,876.92,321171223,5457879157
2013-03-25,882.75,881.76,884.85,874.01,315953074,5310147608
2013-03-26,878.56,876.36,879.85,862.67,326212918,5421348481
2013-03-27,876.55,882.75,885.77,874.25,285319511,4928201256
2013-03-28,877.85,867.51,877.85,861.65,328240242,5663359607
2013-03-29,868.09,866.46,872.78,860.96,267548833,4647496575
2013-04-01,866.65,877.0,879.92,865.98,279371173,5412930143
2013-04-02,875.33,845.16,883.15,843.21,352335720,6898883412
2013-04-03,842.36,835.14,845.49,827.27,296581135,5389519495
2013-04-08,824.78,853.48,853.62,817.35,311854563,5730477302
2013-04-09,854.51,861.99,864.12,853.94,264731184,4788692734
2013-04-10,861.27,850.53,861.91,843.1,255215345,4588039766
2013-04-11,853.14,847.78,855.96,847.39,220831438,3742916653
2013-04-12,847.2,846.61,854.22,845.85,205374718,3508219217
2013-04-15,844.11,836.34,845.75,834.01,182150863,3195374411
2013-04-16,828.94,846.05,846.05,824.84,198005275,3466041690
2013-04-17,845.09,867.51,867.51,844.92,255832934,4894901558
2013-04-18,862.7,873.48,876.0,860.72,272093050,5222825219
2013-04-19,874.88,892.21,895.87,874.88,345087697,6478400536
2013-04-22,890.93,916.02,916.02,889.26,385981325,7775623182
2013-04-23,916.42,893.79,916.54,892.11,396183935,7787614461
2013-04-24,894.69,923.41,925.01,894.69,389671509,7943869400
2013-04-25,924.22,903.63,937.56,903.61,482563505,10445068768
2013-04-26,902.0,889.38,904.3,886.4,343244999,7078093203
2013-05-02,887.08,913.65,914.17,883.79,280735115,6315973026
2013-05-03,916.01,939.21,940.28,916.01,390797507,8072967252
2013-05-06,941.09,958.02,962.63,941.09,497409965,9880917575
2013-05-07,956.41,957.44,964.71,949.84,425533699,8217570637
2013-05-08,960.98,980.08,980.08,960.7,493870589,10086620036
2013-05-09,978.94,992.16,994.27,978.07,583110417,12099527024
2013-05-10,989.15,988.3,996.59,977.43,549987758,10850907298
2013-05-13,989.37,995.11,995.25,978.72,466095032,9210524174
2013-05-14,992.62,976.33,992.62,971.35,413012746,8252943155
2013-05-15,976.95,1012.66,1012.67,976.95,499755860,9859631969
2013-05-16,1010.95,1009.53,1034.35,999.49,693631889,13764818136
2013-05-17,1006.47,1023.4,1029.11,1004.42,540703200,9980370915
2013-05-20,1025.17,1051.65,1052.7,1025.17,697549848,13350908365
2013-05-21,1049.6,1073.58,1074.89,1045.46,712337873,13389482756
2013-05-22,1067.44,1039.81,1067.5,1036.31,711050315,12710883099
2013-05-23,1035.31,1042.9,1061.53,1033.12,580553849,10255698506
2013-05-24,1044.29,1073.78,1073.78,1044.29,613410874,10948570483
2013-05-27,1075.83,1089.72,1091.25,1075.83,670674857,12131011381
2013-05-28,1089.77,1059.0,1090.16,1055.64,619449486,10878150124
2013-05-29,1055.6,1065.96,1067.03,1053.18,487073493,8538596799
2013-05-30,1063.0,1073.87,1078.46,1059.83,521434272,9757768916
2013-05-31,1074.48,1073.02,1086.33,1068.07,583088335,10611340373
2013-06-03,1070.73,1052.14,1074.82,1050.21,550157951,10878352221
2013-06-04,1049.1,1022.46,1049.26,1011.4,553234488,10150605200
2013-06-05,1021.02,1032.76,1038.03,1021.02,429371998,7518702626
2013-06-06,1027.05,1022.13,1031.36,1020.83,421631212,7336083917
2013-06-07,1022.56,1030.14,1039.65,1018.45,463511754,8223920158
2013-06-13,1019.47,1029.28,1029.28,986.05,461235464,8470477163
2013-06-14,1029.93,1068.15,1069.81,1029.93,517068598,10155528933
2013-06-17,1074.53,1073.69,1091.91,1068.61,605254348,12357725372
2013-06-18,1073.31,1072.93,1078.53,1053.33,507208631,10112512121
2013-06-19,1064.74,1067.63,1070.35,1053.8,464482118,8936897186
2013-06-20,1060.38,1029.53,1067.95,1027.84,492518595,9399997664
2013-06-21,1007.87,1025.5,1030.13,988.22,495763111,8693551504
2013-06-24,1023.22,971.45,1023.22,961.84,549308513,9226761334
2013-06-25,958.35,984.75,991.64,903.67,707685119,12065540242
2013-06-26,984.94,1038.98,1039.01,984.88,703487915,12958434159
2013-06-27,1043.66,1022.5,1063.02,1020.46,734487229,13853906649
2013-06-28,1012.64,1011.66,1037.41,1002.19,524032623,9610448774
2013-07-01,1011.26,1055.84,1055.84,1005.8,519985616,10103013620
2013-07-02,1056.91,1083.25,1086.4,1056.91,689076720,13916704559
2013-07-03,1079.65,1104.58,1108.48,1065.51,687078827,14286473439
2013-07-04,1097.77,1087.9,1105.79,1085.39,589097358,11922565272
2013-07-05,1087.68,1057.27,1091.82,1057.13,550236419,10890534574
2013-07-08,1035.94,1030.6,1057.04,1015.67,524388753,9531661108
2013-07-09,1028.56,1050.71,1051.51,1026.46,453563805,8733836427
2013-07-10,1049.21,1068.86,1069.39,1048.73,509640568,10160376656
2013-07-11,1066.7,1080.78,1082.78,1057.44,567488689,10742791565
2013-07-12,1079.33,1096.3,1117.68,1077.31,626897773,12916864802
2013-07-15,1096.18,1139.57,1139.57,1096.18,717981774,14690627344
2013-07-16,1141.57,1143.19,1153.07,1129.74,673906776,13082444947
2013-07-17,1140.73,1129.48,1149.47,1118.85,618690517,12045838514
2013-07-18,1124.79,1127.97,1138.09,1118.63,543028003,10095831222
2013-07-19,1125.77,1116.01,1156.09,1116.01,662144278,12568748441
2013-07-22,1109.95,1153.77,1153.77,1107.34,607266650,11488450892
2013-07-23,1161.08,1178.59,1179.46,1160.45,746444576,14428641072
2013-07-24,1181.36,1203.31,1208.13,1177.59,793822085,15138899559
2013-07-25,1205.62,1150.39,1207.23,1148.81,794552185,15298584700
2013-07-26,1150.25,1158.35,1166.21,1133.16,545128736,10843492061
2013-07-29,1155.81,1136.98,1168.47,1136.4,565211868,11723378534
2013-07-30,1137.15,1124.1,1147.02,1095.65,538265103,10689712460
2013-07-31,1126.1,1134.02,1143.37,1117.34,464508818,9003418131
2013-08-01,1135.45,1190.11,1191.12,1135.45,659737532,13050489412
2013-08-02,1196.17,1188.85,1208.33,1187.31,714128252,13597192024
2013-08-05,1186.73,1202.83,1202.83,1182.54,525511661,10055970543
2013-08-06,1202.09,1211.78,1219.12,1200.69,585941099,12048627681
2013-08-07,1208.5,1175.7,1209.37,1173.26,573416535,11092283450
2013-08-08,1172.09,1185.95,1195.92,1165.32,468778941,8912485329
2013-08-09,1185.64,1172.52,1194.78,1153.45,492951549,9465493982
2013-08-12,1174.09,1161.87,1185.37,1146.02,532290719,10137214401
2013-08-13,1161.49,1172.33,1180.61,1151.67,499283655,8971019565
2013-08-14,1175.63,1180.66,1186.29,1160.02,631724425,11289913525
2013-08-15,1177.85,1167.09,1184.4,1165.77,591629726,10105107524
2013-08-16,1158.96,1132.09,1178.84,1131.44,575987944,10093109686
2013-08-19,1126.63,1171.4,1172.03,1125.59,487858507,9246636551
2013-08-20,1170.99,1175.78,1180.99,1164.38,544941393,9692124572
2013-08-21,1173.61,1181.34,1185.54,1169.49,504081048,9064792563
2013-08-22,1180.18,1197.13,1204.59,1178.41,545959049,10377084705
2013-08-23,1200.68,1219.83,1225.89,1188.82,658819682,14081791057
2013-08-26,1220.97,1238.17,1241.47,1220.58,552069143,11626259483
2013-08-27,1238.27,1250.75,1251.04,1226.38,519388079,10436447045
2013-08-28,1244.01,1227.99,1253.39,1227.99,626933381,13434558616
2013-08-29,1224.61,1226.3,1236.45,1217.52,446115902,9762235569
2013-08-30,1221.87,1185.14,1226.36,1181.89,548531615,11000796963
2013-09-02,1179.32,1210.18,1210.53,1178.01,406314688,8387402620
2013-09-03,1217.77,1234.59,1234.59,1214.3,438385601,9863351666
2013-09-04,1233.5,1236.35,1245.78,1227.32,482236925,10880982522
2013-09-05,1233.82,1267.26,1267.53,1233.26,543735038,12911566457
2013-09-06,1267.84,1282.75,1288.26,1261.58,526018124,12671379497
2013-09-09,1282.65,1275.91,1283.7,1258.13,633547122,14001513802
2013-09-10,1277.87,1263.59,1278.04,1254.01,640827742,13730062001
2013-09-11,1256.65,1220.7,1256.65,1216.37,661190723,13014610761
2013-09-12,1215.69,1220.63,1236.59,1211.6,441028817,8393320597
2013-09-13,1221.15,1253.45,1256.04,1210.4,485878617,10855588700
2013-09-16,1254.47,1278.8,1297.64,1254.47,524743728,13213651446
2013-09-17,1279.26,1269.36,1285.63,1267.71,478639337,11104096481
2013-09-18,1268.34,1289.64,1292.33,1262.33,490374667,10830545315
2013-09-23,1292.76,1326.09,1326.41,1291.33,604743907,13154832785
2013-09-24,1325.89,1328.4,1340.52,1310.33,641443269,14987993506
2013-09-25,1324.19,1323.04,1344.39,1320.11,565790587,13177567396
2013-09-26,1318.52,1306.34,1332.12,1301.14,516088776,12052149165
2013-09-27,1305.51,1323.76,1330.69,1301.48,463486548,11731986939
2013-09-30,1329.56,1367.91,1368.66,1329.56,443197526,11493253196
2013-10-08,1376.37,1387.66,1389.73,1363.9,545197137,15409423315
2013-10-09,1385.96,1415.83,1418.48,1382.1,589673620,16116227346
2013-10-10,1422.36,1378.15,1423.96,1377.32,734537041,19860611214
2013-10-11,1377.98,1379.9,1386.54,1357.49,659638985,16624165510
2013-10-14,1374.47,1393.6,1394.34,1370.72,658337884,15764008578
2013-10-15,1397.21,1389.75,1409.5,1378.81,719009702,17190898649
2013-10-16,1393.01,1335.1,1393.1,1323.87,722704503,17533963282
2013-10-17,1339.31,1322.99,1355.65,1317.75,713979536,16677676329
2013-10-18,1327.1,1349.94,1353.97,1327.1,575376960,13427624585
2013-10-21,1358.88,1400.97,1403.11,1358.88,780835126,17651034560
2013-10-22,1401.47,1350.47,1408.45,1348.69,976921385,22692106002
2013-10-23,1336.23,1311.23,1336.23,1293.82,824506473,18229892030
2013-10-24,1307.11,1295.93,1319.37,1287.88,542620012,12287098252
2013-10-25,1298.72,1269.17,1304.49,1255.59,664793836,14603771924
2013-10-28,1264.14,1279.05,1286.0,1262.34,547077605,11878389454
2013-10-29,1276.27,1261.68,1292.97,1205.0,777176691,16688919079
2013-10-30,1256.24,1273.29,1274.34,1251.01,535703781,12336598883
2013-10-31,1266.56,1235.56,1266.56,1232.4,483608193,10701053370
2013-11-01,1227.69,1221.96,1233.57,1198.81,531511646,12087117180
2013-11-04,1217.28,1222.46,1240.88,1216.85,438442856,9545842763
2013-11-05,1217.64,1260.03,1260.37,1208.35,535987637,11720597595
2013-11-06,1255.47,1241.79,1277.43,1241.76,599741841,13176603134
2013-11-07,1234.24,1224.05,1250.57,1219.31,443032949,9711748752
2013-11-08,1215.68,1211.11,1226.32,1204.52,445388767,9710900064
2013-11-11,1208.26,1212.69,1223.77,1191.18,362148137,8025535557
2013-11-12,1213.31,1228.35,1233.19,1209.54,456387182,9800932777
2013-11-13,1226.53,1212.08,1236.39,1210.66,434188284,9761696292
2013-11-14,1207.45,1249.67,1251.77,1200.71,541435925,12471868113
2013-11-15,1248.26,1269.05,1287.08,1248.07,637984093,14726239620
2013-11-18,1275.55,1291.15,1295.21,1275.55,594634633,13148276752
2013-11-19,1293.06,1298.17,1312.07,1289.91,568854012,12780875293
2013-11-20,1299.68,1299.26,1303.45,1283.66,488654077,11117710444
2013-11-21,1295.93,1298.95,1304.74,1288.21,578557395,13385051266
2013-11-22,1298.47,1295.07,1300.96,1283.88,499634565,11961925781
2013-11-25,1290.84,1293.8,1305.23,1283.66,462405503,11309995033
2013-11-26,1291.62,1291.85,1299.67,1280.01,482267725,11216109395
2013-11-27,1290.19,1329.48,1336.17,1288.58,642413918,15901073520
2013-11-28,1333.05,1336.66,1342.82,1331.45,579188517,13936777627
2013-11-29,1335.63,1366.83,1369.12,1335.63,645208699,15595329419
2013-12-02,1296.7,1253.93,1317.69,1253.34,875157747,19360218549
2013-12-03,1223.38,1255.33,1261.77,1198.06,725573222,14766415753
2013-12-04,1249.59,1240.29,1276.06,1240.08,668323775,12834184525
2013-12-05,1234.5,1202.07,1236.1,1200.46,676759014,12957459244
2013-12-06,1196.32,1206.78,1215.49,1194.74,510729848,10061086807
2013-12-09,1211.39,1241.71,1241.77,1211.39,535534094,11288303415
2013-12-10,1244.57,1231.92,1249.36,1227.06,512040599,10263129062
2013-12-11,1230.78,1244.51,1255.06,1226.58,482623211,10940273427
2013-12-12,1242.15,1279.32,1285.27,1238.95,610613761,14070801299
2013-12-13,1274.17,1278.14,1286.72,1268.64,538423337,11572561282
2013-12-16,1279.06,1279.96,1293.94,1266.94,601862688,12730517247
2013-12-17,1278.53,1267.67,1282.17,1248.82,498400207,10976283304
2013-12-18,1267.77,1256.0,1267.77,1245.96,456035571,10238556414
2013-12-19,1253.43,1256.08,1281.82,1253.43,489486276,11375819779
2013-12-20,1255.82,1253.71,1266.03,1246.39,428688941,9304177961
2013-12-23,1251.41,1242.81,1253.67,1224.99,478918175,10072397679
2013-12-24,1242.0,1258.82,1264.72,1241.91,493587384,10101293235
2013-12-25,1262.0,1288.34,1288.85,1258.41,554811409,11548696777
2013-12-26,1290.87,1269.54,1297.47,1268.14,562487555,12198237167
2013-12-27,1265.08,1294.3,1297.62,1265.08,541699335,11162918710
2013-12-30,1294.42,1307.99,1307.99,1292.83,547546487,11621957207
2013-12-31,1302.67,1304.44,1309.34,1288.94,516300206,10889567131
2014-01-02,1302.3,1333.0,1333.1,1299.34,547106850,12373349338
2014-01-03,1332.35,1352.84,1355.12,1331.97,620939657,14652635274
2014-01-06,1350.31,1323.33,1354.15,1322.72,556349330,13020214792
2014-01-07,1315.44,1352.28,1355.4,1312.27,531876084,11909722114
2014-01-08,1363.31,1405.02,1409.21,1363.31,868521741,20914439090
2014-01-09,1401.8,1380.24,1423.84,1379.65,762871620,19105793501
2014-01-10,1373.52,1353.3,1385.86,1347.61,439099247,10147330113
2014-01-13,1352.01,1362.79,1374.14,1349.25,446104892,9954594472
2014-01-14,1364.8,1400.92,1400.92,1364.8,481074821,10996665520
2014-01-15,1399.67,1415.32,1417.42,1397.94,476300438,11114450209
2014-01-16,1415.57,1395.16,1423.12,1392.01,479813992,11304549593
2014-01-17,1395.03,1395.51,1411.55,1391.62,479389527,11697049380
2014-01-20,1393.88,1372.74,1400.94,1362.45,514641408,12453815308
2014-01-21,1370.69,1407.15,1407.45,1370.69,521002571,12839981812
2014-01-22,1407.46,1431.74,1432.0,1407.46,639849271,15783544548
2014-01-23,1433.7,1461.53,1472.34,1433.17,737528582,19158428748
2014-01-24,1458.21,1484.43,1493.64,1455.95,675336857,16981022475
2014-01-27,1477.46,1477.67,1500.46,1465.14,704276778,17673619531
2014-01-28,1476.59,1471.34,1486.42,1448.47,550840210,14174593335
2014-01-29,1472.54,1496.53,1497.72,1469.58,553040551,14363992877
2014-01-30,1494.12,1495.98,1507.87,1486.82,542959535,14066711750
2014-02-07,1489.05,1532.69,1532.82,1483.68,560317270,14086550341
2014-02-10,1536.99,1553.41,1557.03,1525.94,726627225,18373981251
2014-02-11,1550.62,1527.15,1559.77,1506.04,785649587,19895924617
2014-02-12,1527.1,1539.97,1540.33,1513.91,662243577,16456750002
2014-02-13,1537.26,1485.13,1539.66,1484.42,766178627,18506255224
2014-02-14,1484.56,1515.78,1516.43,1475.95,581673747,14242913490
2014-02-17,1521.17,1558.62,1559.12,1521.17,720083350,17826243154
2014-02-18,1558.74,1545.34,1561.77,1539.21,661308980,16101304450
2014-02-19,1544.64,1544.4,1551.88,1524.39,667420094,15786537763
2014-02-20,1545.26,1515.16,1545.51,1504.17,614165041,14703612995
2014-02-21,1512.17,1519.66,1526.03,1503.81,484903630,11928684700
2014-02-24,1517.97,1540.03,1542.31,1510.46,559946792,14425583013
2014-02-25,1543.97,1472.69,1571.4,1460.41,877397135,22434815758
2014-02-26,1452.06,1465.98,1468.0,1415.25,620306044,15556867452
2014-02-27,1467.27,1414.66,1496.62,1410.97,658585761,17174500346
2014-02-28,1410.4,1434.89,1436.88,1393.0,503420747,12343402635
2014-03-03,1433.9,1465.14,1466.23,1431.14,483603436,11592826852
2014-03-04,1462.26,1460.45,1475.5,1446.27,480263735,12200815087
2014-03-05,1467.06,1464.58,1471.04,1454.94,469854010,11725782947
2014-03-06,1461.12,1462.53,1464.41,1427.0,502424438,13050445820
2014-03-07,1463.93,1460.61,1477.96,1453.63,503043432,12654964831
2014-03-10,1446.06,1407.07,1446.06,1404.59,504093665,11430475293
2014-03-11,1399.9,1395.81,1410.38,1380.97,414892132,9310371400
2014-03-12,1390.86,1399.27,1418.61,1378.89,451511111,10537115424
2014-03-13,1401.55,1436.86,1437.15,1401.43,343871894,8522477135
2014-03-14,1433.46,1434.02,1450.38,1424.01,326149650,7907242515
2014-03-17,1436.11,1477.41,1477.68,1435.32,380346011,9722157430
2014-03-18,1479.38,1485.64,1493.39,1478.72,484827372,12296133302
2014-03-19,1481.49,1466.22,1482.3,1456.9,418830120,10458789320
2014-03-20,1463.07,1417.66,1466.41,1417.17,467830623,11688145407
2014-03-21,1405.9,1419.84,1427.92,1379.74,446109724,10617668268
2014-03-24,1411.78,1397.29,1416.86,1392.51,392564871,9375322264
2014-03-25,1392.14,1394.82,1410.48,1385.0,309948866,7662902278
2014-03-26,1396.91,1417.61,1424.25,1396.91,387438441,9446895830
2014-03-27,1415.55,1367.96,1417.36,1367.96,408553926,9696362659
2014-03-28,1363.87,1330.5,1364.26,1317.41,457960701,10285817077
2014-03-31,1327.23,1327.8,1340.47,1315.49,282727393,6558679188
2014-04-01,1327.17,1355.05,1355.73,1326.25,311418757,7571684265
2014-04-02,1356.68,1327.98,1360.88,1316.9,324594960,8229360472
2014-04-03,1326.81,1326.18,1344.32,1318.82,301984297,7259364279
2014-04-04,1323.41,1346.74,1347.05,1316.95,277035630,6783324043
2014-04-08,1335.39,1351.18,1351.83,1327.8,379437084,8426291689
2014-04-09,1355.37,1370.46,1376.69,1355.37,408873178,9680880847
2014-04-10,1374.61,1381.14,1395.04,1374.61,470838230,11443213522
2014-04-11,1370.4,1363.9,1370.4,1352.13,351093736,8371571169
2014-04-14,1367.75,1372.73,1378.32,1367.75,335038406,8171230101
2014-04-15,1375.69,1369.89,1380.86,1367.23,335885908,8311137282
2014-04-16,1365.83,1359.3,1367.91,1353.78,260178401,6322007091
2014-04-17,1360.75,1367.59,1373.85,1360.75,283463105,6531450270
2014-04-18,1365.36,1377.42,1377.84,1362.61,305255796,6672935648
2014-04-21,1367.93,1363.85,1384.68,1363.01,352436556,8091582346
2014-04-22,1361.58,1336.19,1367.63,1317.1,366713060,8574791619
2014-04-23,1332.93,1326.44,1338.67,1318.23,295899034,6913915107
2014-04-24,1325.86,1319.51,1326.96,1303.23,318070144,7312661722
2014-04-25,1316.37,1291.9,1318.07,1290.36,284997909,6375471143
2014-04-28,1283.64,1257.26,1283.87,1256.12,328809288,7010455253
2014-04-29,1253.24,1266.54,1274.21,1248.32,270252589,5984819886
2014-04-30,1266.34,1283.21,1287.77,1266.34,272992022,6029471083
2014-05-05,1281.16,1302.15,1302.67,1279.31,265056449,6038806136
2014-05-06,1301.59,1316.86,1327.8,1301.59,342617723,8042255966
2014-05-07,1313.38,1290.03,1313.38,1289.56,302902691,6556442449
2014-05-08,1284.44,1279.84,1300.83,1279.29,267758337,5889260546
2014-05-09,1279.68,1258.58,1282.82,1249.56,301029327,6184544098
2014-05-12,1263.91,1278.28,1281.1,1250.94,319673264,6582061542
2014-05-13,1274.57,1276.24,1293.82,1273.33,315261423,6615129858
2014-05-14,1273.21,1278.66,1282.35,1269.24,260291772,5514824471
2014-05-15,1276.64,1253.88,1283.43,1253.62,335568041,7300209331
2014-05-16,1250.38,1226.47,1252.39,1210.81,347492632,7427889649
2014-05-19,1224.65,1228.37,1233.84,1213.99,267908869,5737982928
2014-05-20,1239.65,1244.65,1261.94,1239.65,344295271,7461895754
2014-05-21,1241.02,1257.8,1257.8,1231.87,285974675,5660461781
2014-05-22,1259.87,1269.51,1287.87,1259.87,437013082,9227696018
2014-05-23,1269.18,1296.0,1296.84,1262.1,464311046,8996110636
2014-05-26,1301.87,1320.76,1323.84,1301.87,602538152,11787086237
2014-05-27,1319.66,1306.28,1319.66,1303.15,455105380,8712570943
2014-05-28,1306.29,1338.97,1339.03,1306.29,617872184,12328658487
2014-05-29,1338.3,1314.21,1341.57,1312.42,499724413,10522171128
2014-05-30,1312.3,1318.13,1323.59,1300.09,454210178,8734820957
2014-06-03,1317.99,1319.63,1332.78,1317.99,473111891,9446390194
2014-06-04,1318.33,1321.72,1321.72,1303.36,519090097,10019232625
2014-06-05,1320.14,1355.48,1356.53,1317.53,699663705,14171135968
2014-06-06,1354.9,1350.45,1362.98,1340.83,639192567,12896996686
2014-06-09,1348.77,1326.67,1349.91,1326.63,507600852,10025088706
2014-06-10,1327.11,1353.87,1356.97,1316.84,625818497,12577692464
2014-06-11,1350.38,1367.39,1371.25,1348.4,638604763,13255196799
2014-06-12,1364.41,1363.74,1375.97,1358.08,625262120,12635738734
2014-06-13,1361.09,1382.73,1386.35,1359.65,678566921,13573212800
2014-06-16,1384.16,1395.61,1397.63,1384.16,708725072,13936388779
2014-06-17,1396.38,1377.43,1396.38,1377.4,615589215,12533244429
2014-06-18,1377.58,1363.99,1384.87,1363.75,536921164,10792369258
2014-06-19,1363.45,1320.65,1370.31,1310.49,616926321,12015228533
2014-06-20,1319.11,1333.98,1335.65,1313.14,430684678,8625787232
2014-06-23,1335.18,1361.28,1366.59,1335.18,518103394,10388247063
2014-06-24,1360.08,1369.44,1372.15,1359.13,498433494,9779788727
2014-06-25,1368.66,1358.71,1368.66,1347.82,469108412,9265275824
2014-06-26,1360.2,1386.27,1391.3,1360.2,621507276,12248024501
2014-06-27,1388.38,1388.82,1397.96,1382.07,633296404,12671808486
2014-06-30,1388.47,1404.71,1404.71,1374.3,694985367,13822494920
2014-07-01,1405.44,1411.74,1415.33,1398.15,671744681,13634589345
2014-07-02,1413.17,1419.94,1425.3,1402.22,686849105,13818653788
2014-07-03,1419.81,1422.6,1428.67,1412.15,850008321,15677632243
2014-07-04,1421.68,1411.64,1423.89,1406.21,731697100,13917659079
2014-07-07,1411.99,1393.89,1411.99,1381.94,708442157,13858251216
2014-07-08,1392.35,1410.72,1410.72,1379.49,701632621,13972379088
2014-07-09,1410.39,1384.58,1418.68,1384.26,807007857,15818213613
2014-07-10,1384.45,1363.88,1387.89,1362.35,664783295,13060601855
2014-07-11,1361.57,1359.34,1372.12,1351.77,597501529,11362385487
2014-07-14,1358.17,1367.07,1367.82,1342.56,685012755,12926075428
2014-07-15,1364.08,1341.27,1366.16,1332.87,687963428,13091590938
2014-07-16,1338.92,1318.62,1344.36,1310.86,636569312,12066598544
2014-07-17,1315.09,1312.81,1323.24,1304.58,465598956,9045449800
2014-07-18,1309.96,1305.92,1321.93,1300.76,425822810,7859152472
2014-07-21,1304.72,1306.96,1313.56,1287.23,475145422,9217685786
2014-07-22,1306.32,1329.35,1330.29,1305.03,522161120,9951430699
2014-07-23,1330.14,1293.09,1332.36,1287.64,576422884,11353747169
2014-07-24,1291.48,1271.88,1291.48,1255.69,583696923,10943196209
2014-07-25,1271.43,1285.77,1288.67,1270.37,425407814,8069807142
2014-07-28,1289.1,1314.53,1316.04,1286.66,563857047,10141773218
2014-07-29,1315.75,1331.76,1337.53,1310.84,607913906,11613838349
2014-07-30,1330.19,1342.74,1345.35,1329.07,564818283,10785792400
2014-07-31,1342.73,1344.54,1346.22,1334.26,511141605,9688430292
2014-08-01,1339.98,1325.94,1343.58,1324.19,582799958,10665084626
2014-08-04,1325.01,1329.82,1331.8,1324.26,445059108,8433378934
2014-08-05,1330.32,1360.69,1363.12,1321.2,818787842,15664599527
2014-08-06,1357.53,1365.74,1368.53,1353.95,629738871,11990891747
2014-08-07,1365.18,1362.03,1381.46,1361.33,631217212,12102315025
2014-08-08,1368.06,1377.44,1381.44,1368.06,563466587,11391317047
2014-08-11,1379.47,1397.78,1397.97,1379.47,664496407,13087014423
2014-08-12,1398.15,1396.44,1402.75,1393.11,621193725,12026539607
2014-08-13,1396.26,1384.31,1397.1,1370.08,649626000,12581556847
2014-08-14,1384.72,1380.3,1394.52,1378.95,604657130,11316254019
2014-08-15,1382.87,1392.45,1392.49,1377.93,624526803,10636625286
2014-08-18,1394.64,1428.74,1429.0,1394.64,878972841,17259191554
2014-08-19,1436.42,1436.4,1446.79,1427.06,943267607,19015894989
2014-08-20,1438.29,1427.4,1438.29,1421.92,690049687,13861863777
2014-08-21,1428.63,1447.88,1447.91,1421.24,790864022,16589054503
2014-08-22,1450.1,1461.72,1465.66,1446.04,860614459,17963329043
2014-08-25,1461.21,1443.81,1461.49,1439.86,798373877,16379116477
2014-08-26,1440.7,1411.15,1443.6,1406.34,677748993,13400065947
2014-08-27,1411.76,1420.54,1427.32,1411.76,529596195,10766839946
2014-08-28,1423.34,1403.8,1424.29,1398.56,533934899,11036738224
2014-08-29,1400.84,1424.47,1424.47,1400.83,429131983,9115640745
2014-09-01,1428.37,1452.84,1453.12,1427.93,600888636,12509973592
2014-09-02,1457.51,1465.03,1465.04,1452.71,789448903,16544034579
2014-09-03,1468.09,1477.67,1479.83,1461.23,903742005,19027908327
2014-09-04,1478.33,1495.51,1495.81,1472.89,903336160,19412967323
2014-09-05,1497.99,1489.84,1498.26,1482.04,775855196,16101853999
2014-09-09,1492.44,1494.02,1497.42,1479.06,760818238,15986303336
2014-09-10,1491.41,1504.91,1506.47,1484.71,724151489,15395346936
2014-09-11,1506.0,1513.01,1532.31,1502.39,993364269,20973008381
2014-09-12,1512.4,1524.12,1524.33,1506.88,780521805,15756202197
2014-09-15,1522.57,1526.13,1528.57,1517.3,875535834,18776451417
2014-09-16,1527.07,1473.13,1529.4,1471.61,1028152741,21520893013
2014-09-17,1473.52,1479.12,1481.06,1456.5,637539626,13147422038
2014-09-18,1477.31,1490.79,1492.61,1474.65,577597724,11463903131
2014-09-19,1492.1,1499.12,1501.38,1486.28,573903270,11366754688
2014-09-22,1496.96,1483.35,1496.96,1480.18,654780824,13115301414
2014-09-23,1485.51,1500.99,1502.04,1483.04,586736346,11971328411
2014-09-24,1501.04,1517.42,1517.42,1497.89,728482215,14428324187
2014-09-25,1520.1,1508.42,1523.25,1505.65,839569222,16240141700
2014-09-26,1506.31,1511.36,1512.8,1502.5,658988055,12693487362
2014-09-29,1515.38,1526.17,1526.36,1515.38,732054504,14611957290
2014-09-30,1527.26,1540.87,1540.95,1527.26,668556046,13502533700
2014-10-08,1543.59,1557.57,1557.57,1537.01,745725911,16286158592
2014-10-09,1562.1,1561.17,1569.06,1541.67,874494012,19469084942
2014-10-10,1559.93,1554.22,1563.87,1546.22,803767094,17618325127
2014-10-13,1548.18,1548.33,1548.88,1527.7,750136810,16306566767
2014-10-14,1546.67,1539.12,1560.06,1532.44,718951058,15541589909
2014-10-15,1539.35,1545.62,1545.75,1527.19,651067023,14413298896
2014-10-16,1539.86,1526.56,1551.84,1526.54,699989917,15641660987
2014-10-17,1527.46,1511.05,1529.55,1488.47,658007939,13986952087
2014-10-20,1513.42,1532.38,1532.38,1513.42,494938794,10835818245
2014-10-21,1535.07,1517.48,1537.67,1515.93,589689364,12988169287
2014-10-22,1518.8,1504.55,1524.8,1503.82,552624439,12150656601
2014-10-23,1500.55,1477.84,1501.72,1474.04,549928614,11638522641
2014-10-24,1478.34,1477.59,1493.53,1473.06,416169486,8958852569
2014-10-27,1473.66,1492.01,1492.01,1465.96,532522458,11254966079
2014-10-28,1495.69,1522.05,1522.05,1495.69,639738619,13575918818
2014-10-29,1525.98,1530.08,1535.8,1524.08,739521514,15609613491
2014-10-30,1532.91,1525.77,1539.21,1522.64,637216519,13634490711
2014-10-31,1527.61,1513.27,1529.55,1502.24,705558419,14565899088
2014-11-03,1513.25,1529.89,1529.9,1513.2,596847502,12895397134
2014-11-04,1531.82,1516.4,1538.17,1514.46,634171041,14248678616
2014-11-05,1514.77,1512.49,1517.02,1505.98,550905810,11650673864
2014-11-06,1513.72,1532.52,1532.87,1510.78,579330990,12731389420
2014-11-07,1535.49,1522.63,1543.72,1517.29,768774289,17128694824
2014-11-10,1525.2,1514.82,1526.38,1506.8,610576079,13229759233
2014-11-11,1513.53,1461.51,1514.37,1452.03,782225809,16163519161
2014-11-12,1457.24,1475.75,1476.03,1455.09,465755639,9668865060
2014-11-13,1473.74,1442.86,1473.74,1434.27,661101052,13476264869
2014-11-14,1438.97,1441.21,1449.1,1435.5,442486637,8746362455
2014-11-17,1444.06,1471.68,1474.36,1437.99,520673088,10522923090
2014-11-18,1471.08,1481.86,1483.14,1470.51,517442228,10473513117
2014-11-19,1488.46,1505.55,1509.73,1488.46,596234105,13058574992
2014-11-20,1504.58,1494.59,1504.58,1491.65,589662660,13520587252
2014-11-21,1493.16,1504.83,1508.22,1493.16,537833579,11845412247
2014-11-24,1513.43,1507.81,1515.84,1497.85,676005521,14604530098
2014-11-25,1510.62,1541.92,1541.92,1510.25,804775718,18123054066
2014-11-26,1544.69,1554.22,1561.3,1544.1,797708315,18415205693
2014-11-27,1557.77,1563.41,1566.83,1548.29,792371143,18221710914
2014-11-28,1562.83,1570.85,1582.48,1558.31,955724018,21705573245
2014-12-01,1569.65,1552.31,1569.65,1544.18,888777791,19653648777
2014-12-02,1554.46,1565.42,1567.54,1552.13,812599198,19035556275
2014-12-03,1568.47,1604.45,1604.88,1540.42,1336336321,31190679966
2014-12-04,1604.89,1621.85,1631.31,1604.89,1181810020,28362070615
2014-12-05,1626.12,1581.91,1626.12,1544.46,1245316480,28606680242
2014-12-08,1575.3,1567.16,1600.87,1554.79,1190537702,27493961917
2014-12-09,1557.02,1504.62,1577.75,1504.23,1343729117,30842828613
2014-12-10,1499.33,1572.68,1576.89,1499.33,1164501565,28047392405
2014-12-11,1572.61,1587.66,1593.38,1563.32,1080821207,25535591857
2014-12-12,1588.24,1623.57,1626.34,1586.75,1025023808,24450985234
2014-12-15,1623.6,1657.5,1664.26,1619.7,1002989024,24805460853
2014-12-16,1665.3,1649.58,1674.98,1636.18,902521865,22480964368
2014-12-17,1639.15,1644.21,1652.97,1623.7,889766964,22536643524
2014-12-18,1641.58,1634.05,1663.67,1633.26,789048974,19728892491
2014-12-19,1627.8,1596.81,1627.8,1568.98,845184621,19943629175
2014-12-22,1583.95,1517.93,1583.95,1510.05,913962620,20599063604
2014-12-23,1501.53,1496.53,1543.35,1489.12,737496025,16670237774
2014-12-24,1502.67,1519.8,1524.27,1501.23,590852250,13428859161
2014-12-25,1521.99,1529.47,1531.64,1514.23,597262231,14283411451
2014-12-26,1531.2,1536.08,1539.16,1524.01,602436711,14180960033
2014-12-29,1531.12,1499.4,1531.12,1491.21,841627997,18724891149
2014-12-30,1491.1,1460.11,1493.44,1450.05,763285980,17382715910
2014-12-31,1455.68,1471.76,1479.86,1451.29,627856316,14167671959
2015-01-05,1470.58,1464.77,1470.58,1429.08,804880975,17995232343
2015-01-06,1458.57,1539.83,1542.15,1454.14,1100241072,25733227711
2015-01-07,1542.4,1523.39,1547.25,1517.37,851106582,20628091696
2015-01-08,1516.83,1541.89,1565.77,1516.83,847205071,21107580016
2015-01-09,1535.33,1553.24,1583.75,1534.61,920011092,23172562893
2015-01-12,1552.05,1586.12,1587.18,1550.62,778830785,20654042008
2015-01-13,1587.69,1601.17,1611.13,1578.4,848257369,21454689600
2015-01-14,1598.72,1588.01,1605.15,1579.55,679730748,17064236934
2015-01-15,1584.68,1586.34,1606.56,1578.22,641398157,16419340637
2015-01-16,1586.71,1639.56,1641.53,1586.64,800135606,21366624623
2015-01-19,1608.25,1630.07,1691.14,1599.66,1143405957,29066088513
2015-01-20,1635.57,1700.85,1700.94,1635.57,1165117278,28679842782
2015-01-21,1704.1,1722.58,1729.84,1701.87,1365785754,33999540767
2015-01-22,1723.24,1744.04,1744.08,1716.39,1174156257,30489282953
2015-01-23,1742.09,1697.29,1742.09,1693.52,1010230954,26720720237
2015-01-26,1698.98,1739.79,1740.37,1698.98,885979630,23757191155
2015-01-27,1742.46,1743.67,1754.21,1715.53,948571557,25284222413
2015-01-28,1741.07,1731.41,1759.0,1727.92,900507826,23672653036
2015-01-29,1717.4,1711.37,1733.63,1709.36,704447569,18172638062
2015-01-30,1712.85,1680.58,1721.14,1679.69,754211041,18491278202
2015-02-02,1667.12,1696.83,1708.71,1660.05,705152575,18946184098
2015-02-03,1703.93,1750.91,1762.73,1703.93,1030998470,28132061305
2015-02-04,1753.77,1757.74,1770.2,1743.02,985442497,25477202973
2015-02-05,1757.23,1774.31,1809.72,1741.96,1280303014,34192474835
2015-02-06,1772.35,1730.97,1783.62,1725.64,961432448,24813333604
2015-02-09,1727.22,1708.85,1753.5,1702.56,749294150,19399232004
2015-02-10,1707.26,1747.67,1747.86,1700.88,618887295,16166225136
2015-02-11,1748.23,1772.85,1783.24,1748.23,744250414,20802498628
2015-02-12,1777.22,1788.81,1799.45,1776.35,829570135,22092852299
2015-02-13,1798.54,1825.49,1828.23,1796.41,968709257,26118763109
2015-02-16,1836.71,1896.63,1897.66,1836.71,1208408329,33149749905
2015-02-17,1908.18,1894.31,1909.91,1873.17,933269579,26347600035
2015-02-25,1899.39,1876.74,1909.65,1872.1,1107689411,29409927404
2015-02-26,1875.33,1880.39,1891.78,1847.73,1021613388,27577506771
2015-02-27,1880.63,1928.04,1928.04,1880.63,1159139834,33075663211
2015-03-02,1944.11,1986.99,1987.8,1940.32,1574046797,44559580039
2015-03-03,1987.33,1961.74,2004.03,1961.01,1607366795,45219418527
2015-03-04,1960.54,2009.83,2011.08,1960.54,1363917764,38762507222
2015-03-05,2015.7,2014.79,2032.22,1997.46,1372928092,40497958684
2015-03-06,2016.81,1951.4,2018.18,1949.29,1168090000,33028801117
2015-03-09,1941.42,1994.39,1996.89,1932.82,992417701,30038668101
2015-03-10,2001.18,2045.32,2048.3,2001.18,1151356214,34781367384
2015-03-11,2050.76,2035.83,2054.77,2022.32,1212104932,36518956871
2015-03-12,2034.62,2018.13,2054.39,1984.91,1255415203,36474065464
2015-03-13,2020.66,2069.07,2070.95,2011.17,1145413972,33289259150
2015-03-16,2088.2,2142.67,2144.78,2088.2,1560905160,47903344852
2015-03-17,2149.37,2137.46,2164.49,2117.78,1548866960,46584786666
2015-03-18,2138.37,2182.92,2186.02,2124.98,1461534738,43729517446
2015-03-19,2184.76,2183.88,2192.55,2160.99,1317326183,39413445752
2015-03-20,2187.47,2213.77,2232.08,2187.01,1497005008,46361445687
2015-03-23,2225.85,2293.65,2293.92,2221.71,1606327882,52226678229
2015-03-24,2310.51,2357.97,2363.05,2253.2,1979513373,67572214688
2015-03-25,2364.94,2385.01,2405.56,2344.11,1710589567,60342142375
2015-03-26,2362.45,2291.79,2370.3,2270.79,1692000181,60297434889
2015-03-27,2274.68,2323.82,2326.42,2267.87,1211139943,42235711246
2015-03-30,2319.31,2290.48,2332.6,2266.85,1219659378,41050894679
2015-03-31,2294.32,2335.17,2358.21,2288.31,1286625798,44804381014
2015-04-01,2347.0,2404.91,2407.49,2345.75,1290399195,46113103251
2015-04-02,2434.76,2475.32,2475.32,2420.19,1556280421,57585347501
2015-04-03,2469.85,2510.16,2515.57,2460.94,1490987720,56807919317
2015-04-07,2530.07,2556.7,2557.87,2522.26,1498017753,57733310197
2015-04-08,2566.94,2488.16,2568.09,2442.82,1688103969,63963052784
2015-04-09,2481.69,2496.49,2501.3,2346.89,1643560984,60506253814
2015-04-10,2475.55,2552.83,2567.68,2457.82,1379220688,54183459883
2015-04-13,2558.19,2577.78,2596.92,2545.26,1541581802,60047934748
2015-04-14,2584.59,2558.85,2593.7,2539.94,1465323029,56915223737
2015-04-15,2548.99,2441.74,2548.99,2441.74,1427599888,54078741500
2015-04-16,2420.93,2484.33,2532.3,2407.85,1255689045,47538063425
2015-04-17,2507.47,2463.99,2511.98,2453.28,1395036160,50623382119
2015-04-20,2462.41,2424.85,2493.2,2411.34,1408549808,49207064911
2015-04-21,2443.12,2566.09,2566.09,2443.12,1337088427,49992745360
2015-04-22,2610.74,2634.93,2655.37,2610.74,1561809177,59533767940
2015-04-23,2656.18,2706.18,2718.26,2656.18,1568952093,61948606514
2015-04-24,2689.91,2734.75,2747.62,2672.2,1468057386,58968956468
2015-04-27,2781.6,2747.5,2806.76,2737.15,1364203607,55466052085
2015-04-28,2764.41,2687.97,2779.2,2650.43,1441659735,55172760323
2015-04-29,2693.48,2797.52,2798.51,2674.76,1389063540,61866078261
2015-04-30,2825.16,2857.89,2918.74,2825.16,1526724263,65691701186
2015-05-04,2868.1,2845.25,2884.44,2803.82,1321488061,56751287719
2015-05-05,2830.79,2783.44,2845.71,2753.87,1194258296,49492142448
2015-05-06,2806.3,2846.56,2927.03,2806.3,1480644014,65058665852
2015-05-07,2824.82,2806.05,2879.68,2801.47,1237165013,52550576312
2015-05-08,2838.97,2973.6,2974.37,2838.97,1693109779,69171093206
2015-05-11,3015.43,3146.83,3150.49,2991.33,2111185928,91339566288
2015-05-12,3176.54,3250.3,3254.99,3133.96,2071803928,91757737407
2015-05-13,3185.34,3192.15,3271.18,3123.92,1955548382,86700531682
2015-05-14,3174.45,3141.59,3228.03,3137.28,1821477862,80170203029
2015-05-15,3109.11,3145.34,3176.11,3059.86,1627874215,65892688258
2015-05-18,3178.37,3278.48,3286.41,3178.37,1657955907,71977352095
2015-05-19,3310.09,3322.77,3340.42,3206.78,1648461253,72058360813
2015-05-20,3339.17,3406.28,3471.95,3339.17,1848362516,80861227787
2015-05-21,3421.61,3527.41,3531.84,3421.45,1798673634,80805927529
2015-05-22,3594.59,3516.63,3618.24,3438.57,2295786905,100277336155
2015-05-25,3415.67,3467.92,3499.53,3370.84,1774719125,75232026555
2015-05-26,3471.8,3618.23,3619.49,3471.8,1879669524,83027944481
2015-05-27,3638.21,3628.67,3662.98,3546.58,1993355493,89055095656
2015-05-28,3618.34,3432.98,3677.32,3432.98,2043958212,91108360149
2015-05-29,3444.06,3542.84,3595.17,3328.46,1736877688,76249518031
2015-06-01,3580.08,3718.75,3722.86,3580.08,1568681286,73632760853
2015-06-02,3757.1,3901.54,3912.48,3756.09,1843613169,87683157083
2015-06-03,3949.28,3982.25,4011.04,3838.22,1910306374,96307066138
2015-06-04,3991.8,3943.47,4015.2,3695.83,1821564369,91615721670
2015-06-05,3994.44,3885.83,4037.96,3841.41,1812473771,87228578453
2015-06-08,3862.8,3704.55,3862.8,3643.03,1787265646,79702857975
2015-06-09,3664.37,3705.54,3793.36,3633.72,1625106273,69426570801
2015-06-10,3695.06,3834.7,3876.85,3676.76,1757107889,74257474548
2015-06-11,3843.98,3862.14,3884.37,3815.06,1780753724,73333231863
2015-06-12,3889.16,3899.7,3922.7,3850.59,1799034665,77219650221
2015-06-15,3919.36,3696.03,3919.36,3688.89,1891853334,79765702415
2015-06-16,3636.79,3590.67,3669.82,3475.35,1843327807,76590003275
2015-06-17,3586.37,3741.36,3754.37,3511.11,1701769286,71681391263
2015-06-18,3734.91,3504.55,3752.18,3497.73,1582025588,66804000336
2015-06-19,3408.53,3314.98,3476.03,3304.65,1604885903,61642363177
2015-06-23,3314.89,3393.94,3397.27,3154.6,1633255539,61085836953
2015-06-24,3425.57,3383.4,3459.46,3304.67,1583117748,60619593702
2015-06-25,3403.63,3206.38,3408.23,3172.37,1538674311,58358377198
2015-06-26,3078.4,2920.7,3078.4,2915.94,1460215787,48608302937
2015-06-29,2943.5,2689.76,2950.13,2663.44,1698721319,53486110870
2015-06-30,2566.02,2858.61,2875.09,2485.46,2393574390,74681453673
2015-07-01,2842.17,2759.41,3008.19,2743.61,2309056940,82992208374
2015-07-02,2756.24,2649.32,2825.15,2591.05,2040523284,67562737285
2015-07-03,2559.03,2605.28,2788.76,2458.28,2230035796,70734256099
2015-07-06,2795.67,2493.83,2795.67,2417.56,2367180680,74225344122
2015-07-07,2398.1,2352.01,2415.68,2350.97,989190347,28209140647
2015-07-08,2304.76,2364.05,2364.08,2304.76,1582831088,42430046919
2015-07-09,2338.11,2435.76,2435.76,2338.11,934904231,33269963766
2015-07-10,2487.39,2535.89,2535.89,2478.86,695786581,31943866793
2015-07-13,2612.77,2683.07,2683.07,2592.2,1116585026,54545877097
2015-07-14,2725.04,2726.05,2827.55,2715.97,1553456089,63349369123
2015-07-15,2750.66,2590.03,2750.66,2583.46,2218824061,70847191772
2015-07-16,2526.65,2627.08,2698.16,2439.24,2189514115,63784894385
2015-07-17,2651.44,2783.32,2805.8,2646.5,2035392744,64570149157
2015-07-20,2820.72,2848.3,2907.15,2777.91,2497331919,83758483335
2015-07-21,2802.02,2882.9,2917.41,2779.53,2057632766,70726988478
2015-07-22,2882.06,2897.37,2932.06,2828.45,2111686388,70395190023
2015-07-23,2896.25,2967.95,2969.35,2864.43,2045325100,68371843212
2015-07-24,2976.93,2897.82,3014.18,2879.26,2268588181,77606245042
2015-07-27,2822.37,2683.45,2924.08,2683.05,2306291672,76783766495
2015-07-28,2546.41,2581.96,2705.18,2492.19,2548658298,73756328760
2015-07-29,2617.94,2693.86,2693.99,2483.92,2302801017,67867496710
2015-07-30,2671.45,2561.19,2707.76,2556.09,2010776677,62002927236
2015-07-31,2507.26,2539.84,2605.34,2499.24,1671234674,50529748489
2015-08-03,2475.33,2399.27,2494.8,2371.48,1849905340,51979835140
2015-08-04,2396.41,2546.16,2546.16,2380.28,1757791363,49331682492
2015-08-05,2542.27,2502.04,2584.19,2480.45,1824542827,51827798100
2015-08-06,2441.95,2480.93,2517.99,2430.53,1214261396,33809555280
2015-08-07,2509.96,2576.99,2586.53,2505.27,1555336978,48174848463
2015-08-10,2606.74,2706.72,2726.9,2593.41,1823954491,60165715088
2015-08-11,2705.04,2698.91,2747.83,2675.15,1802676997,61137046203
2015-08-12,2658.84,2622.19,2700.4,2622.19,1386448628,45392204072
2015-08-13,2608.74,2684.26,2684.26,2578.91,1361673788,43097650264
2015-08-14,2713.78,2674.02,2725.47,2664.42,1508706806,47682222386
2015-08-17,2665.37,2666.29,2676.72,2613.78,1348868610,42017461515
2015-08-18,2674.42,2504.17,2720.57,2488.61,1915977287,59776536381
2015-08-19,2427.94,2570.69,2584.36,2359.17,1676219520,48823320397
2015-08-20,2556.77,2508.82,2610.89,2508.35,1499696462,45451472933
2015-08-21,2452.61,2341.95,2480.68,2340.92,1314084432,37599902526
2015-08-24,2222.54,2152.61,2246.55,2152.61,972553372,24698852148
2015-08-25,1996.04,1990.71,2048.03,1987.12,1205075731,27881834539
2015-08-26,1975.92,1890.04,2044.66,1875.03,1933968270,43661265170
2015-08-27,1924.78,1959.49,1959.98,1843.19,1790496070,38860735215
2015-08-28,1990.35,2082.12,2086.87,1960.39,1904712444,44345709261
2015-08-31,2056.29,1996.87,2058.85,1987.58,1447651723,34156847680
2015-09-01,1959.45,1889.49,1959.45,1877.36,1409304867,31776358504
2015-09-02,1787.71,1855.03,1953.91,1779.18,1725935990,36076618714
2015-09-07,1882.86,1893.52,1953.4,1878.26,1656899687,34208030717
2015-09-08,1875.67,2001.16,2004.81,1859.2,1581393113,32537807709
2015-09-09,2023.31,2071.72,2102.22,2017.1,2202687229,51149604054
2015-09-10,2030.03,2039.12,2078.42,2024.89,1439233274,32225291646
2015-09-11,2039.01,2060.51,2084.05,2029.81,1253267922,28746833046
2015-09-14,2068.2,1906.21,2075.67,1905.2,1287479992,28293175902
2015-09-15,1843.23,1797.56,1892.81,1794.29,1264282524,24922119318
2015-09-16,1813.73,1926.24,1928.78,1808.75,1364923766,27934195618
2015-09-17,1943.29,1933.3,2020.55,1922.8,1797404709,39273613900
2015-09-18,1948.12,1983.3,1995.5,1922.14,1450181269,30741085436
2015-09-21,1950.33,2079.06,2080.22,1945.35,1714350168,37938284791
2015-09-22,2082.34,2078.72,2108.56,2042.13,1831234726,41594267123
2015-09-23,2039.49,2077.99,2103.22,2036.06,1492260574,33203244925
2015-09-24,2090.56,2106.59,2130.47,2084.31,1755347358,39225773634
2015-09-25,2091.85,2020.97,2106.95,2002.45,1550778403,33223263349
2015-09-28,2024.89,2122.26,2124.06,2007.92,1430887227,31949266186
2015-09-29,2089.54,2098.57,2135.51,2075.97,1520418622,34248493636
2015-09-30,2111.99,2082.67,2124.29,2049.43,1135163954,26346712333
2015-10-08,2153.12,2190.31,2210.03,2138.54,1688110746,39122940401
2015-10-09,2190.84,2216.66,2230.03,2184.55,1710782254,39886486243
2015-10-12,2233.61,2316.78,2344.21,2232.27,2135582309,53297212797
2015-10-13,2297.93,2342.04,2351.52,2290.64,1789628327,45035319530
2015-10-14,2330.08,2305.0,2350.59,2295.6,1781133668,45164222480
2015-10-15,2300.62,2404.53,2406.21,2296.8,2100279927,54403802811
2015-10-16,2424.62,2449.03,2452.94,2401.09,2212893417,59776204792
2015-10-19,2465.11,2433.6,2466.48,2398.34,2014779305,55967038204
2015-10-20,2430.18,2511.16,2520.08,2427.78,2109537498,57068493992
2015-10-21,2504.78,2344.74,2527.77,2335.66,2652603931,71342026744
2015-10-22,2355.16,2458.14,2465.1,2355.16,2209272749,61890922732
2015-10-23,2488.31,2538.38,2549.76,2461.49,2526948862,72792974353
2015-10-26,2570.13,2527.48,2570.13,2481.59,2466063913,70664797122
2015-10-27,2497.16,2563.96,2586.95,2423.6,2093616666,62128595943
2015-10-28,2551.7,2485.24,2583.82,2473.47,1901205124,58622813437
2015-10-29,2504.85,2485.28,2528.7,2436.78,1405144400,43473846073
2015-10-30,2475.23,2478.28,2534.47,2439.16,1740871450,51300124522
2015-11-02,2416.1,2432.04,2513.32,2408.78,1584004123,45893022739
2015-11-03,2444.05,2429.27,2461.33,2407.55,1364659661,40273684707
2015-11-04,2451.23,2584.32,2584.32,2451.23,2282796525,66281513781
2015-11-05,2587.82,2564.72,2630.83,2542.85,2580920781,77257734308
2015-11-06,2571.66,2661.41,2666.4,2571.66,2414936998,71296028997
2015-11-09,2653.31,2724.62,2747.79,2612.26,2579844815,79976259359
2015-11-10,2710.9,2746.61,2783.12,2700.29,2416119023,71799078016
2015-11-11,2738.58,2804.68,2806.54,2730.52,2765509773,73818609768
2015-11-12,2818.57,2783.3,2827.71,2743.26,2831093987,83094741928
2015-11-13,2751.39,2710.16,2772.82,2681.61,2500114655,68218121608
2015-11-16,2656.57,2797.16,2797.16,2654.64,2097444416,59082753757
2015-11-17,2834.98,2717.05,2847.9,2711.58,2811973813,82923630904
2015-11-18,2727.61,2661.16,2741.33,2655.06,1964636588,56844600479
2015-11-19,2678.36,2770.75,2770.75,2676.76,2256393766,64197541189
2015-11-20,2783.04,2800.15,2817.96,2757.84,2888869616,79683009583
2015-11-23,2797.12,2770.58,2839.84,2759.31,2583966859,72793084001
2015-11-24,2767.72,2816.05,2816.05,2739.52,1946726421,57396106964
2015-11-25,2813.51,2897.57,2906.8,2806.82,2470587822,78107330306
2015-11-26,2911.85,2833.2,2915.95,2831.38,2375948376,73789879628
2015-11-27,2819.36,2649.55,2844.05,2629.13,2440385178,71124931199
2015-11-30,2658.97,2672.58,2687.05,2507.38,2220619512,62131175880
2015-12-01,2669.3,2655.34,2700.35,2621.17,1710402144,47434636467
2015-12-02,2653.24,2613.26,2660.11,2525.34,1590028591,42837347008
2015-12-03,2622.49,2708.12,2710.81,2622.49,1706528223,50985244454
2015-12-04,2702.56,2692.16,2749.18,2679.35,1784463306,57084647778
2015-12-07,2699.34,2738.15,2751.24,2687.02,1642004612,48309134851
2015-12-08,2723.62,2691.66,2731.72,2678.66,1870517196,53104323755
2015-12-09,2677.59,2667.91,2699.64,2650.45,1615454539,46008649878
2015-12-10,2665.28,2695.51,2729.24,2663.37,1632773337,50231724738
2015-12-11,2686.3,2671.29,2701.69,2666.89,1364343256,40853174610
2015-12-14,2642.82,2709.26,2709.26,2622.47,1338300653,41069947669
2015-12-15,2718.25,2745.7,2764.8,2718.25,1445922069,44835133695
2015-12-16,2760.26,2763.11,2789.28,2749.8,1508384818,46446125056
2015-12-17,2784.97,2835.7,2835.7,2784.97,2005595953,60616142373
2015-12-18,2836.92,2830.26,2850.69,2801.64,1782489461,56327925845
2015-12-21,2825.32,2829.92,2836.61,2800.35,1493729306,46653540297
2015-12-22,2836.96,2839.85,2849.36,2811.61,1313451719,40474306122
2015-12-23,2845.43,2783.94,2848.83,2779.93,1624717607,48497398555
2015-12-24,2775.98,2795.78,2801.57,2735.97,1324104170,39336992369
2015-12-25,2807.51,2794.73,2820.53,2777.46,1216205881,37289008181
2015-12-28,2809.52,2735.49,2823.75,2735.49,1549767633,46071376655
2015-12-29,2732.55,2749.82,2749.82,2710.2,1276936985,37734860738
2015-12-30,2758.25,2779.51,2781.84,2749.29,1351285510,40557180319
2015-12-31,2780.54,2714.05,2785.66,2713.69,1295863182,38196425373
2016-01-04,2706.28,2491.24,2710.3,2490.47,1224017447,34690876848
2016-01-05,2353.23,2416.72,2481.2,2333.61,1828933050,48529951841
2016-01-06,2433.36,2468.37,2472.19,2388.69,1419445913,40120477282
2016-01-07,2415.33,2256.52,2415.33,2254.5,387552559,10070549921
2016-01-08,2297.59,2248.99,2318.12,2142.33,1650229390,42326631943
2016-01-11,2188.19,2106.36,2230.42,2105.77,1520892690,37731800680
2016-01-12,2117.25,2147.53,2179.09,2087.27,1439659654,36459528256
2016-01-13,2160.32,2059.78,2174.23,2059.78,1246536858,30616308658
2016-01-14,1991.23,2175.01,2179.38,1989.87,1564866641,37883978782
2016-01-15,2160.17,2112.9,2184.56,2096.19,1591029401,37021351352
2016-01-18,2074.86,2174.93,2206.84,2074.86,1626762690,37643016065
2016-01-19,2170.09,2241.7,2244.78,2148.72,1770032200,42165841708
2016-01-20,2222.6,2204.65,2249.36,2190.51,1545118853,36631031684
2016-01-21,2173.32,2112.4,2241.47,2112.4,1494520285,34236585542
2016-01-22,2140.28,2149.59,2161.24,2078.12,1360989145,29320081809
2016-01-25,2165.73,2158.82,2185.21,2136.88,1133417791,25068789288
2016-01-26,2132.22,1994.05,2135.57,1990.51,1338570762,28932546763
2016-01-27,1997.32,1997.46,2012.3,1888.25,1592652100,32691894462
2016-01-28,1969.31,1906.46,1990.92,1900.88,1145420389,23351736320
2016-01-29,1908.26,1994.07,2011.06,1907.29,1280987493,26899449776
2016-02-01,1989.21,1992.69,2011.68,1956.92,1115608920,23757806309
2016-02-02,1996.59,2075.29,2089.21,1996.59,1328764925,29444891253
2016-02-03,2049.32,2090.51,2105.38,2034.6,1208984631,27067876141
2016-02-04,2095.62,2126.64,2142.87,2095.62,1314300822,30229997511
2016-02-05,2127.35,2096.99,2141.56,2096.99,906470265,21097333618
2016-02-15,2029.56,2116.84,2130.36,2029.56,1010066795,22602402130
2016-02-16,2128.06,2201.93,2208.57,2128.06,1391217130,33527171608
2016-02-17,2197.93,2215.34,2219.78,2171.0,1461849734,33892026431
2016-02-18,2230.8,2190.91,2239.91,2188.19,1401950093,32817923780
2016-02-19,2186.01,2211.01,2230.22,2182.96,1340724152,31840088871
2016-02-22,2235.17,2245.56,2245.56,2216.16,1509061490,37118424010
2016-02-23,2245.75,2218.12,2249.69,2189.53,1392660959,34508757082
2016-02-24,2212.59,2203.74,2230.01,2154.27,1288402169,31586512331
2016-02-25,2198.93,2037.14,2198.93,2030.42,1529895510,35410092177
2016-02-26,2045.51,2014.92,2057.8,1980.17,1236669347,27393046852
2016-02-29,2000.57,1880.15,2000.57,1866.25,1324756805,27442483974
2016-03-01,1881.32,1934.92,1952.43,1841.22,1345666117,28130045249
2016-03-02,1930.84,2017.6,2022.86,1925.02,1694915482,33986258800
2016-03-03,2014.18,2007.08,2063.53,2006.71,1680547360,35109123115
2016-03-04,1994.06,1907.04,2003.69,1895.4,1522097509,30180366286
2016-03-07,1935.09,1953.33,1995.94,1935.09,1162316070,23586936623
2016-03-08,1944.65,2002.19,2002.19,1865.65,1562742176,30777183949
2016-03-09,1962.28,1970.81,2015.71,1947.05,1330367237,26228076248
2016-03-10,1968.77,1936.97,1991.36,1935.12,1050801820,22314497805
2016-03-11,1911.33,1934.87,1948.6,1903.92,848765564,17130416710
2016-03-14,1962.11,2023.13,2048.5,1962.11,1613440548,34589588689
2016-03-15,2016.81,1996.92,2034.7,1995.46,1216705989,25538884278
2016-03-16,2029.92,1977.54,2039.49,1961.42,1222045527,25677500728
2016-03-17,1986.14,2087.29,2089.14,1986.14,2107413927,46452580285
2016-03-18,2102.19,2177.87,2194.36,2102.08,2559683910,59078987179
2016-03-21,2214.91,2227.03,2234.35,2191.66,2554099814,62305308353
2016-03-22,2201.19,2221.7,2248.19,2189.93,2106000665,48735069007
2016-03-23,2214.87,2259.11,2259.11,2205.07,1905279426,47906638723
2016-03-24,2234.22,2219.77,2277.92,2217.84,2140092907,55211267572
2016-03-25,2209.26,2216.09,2232.07,2183.6,1515400920,37179629437
2016-03-28,2233.13,2199.68,2259.13,2192.35,1626047248,40556829591
2016-03-29,2190.88,2152.55,2194.89,2130.85,1417051604,36286919136
2016-03-30,2172.74,2248.78,2248.78,2172.74,1740597502,45938026806
2016-03-31,2256.43,2238.29,2271.96,2232.3,1812497645,48357366590
2016-04-01,2223.38,2205.37,2227.0,2171.34,1570124607,40964810771
2016-04-05,2207.46,2279.52,2285.2,2205.44,1976493841,51013395812
2016-04-06,2274.77,2297.04,2305.41,2271.5,2091203621,53867287012
2016-04-07,2310.92,2248.68,2316.63,2248.68,2030234513,52062248803
2016-04-08,2230.95,2229.93,2239.8,2194.23,1794697166,44668861373
2016-04-11,2255.07,2283.14,2301.41,2255.07,1994662539,50305784629
2016-04-12,2283.21,2264.02,2289.55,2236.44,1707821048,43188526151
2016-04-13,2278.52,2294.01,2330.05,2278.52,2177663476,57540166963
2016-04-14,2310.6,2324.39,2325.38,2289.57,1833497809,45817203184
2016-04-15,2328.31,2309.68,2328.31,2297.68,1452697706,37341335621
2016-04-18,2288.42,2265.59,2288.42,2249.34,1430977206,35185179519
2016-04-19,2278.31,2272.52,2289.05,2253.59,1300432038,31835138051
2016-04-20,2279.76,2145.24,2284.1,2119.42,2166703626,49474321009
2016-04-21,2135.93,2110.16,2160.26,2106.97,1278406296,28431867635
2016-04-22,2093.78,2136.92,2136.92,2090.95,1047191179,24543828071
2016-04-25,2128.66,2126.83,2130.06,2083.64,955799094,21483142678
2016-04-26,2123.87,2155.7,2155.7,2119.38,891151834,19957192725
2016-04-27,2162.76,2146.61,2176.33,2142.46,1047919960,23940155405
2016-04-28,2149.1,2155.23,2158.49,2108.27,1012327034,23283082353
2016-04-29,2141.58,2138.74,2162.19,2138.74,802463986,19069602052
2016-05-03,2138.96,2217.23,2217.23,2126.87,1455123161,33735215324
2016-05-04,2210.13,2211.02,2233.59,2206.26,1367172232,31455176430
2016-05-05,2208.4,2224.09,2226.55,2198.76,1080032813,25028413754
2016-05-06,2226.44,2129.19,2235.96,2129.19,1605479336,35514669118
2016-05-09,2107.33,2053.6,2107.33,2045.12,1223033098,25530884683
2016-05-10,2051.38,2054.22,2067.62,2044.28,765873218,16100170402
2016-05-11,2067.69,2034.92,2073.83,2032.3,938261725,19415467305
2016-05-12,2006.26,2034.57,2039.32,1975.07,917754593,18597274728
2016-05-13,2030.94,2025.22,2058.66,2013.86,830100065,16850174895
2016-05-16,2017.84,2057.86,2057.86,2008.54,941572115,18613618841
2016-05-17,2059.51,2081.44,2107.73,2036.88,1354044212,27968828908
2016-05-18,2062.81,2020.48,2062.81,2000.53,1226813049,23519678238
2016-05-19,2023.96,2037.4,2076.49,2023.96,1232346124,25803864912
2016-05-20,2018.38,2065.3,2065.3,2013.53,1042485337,21530347374
2016-05-23,2073.0,2098.23,2107.05,2073.0,1392826414,27890239390
2016-05-24,2094.21,2075.51,2094.21,2061.52,1231860285,25081602617
2016-05-25,2091.97,2067.25,2111.26,2062.64,1331004930,27209618400
2016-05-26,2060.43,2086.01,2086.49,2019.3,1341596964,26971464981
2016-05-27,2076.3,2069.89,2090.17,2065.38,1179569874,24367593967
2016-05-30,2054.62,2058.52,2083.83,2033.67,1096037935,20657236104
2016-05-31,2061.84,2159.8,2160.53,2060.14,2148508232,42841944739
2016-06-01,2164.73,2168.82,2188.89,2163.05,2018949851,41902801996
2016-06-02,2163.59,2188.56,2188.56,2160.25,1628382104,32817930523
2016-06-03,2176.36,2204.97,2236.58,2175.82,2297370075,56656391754
2016-06-06,2212.46,2199.3,2219.28,2181.99,1625623127,38763984978
2016-06-07,2202.04,2196.73,2204.18,2181.3,1443206247,32737289854
2016-06-08,2191.27,2186.54,2201.53,2166.97,1508347833,34389993425
2016-06-13,2150.39,2054.71,2165.28,2054.71,1835465988,40002844062
2016-06-14,2045.21,2058.31,2070.15,2032.44,1269121325,27022809308
2016-06-15,2033.6,2128.8,2143.45,2031.67,1777776044,37675532091
2016-06-16,2124.16,2101.42,2137.18,2097.35,1706778512,36383752821
2016-06-17,2109.57,2122.89,2154.52,2105.24,1562791355,33656618769
2016-06-20,2117.99,2119.63,2127.68,2088.29,1192462752,25717878977
2016-06-21,2135.46,2092.0,2153.23,2083.69,1604806900,33401719171
2016-06-22,2085.98,2144.82,2144.82,2085.65,1422217843,29028670285
2016-06-23,2144.58,2137.49,2153.58,2115.84,1683701504,35197139310
2016-06-24,2131.15,2127.36,2157.94,2060.2,1992267268,40148721134
2016-06-27,2111.1,2191.81,2194.13,2110.6,2103092278,43735528843
2016-06-28,2181.41,2216.71,2221.46,2173.53,2321599041,49703326190
2016-06-29,2228.51,2209.79,2238.35,2203.49,1844387685,40867943160
2016-06-30,2213.6,2227.79,2233.28,2206.8,1794150873,41570735445
2016-07-01,2231.18,2211.18,2241.63,2203.93,1466838361,35983142422
2016-07-04,2195.62,2248.71,2254.15,2193.84,1778463406,42104756406
2016-07-05,2253.69,2246.02,2259.29,2229.0,1613917085,39044223658
2016-07-06,2239.76,2241.56,2246.73,2229.27,1373840959,32063861398
2016-07-07,2240.9,2233.92,2247.59,2212.41,1679598110,39053962795
2016-07-08,2231.97,2239.0,2257.32,2220.2,1555736319,35815971559
2016-07-11,2242.26,2218.59,2252.66,2216.57,1647780477,37897538746
2016-07-12,2218.02,2247.36,2247.36,2182.03,1867128035,41637219324
2016-07-13,2258.26,2285.37,2299.86,2250.64,2365517419,52376427636
2016-07-14,2282.16,2293.08,2295.59,2273.42,2011319962,44918665399
2016-07-15,2289.1,2263.78,2293.09,2260.16,1767091019,39851665607
2016-07-18,2257.42,2249.87,2268.79,2234.21,1430780150,33162767882
2016-07-19,2249.74,2273.72,2273.72,2237.0,1527934080,36703444120
2016-07-20,2272.64,2268.53,2288.65,2268.53,1495557131,36019575946
2016-07-21,2266.08,2265.13,2289.67,2259.2,1454703985,33640968570
2016-07-22,2262.1,2250.0,2269.55,2248.3,1349845494,31370424321
2016-07-25,2245.86,2245.89,2264.44,2235.45,1239838647,30160908186
2016-07-26,2245.94,2279.55,2279.55,2245.94,1244783122,29309323951
2016-07-27,2282.07,2155.39,2284.28,2138.78,2225514349,49955712195
2016-07-28,2150.32,2139.74,2166.6,2109.87,1428127634,32021700872
2016-07-29,2144.27,2122.41,2147.2,2109.13,1021749910,22713511786
2016-08-01,2113.67,2099.18,2118.09,2066.18,1103056197,24335230981
2016-08-02,2096.55,2113.21,2114.95,2094.12,755217593,16599382656
2016-08-03,2110.23,2108.32,2117.62,2096.73,779922232,16728208341
2016-08-04,2107.62,2129.65,2133.18,2102.27,910390516,20181293316
2016-08-05,2128.74,2109.06,2129.33,2107.44,801803886,17219839533
2016-08-08,2102.24,2130.59,2130.59,2083.98,836447015,18259515916
2016-08-09,2128.64,2154.51,2154.51,2128.22,1030689738,22948922875
2016-08-10,2155.39,2137.0,2164.63,2136.83,927397940,20939336860
2016-08-11,2134.6,2103.4,2139.2,2103.4,855522072,19009668407
2016-08-12,2098.77,2123.84,2123.86,2097.91,740859275,16225169394
2016-08-15,2126.79,2193.21,2200.92,2112.25,1789944400,40208276059
2016-08-16,2195.02,2201.1,2211.01,2192.97,1403146356,33868206177
2016-08-17,2200.24,2208.2,2218.29,2195.37,1232214762,29598086901
2016-08-18,2204.95,2201.59,2213.3,2191.93,1223095235,29008994403
2016-08-19,2200.68,2204.56,2211.06,2194.11,1011020124,22882470951
2016-08-22,2205.58,2167.4,2213.41,2167.4,1115770282,24896681130
2016-08-23,2168.34,2174.16,2186.74,2160.3,888814128,19658660550
2016-08-24,2178.53,2192.17,2204.8,2176.35,1193867125,24340669438
2016-08-25,2179.01,2180.66,2183.73,2152.11,1236350074,25863438705
2016-08-26,2186.0,2189.75,2211.63,2182.11,1232477084,26498046718
2016-08-29,2187.72,2193.2,2209.25,2183.81,1061701659,23093370465
2016-08-30,2197.49,2195.53,2210.4,2193.07,919577154,20433442847
2016-08-31,2194.61,2191.76,2198.25,2175.84,895078803,20476842468
2016-09-01,2192.94,2181.33,2201.28,2181.33,931026374,20602369841
2016-09-02,2176.39,2170.86,2187.7,2160.12,1019471741,21793023432
2016-09-05,2178.64,2182.69,2199.66,2178.09,878613061,19799559080
2016-09-06,2183.23,2222.84,2225.26,2161.93,1299377526,29278395955
2016-09-07,2223.02,2212.05,2232.12,2208.83,1209570930,26884715878
2016-09-08,2211.39,2223.47,2223.47,2207.12,952619611,21574375391
2016-09-09,2223.58,2202.97,2228.54,2202.97,1085227602,24083882326
2016-09-12,2163.45,2145.56,2179.98,2145.03,1242936284,27589566279
2016-09-13,2157.95,2145.87,2165.58,2139.34,844123807,20073068156
2016-09-14,2137.4,2144.56,2156.98,2131.72,811833849,19544662810
2016-09-19,2149.37,2165.21,2174.4,2149.37,712270399,17570539968
2016-09-20,2164.42,2158.43,2167.64,2153.94,622638287,14650716026
2016-09-21,2158.06,2162.13,2170.09,2157.38,683398602,15856300611
2016-09-22,2174.3,2168.42,2178.53,2166.61,742583094,17574379491
2016-09-23,2171.63,2156.51,2173.49,2156.04,713909698,16221182534
2016-09-26,2154.4,2122.9,2161.76,2122.9,867056848,18788827737
2016-09-27,2118.95,2140.8,2140.8,2112.7,727751420,16123620355
2016-09-28,2143.72,2139.63,2143.72,2132.55,650929239,14496126880
2016-09-29,2141.34,2146.18,2155.42,2140.98,628502198,14484293553
2016-09-30,2144.47,2149.9,2154.4,2143.34,564039106,12571583652
2016-10-10,2165.85,2208.47,2208.47,2163.41,1093779510,24723320620
2016-10-11,2207.43,2210.86,2210.86,2201.31,880348763,20332054062
2016-10-12,2202.36,2209.68,2216.52,2198.89,972840597,20171285769
2016-10-13,2211.76,2208.57,2216.09,2200.52,911384604,20055095748
2016-10-14,2203.87,2194.23,2203.87,2178.91,908053864,21174734112
2016-10-17,2199.18,2167.86,2200.47,2160.01,953277473,21838540737
2016-10-18,2164.6,2198.14,2198.14,2164.6,962896282,21928619386
2016-10-19,2200.53,2184.91,2201.16,2180.47,962204508,20473863759
2016-10-20,2187.41,2193.26,2199.07,2184.35,964450439,20683398933
2016-10-21,2196.85,2181.0,2202.49,2167.83,1144698047,24362763033
2016-10-24,2184.11,2200.8,2204.36,2176.92,1111674529,23786163031
2016-10-25,2202.79,2200.21,2207.81,2196.57,956097958,21147956085
2016-10-26,2203.48,2184.49,2204.84,2179.76,1138960594,24198699819
2016-10-27,2182.91,2182.48,2184.32,2171.24,934135326,18971283971
2016-10-28,2182.56,2165.43,2192.9,2165.03,1045118319,21630386963
2016-10-31,2158.57,2159.76,2162.67,2145.57,900506004,18706893578
2016-11-01,2160.39,2176.45,2177.83,2159.71,876477575,18739307561
2016-11-02,2170.81,2146.4,2171.66,2145.07,1110939106,24047442270
2016-11-03,2137.13,2153.18,2167.93,2135.28,1135857388,24532832063
2016-11-04,2151.93,2145.23,2168.34,2142.41,1055794007,22350214614
2016-11-07,2141.3,2130.3,2145.82,2126.95,929118235,20647557919
2016-11-08,2138.45,2150.3,2154.57,2136.25,890870112,19286162034
2016-11-09,2150.62,2123.84,2154.85,2098.56,1120803808,23141580084
2016-11-10,2143.56,2143.32,2149.09,2138.94,900555894,18673948495
2016-11-11,2143.58,2147.11,2147.11,2125.49,1234007148,25956142671
2016-11-14,2146.83,2161.69,2175.25,2146.83,1382394010,29480786586
2016-11-15,2161.57,2179.3,2179.3,2152.38,1359122941,27942909453
2016-11-16,2187.5,2182.47,2208.98,2182.12,1570486726,33182509359
2016-11-17,2176.12,2163.04,2176.12,2157.55,934491055,19578863018
2016-11-18,2164.71,2157.96,2170.79,2155.24,775654222,16998168767
2016-11-21,2156.46,2152.6,2162.37,2147.05,847531107,18651414731
2016-11-22,2156.51,2177.65,2177.65,2146.62,1112546213,24124977639
2016-11-23,2182.1,2165.71,2191.26,2163.0,1509667169,33921986241
2016-11-24,2159.61,2146.63,2172.18,2142.95,1054900734,23374597180
2016-11-25,2145.97,2167.53,2167.53,2123.74,1360857537,27464728322
2016-11-28,2172.97,2166.05,2175.51,2159.73,1184643226,26340258785
2016-11-29,2161.78,2160.34,2178.19,2153.72,1461753692,29566529155
2016-11-30,2157.54,2183.05,2201.55,2155.24,1779166064,37118871094
2016-12-01,2181.73,2181.93,2188.09,2175.49,1215610538,26080302359
2016-12-02,2180.39,2143.45,2186.69,2143.21,1311915068,28245028718
2016-12-05,2129.24,2143.88,2162.3,2124.75,1028294634,21185629519
2016-12-06,2149.75,2122.26,2156.69,2121.25,973374527,21205507069
2016-12-07,2123.55,2134.99,2134.99,2116.54,829418178,15976721051
2016-12-08,2135.79,2114.71,2136.26,2114.04,925066462,17836729718
2016-12-09,2114.45,2099.89,2118.63,2097.09,1018268509,20514018033
2016-12-12,2095.58,1984.39,2096.4,1981.17,1613922177,30841868745
2016-12-13,1982.08,1985.04,1995.35,1961.91,978401819,18317363048
2016-12-14,1982.98,1963.08,1988.46,1958.04,841428861,15165144357
2016-12-15,1957.71,1975.85,1991.32,1956.55,883540510,15915982533
2016-12-16,1977.86,1998.11,2005.28,1972.21,773146894,14556427286
2016-12-19,1995.0,1980.41,1995.0,1976.77,629146748,11342350544
2016-12-20,1981.69,1982.3,1989.99,1974.93,593914100,10891817336
2016-12-21,1987.76,1991.7,1996.1,1985.05,604319907,11244138440
2016-12-22,1993.04,1986.27,1993.04,1978.74,582006416,10748850106
2016-12-23,1987.73,1964.54,1992.21,1964.23,719515320,12980659939
2016-12-26,1959.18,1974.01,1974.01,1933.52,770842745,14485266323
2016-12-27,1972.51,1968.62,1977.32,1968.57,634784942,11561837581
2016-12-28,1968.15,1957.15,1971.51,1954.96,600574981,10801845913
2016-12-29,1956.72,1959.24,1971.94,1955.62,675993089,12305332768
2016-12-30,1961.22,1962.06,1964.7,1952.68,725658528,13044957875
2017-01-03,1965.04,1963.26,1971.91,1959.14,732799660,13493639991
2017-01-04,1963.02,1991.57,1992.76,1959.57,996683958,18604577405
2017-01-05,1990.7,1983.97,1993.71,1983.84,766451070,14714233594
2017-01-06,1980.84,1965.03,1982.4,1963.32,796877211,15261526284
2017-01-09,1962.2,1961.62,1968.87,1951.49,712730047,13731160508
2017-01-10,1960.1,1951.68,1967.47,1951.18,631858200,11965578412
2017-01-11,1947.42,1937.55,1959.3,1932.46,714099417,12868287469
2017-01-12,1935.52,1930.14,1946.59,1929.05,674484348,12676345722
2017-01-13,1930.11,1899.94,1934.48,1899.11,745872620,14308984456
2017-01-16,1897.45,1830.85,1897.82,1783.74,1183223188,22819526134
2017-01-17,1824.1,1867.87,1875.8,1805.39,1068536985,20614150528
2017-01-18,1860.24,1845.79,1862.83,1845.57,712045982,13720432933
2017-01-19,1842.66,1844.14,1853.11,1833.5,525977826,9398836541
2017-01-20,1844.37,1880.75,1892.36,1842.62,989389020,19102550446
2017-01-23,1879.97,1887.32,1897.1,1879.71,723584616,13349919862
2017-01-24,1885.24,1861.22,1885.95,1859.71,757695848,13535552652
2017-01-25,1857.32,1870.7,1874.63,1856.22,567293325,10364811851
2017-01-26,1872.14,1886.23,1887.67,1872.14,610414709,10965218696
2017-02-03,1886.97,1876.76,1888.81,1872.7,538417469,9513798092
2017-02-06,1877.14,1900.45,1903.33,1874.71,658149308,12228849873
2017-02-07,1897.87,1889.13,1900.35,1881.73,632910013,11948659480
2017-02-08,1887.34,1903.63,1903.63,1881.13,738115597,13250461607
2017-02-09,1903.67,1914.08,1916.4,1901.88,866823339,15683398111
2017-02-10,1913.23,1904.68,1915.43,1900.71,829937347,14306121679
2017-02-13,1902.46,1913.68,1919.2,1894.15,864365324,15479389451
2017-02-14,1914.14,1909.39,1918.8,1906.41,743622934,14774372140
2017-02-15,1911.04,1892.36,1920.29,1890.09,841610336,15667307477
2017-02-16,1891.87,1897.63,1900.97,1886.41,681175956,12023022061
2017-02-17,1896.7,1882.87,1904.87,1881.0,776293964,13845759359
2017-02-20,1884.99,1894.96,1894.96,1876.67,722723309,12853998799
2017-02-21,1896.86,1921.08,1924.03,1895.43,1033603841,18198262883
2017-02-22,1921.55,1919.97,1925.3,1909.12,858211160,15747331998
2017-02-23,1919.24,1925.95,1925.95,1906.81,923155847,15847411178
2017-02-24,1925.1,1938.44,1939.39,1921.3,1046661929,18458150481
2017-02-27,1937.56,1926.77,1943.98,1923.53,941853528,16701310734
2017-02-28,1926.14,1927.16,1931.83,1918.32,782843119,13906232210
2017-03-01,1925.7,1931.97,1938.68,1923.75,814456083,15156819814
2017-03-02,1936.08,1920.4,1937.9,1919.74,785170257,15923632034
2017-03-03,1916.2,1928.29,1932.21,1908.32,817311790,18105575910
2017-03-06,1931.62,1962.77,1962.77,1931.62,1165806640,24670755981
2017-03-07,1967.18,1977.85,1977.85,1957.29,1131884375,24136319795
2017-03-08,1976.85,1964.63,1976.85,1960.07,932627630,19425947936
2017-03-09,1962.64,1953.94,1962.64,1948.79,973805958,20556078244
2017-03-10,1952.5,1950.01,1957.71,1945.57,784018186,17217291898
2017-03-13,1948.52,1970.88,1972.08,1939.03,1001614993,20956568675
2017-03-14,1967.47,1958.02,1970.48,1952.1,1085257359,25867626687
2017-03-15,1951.71,1957.82,1964.43,1943.61,1010802745,24306415147
2017-03-16,1959.05,1966.73,1968.43,1959.05,971705121,22063309620
2017-03-17,1968.15,1949.66,1981.69,1949.35,1177127203,25445671363
2017-03-20,1948.6,1953.82,1953.82,1939.65,868877263,18157486222
2017-03-21,1953.56,1961.06,1961.64,1948.89,776056130,16992637086
2017-03-22,1952.8,1948.58,1959.71,1939.29,955136189,20104594527
2017-03-23,1951.87,1948.37,1960.34,1930.44,936195224,19885498176
2017-03-24,1948.27,1965.14,1966.42,1946.12,901171546,18801989568
2017-03-27,1964.63,1947.53,1967.11,1947.53,813726475,17835435310
2017-03-28,1946.33,1944.36,1953.24,1940.38,689333436,15400782890
2017-03-29,1945.14,1929.2,1948.72,1926.6,879245186,18819388408
2017-03-30,1924.51,1893.7,1926.53,1893.3,1045132166,21774421645
2017-03-31,1895.81,1907.34,1908.53,1895.81,748634417,16369764849
2017-04-05,1914.91,1943.16,1943.43,1914.91,1114945682,22990391645
2017-04-06,1947.09,1944.23,1951.23,1939.37,1060731769,22483319573
2017-04-07,1942.11,1946.05,1953.57,1939.32,1253915429,24369188462
2017-04-10,1940.3,1912.45,1940.3,1911.11,1434523214,28429028221
2017-04-11,1907.1,1917.63,1920.78,1887.89,1496242235,27188997399
2017-04-12,1913.78,1897.51,1915.02,1896.85,1135036745,19991038735
2017-04-13,1896.49,1910.48,1920.23,1896.49,909602566,16904612252
2017-04-14,1910.99,1887.46,1910.99,1887.35,980747043,17748948892
2017-04-17,1880.77,1868.28,1886.61,1862.36,896846047,16132764631
2017-04-18,1867.58,1848.2,1878.1,1847.2,895502456,16290382959
2017-04-19,1841.6,1845.38,1845.64,1812.39,1104925319,19621675387
2017-04-20,1843.97,1850.39,1856.73,1836.44,918991203,17793002118
2017-04-21,1849.28,1839.01,1863.58,1836.52,809853787,15883765843
2017-04-24,1832.82,1809.91,1832.82,1796.36,880170273,15991825556
2017-04-25,1809.56,1818.87,1829.26,1807.67,849436689,15085993092
2017-04-26,1812.87,1820.48,1822.12,1811.04,917656005,16757917220
2017-04-27,1815.11,1842.92,1847.93,1794.4,1464403395,24222851261
2017-04-28,1838.74,1850.73,1856.4,1834.43,1028837867,17893027512
2017-05-02,1849.21,1850.85,1855.34,1843.83,895846533,16254172571
2017-05-03,1848.71,1840.45,1854.68,1832.56,936809860,16101172040
2017-05-04,1838.71,1838.1,1858.56,1828.63,1075447522,18775046766
2017-05-05,1832.67,1818.19,1839.65,1818.19,944532961,16190138096
2017-05-08,1814.1,1788.71,1825.76,1788.71,1055752131,17929876864
2017-05-09,1780.52,1802.49,1803.21,1770.59,955677556,15782691231
2017-05-10,1801.78,1771.32,1815.83,1771.32,1018782531,16910986613
2017-05-11,1761.47,1772.41,1772.47,1727.58,1160635781,18383035031
2017-05-12,1768.31,1774.63,1774.9,1750.4,902554889,14633242941
2017-05-15,1778.18,1778.64,1788.56,1776.01,830869341,13694549871
2017-05-16,1774.39,1814.94,1814.94,1764.29,1204928494,19806904622
2017-05-17,1812.71,1822.64,1833.87,1810.21,1441005110,22499672048
2017-05-18,1807.17,1813.51,1827.79,1803.86,1148276398,18530268212
2017-05-19,1812.73,1801.08,1815.81,1793.04,867671403,14115223022
2017-05-22,1798.57,1788.08,1814.41,1779.47,933107136,14739938177
2017-05-23,1784.53,1758.23,1790.11,1757.37,1068020836,16358159436
2017-05-24,1749.16,1776.28,1776.44,1730.36,967360450,14804929981
2017-05-25,1770.65,1777.69,1785.66,1745.23,1132697645,17905764727
2017-05-26,1769.12,1759.63,1772.93,1754.77,982324706,16406548913
2017-05-31,1777.65,1763.73,1783.15,1762.08,1078203884,17590597723
2017-06-01,1757.8,1728.49,1757.89,1728.49,968655982,14483681130
2017-06-02,1721.4,1745.93,1754.21,1711.82,1039365356,15736470396
2017-06-05,1747.53,1761.25,1767.29,1747.53,1002584093,15919261227
2017-06-06,1759.29,1766.39,1773.07,1758.32,825110140,12492196329
2017-06-07,1764.96,1799.85,1802.52,1762.73,1300007819,20072809006
2017-06-08,1798.69,1794.75,1804.66,1792.1,1046717851,16359998709
2017-06-09,1793.65,1796.13,1797.64,1782.18,882881696,13708908388
2017-06-12,1787.56,1775.55,1787.56,1773.53,816923826,13029283700
2017-06-13,1773.01,1795.63,1800.2,1771.85,932835445,14480438528
2017-06-14,1794.04,1790.63,1798.2,1787.06,976444090,15239749471
2017-06-15,1788.81,1816.26,1823.42,1788.43,1546179525,22600103165
2017-06-16,1816.16,1810.05,1819.1,1809.48,1157799805,17941173783
2017-06-19,1809.51,1816.4,1817.5,1805.88,899597849,14225452547
2017-06-20,1818.69,1820.98,1833.94,1818.69,1227510271,19580664281
2017-06-21,1827.89,1824.69,1829.4,1810.04,1279554716,17836350652
2017-06-22,1821.84,1798.38,1828.8,1798.38,1205685737,18319697082
2017-06-23,1794.5,1807.43,1807.43,1776.6,1093376323,16134296925
2017-06-26,1805.88,1821.28,1821.28,1801.21,983073130,14939596110
2017-06-27,1821.37,1819.93,1830.22,1816.66,924574048,14283587108
2017-06-28,1817.42,1808.2,1818.12,1802.38,911817012,13650077262
2017-06-29,1808.3,1813.55,1822.82,1807.62,1019323864,15898842506
2017-06-30,1808.08,1818.07,1819.88,1802.61,897123460,14169328795
2017-07-03,1818.2,1835.99,1836.49,1816.03,1400424664,21464201412
2017-07-04,1833.89,1829.51,1834.24,1823.85,1221274565,19454240298
2017-07-05,1827.26,1836.63,1836.66,1820.96,1224162942,20251108734
2017-07-06,1835.81,1838.99,1844.2,1823.37,1533041227,24670410822
2017-07-07,1833.88,1835.44,1836.78,1828.72,1128894696,18711864543
2017-07-10,1831.37,1803.25,1831.37,1803.23,1239634454,19871266591
2017-07-11,1799.52,1783.91,1804.72,1783.91,1159120071,18367554636
2017-07-12,1779.9,1786.75,1788.69,1764.1,1131963878,17532474932
2017-07-13,1784.26,1778.86,1786.22,1774.78,897337805,14210635352
2017-07-14,1771.33,1745.57,1771.33,1742.22,1436027181,21739075425
2017-07-17,1730.7,1656.43,1730.7,1656.43,1707097106,23397219362
2017-07-18,1646.64,1667.49,1672.71,1641.38,1129502032,16103006083
2017-07-19,1663.16,1684.77,1685.74,1654.77,1086678204,15853666043
2017-07-20,1684.26,1688.61,1712.7,1683.11,1140287672,16792772130
2017-07-21,1688.79,1690.14,1699.67,1685.79,986538875,14498222190
2017-07-24,1685.71,1686.44,1689.38,1674.72,1024121869,14410428007
2017-07-25,1686.58,1688.09,1694.4,1680.95,1074423644,14466287059
2017-07-26,1689.48,1681.31,1692.63,1674.22,1194902125,17866433228
2017-07-27,1678.87,1742.19,1742.91,1675.3,2488760110,32998335500
2017-07-28,1740.54,1734.07,1746.54,1732.89,2003459603,28814540981
2017-07-31,1731.91,1736.3,1744.05,1725.5,1667420370,24891971261
2017-08-01,1735.91,1741.07,1742.01,1727.59,1648155731,24860861844
2017-08-02,1740.39,1724.83,1744.3,1723.23,1619457530,24019817232
2017-08-03,1723.03,1733.12,1757.76,1716.53,1940498983,27351281981
2017-08-04,1731.03,1719.62,1734.18,1718.91,1580238028,21949865138
2017-08-07,1722.24,1732.43,1743.62,1720.99,1360553405,19050002454
2017-08-08,1731.73,1762.42,1762.44,1728.59,1850632401,26704504034
2017-08-09,1756.5,1763.05,1770.75,1751.83,1798280907,26794241021
2017-08-10,1761.43,1753.67,1777.19,1741.4,1675499100,24698349889
2017-08-11,1741.99,1742.14,1763.91,1738.14,1682688496,24414005925
2017-08-14,1745.01,1793.48,1794.07,1745.01,2072737586,31293417421
2017-08-15,1796.24,1798.57,1803.19,1785.62,1741150770,26920298191
2017-08-16,1797.05,1825.19,1835.62,1792.72,2703545858,39405522919
2017-08-17,1819.43,1833.4,1845.24,1816.14,2384019250,36452709360
2017-08-18,1822.07,1821.8,1835.67,1817.64,1823481952,27372034047
2017-08-21,1823.37,1829.22,1834.66,1818.86,1681845650,24867732560
2017-08-22,1829.4,1814.91,1831.66,1811.97,1707649521,26234212345
2017-08-23,1813.43,1807.37,1818.65,1801.15,1500036906,22768644881
2017-08-24,1807.85,1795.74,1812.08,1792.7,1342294487,20050759464
2017-08-25,1794.7,1812.88,1814.54,1794.7,1377372115,20509574398
2017-08-28,1815.84,1842.83,1856.21,1815.84,2130398816,33596596931
2017-08-29,1842.15,1831.59,1850.82,1828.54,1577742941,24167248732
2017-08-30,1830.7,1838.63,1849.24,1830.55,1377078825,22192552584
2017-08-31,1841.0,1849.38,1850.81,1839.81,1358343776,22081452993
2017-09-01,1850.02,1865.25,1865.82,1840.52,1858590793,29459303556
2017-09-04,1863.02,1883.62,1888.98,1858.39,2224299088,35046796474
2017-09-05,1881.67,1885.16,1891.79,1873.16,2012378371,32264934929
2017-09-06,1880.7,1902.86,1902.86,1877.27,2263568021,37297156439
2017-09-07,1904.54,1890.38,1917.96,1889.33,2654169474,45636072410
2017-09-08,1888.39,1885.27,1895.86,1872.91,1813896841,30401652951
2017-09-11,1883.65,1896.38,1896.38,1880.14,1726917689,30497159917
2017-09-12,1897.52,1884.48,1904.3,1882.57,2278270260,39463845031
2017-09-13,1884.54,1888.43,1888.44,1874.87,1680455633,27132989334
2017-09-14,1887.36,1879.25,1892.99,1874.22,1609142205,26069092112
2017-09-15,1877.17,1875.63,1882.53,1869.63,1613209113,26054738530
2017-09-18,1874.45,1894.8,1894.81,1873.97,1518168819,24566621672
2017-09-19,1896.62,1880.3,1901.27,1877.14,1571648467,25947440731
2017-09-20,1878.57,1892.67,1892.67,1876.68,1473208219,23294144718
2017-09-21,1892.95,1872.77,1898.21,1872.65,1543880742,24581515928
2017-09-22,1869.11,1866.42,1871.24,1854.94,1357118918,21149740021
2017-09-25,1864.86,1843.62,1869.38,1841.36,1269911846,20167516743
2017-09-26,1840.48,1839.45,1848.14,1826.92,1091399065,17300799659
2017-09-27,1840.16,1854.94,1857.33,1840.16,1155519998,18341002512
2017-09-28,1853.38,1854.73,1864.25,1852.46,1324684739,19767603411
2017-09-29,1858.06,1866.98,1866.98,1856.87,1314492751,19788049170
2017-10-09,1889.89,1889.84,1894.91,1880.39,1699083420,27202592883
2017-10-10,1890.66,1917.46,1917.46,1887.47,1961012156,30822726946
2017-10-11,1918.35,1901.55,1924.0,1899.96,1860197428,29168515691
2017-10-12,1900.87,1899.99,1909.48,1889.44,1400664539,22781909440
2017-10-13,1901.17,1926.07,1927.02,1898.34,1649939558,29260904853
2017-10-16,1920.94,1882.69,1921.64,1882.69,2020754835,32065526067
2017-10-17,1876.69,1876.99,1888.62,1868.92,1211952328,19980509714
2017-10-18,1878.29,1868.16,1890.32,1867.83,1303238635,21542354030
2017-10-19,1865.93,1862.61,1876.67,1855.36,1254925382,19024982017
2017-10-20,1858.62,1880.21,1880.21,1856.1,1054229902,17686726179
2017-10-23,1881.41,1898.76,1900.38,1878.34,1186565952,19610436959
2017-10-24,1895.44,1901.69,1901.69,1882.68,1256381289,20385418696
2017-10-25,1898.63,1913.26,1913.26,1893.94,1146283464,18153136199
2017-10-26,1911.85,1910.72,1918.79,1902.27,1430876680,23270403486
2017-10-27,1909.57,1896.22,1910.93,1895.26,1175757410,18893535261
2017-10-30,1894.86,1855.99,1902.05,1848.04,1696989057,26096960781
2017-10-31,1855.94,1869.79,1869.79,1855.23,1132921821,17858404780
2017-11-01,1867.99,1872.75,1881.49,1866.52,1223092792,19653377309
2017-11-02,1869.72,1847.57,1869.72,1847.41,1291124466,20169595677
2017-11-03,1843.8,1832.97,1856.22,1825.29,1266586718,19729861297
2017-11-06,1831.9,1850.3,1850.3,1818.41,1174901339,19190411083
2017-11-07,1849.32,1859.07,1859.11,1843.92,1350249824,22167363543
2017-11-08,1858.64,1866.14,1881.05,1856.39,1716589653,27571368668
2017-11-09,1864.25,1884.11,1884.11,1858.73,1546383548,24064525882
2017-11-10,1882.72,1900.63,1905.06,1882.28,1630856612,26818514437
2017-11-13,1904.58,1906.44,1911.17,1895.87,1619512289,27204234293
2017-11-14,1908.04,1896.72,1912.49,1888.86,1665116060,27160020514
2017-11-15,1892.65,1868.08,1894.61,1861.59,1412636465,23446874692
2017-11-16,1865.72,1878.26,1883.02,1859.77,1325234118,22058589644
2017-11-17,1879.43,1833.89,1884.02,1831.01,1873153056,29936172586
2017-11-20,1819.17,1859.75,1859.75,1795.69,1422220416,22841910320
2017-11-21,1856.73,1856.96,1871.7,1844.41,1527072094,25438474177
2017-11-22,1854.58,1853.38,1867.79,1837.3,1633881174,26480251122
2017-11-23,1848.22,1794.78,1848.22,1793.49,1539243809,24832290374
2017-11-24,1789.51,1782.66,1804.21,1782.6,1213267197,18576568144
2017-11-27,1781.22,1760.9,1794.01,1758.45,1218445091,18387143343
2017-11-28,1761.53,1793.87,1794.14,1761.53,1193350669,17788023717
2017-11-29,1793.28,1787.38,1795.51,1767.63,1195216760,18287292038
2017-11-30,1783.23,1770.3,1792.14,1765.3,1099139207,17526332948
2017-12-01,1772.04,1804.62,1808.69,1771.89,1385731145,21081612958
2017-12-04,1803.03,1797.77,1812.4,1795.13,1229802563,19112299706
2017-12-05,1794.7,1758.59,1799.88,1746.12,1298957753,19928314960
2017-12-06,1755.77,1784.32,1784.82,1744.49,1337524822,19955810210
2017-12-07,1780.97,1776.99,1791.06,1774.99,1134521287,17367620154
2017-12-08,1776.27,1792.15,1803.36,1776.27,1183250500,18170826776
2017-12-11,1800.13,1816.98,1816.98,1800.13,1353967896,20585779758
2017-12-12,1818.41,1798.69,1821.48,1798.69,1227814025,20233017310
2017-12-13,1795.47,1806.09,1806.19,1787.71,1031268729,17218761294
2017-12-14,1804.19,1794.34,1809.67,1787.67,1074166088,17052321014
2017-12-15,1793.24,1783.97,1801.41,1780.27,1174846387,18556961069
2017-12-18,1784.41,1780.64,1790.87,1773.32,1000922551,16639874028
2017-12-19,1781.81,1798.5,1802.58,1781.81,1092266120,18148827322
2017-12-20,1798.36,1782.41,1799.37,1779.68,1067530753,17211305306
2017-12-21,1776.45,1789.74,1796.58,1762.98,1189945696,19180750553
2017-12-22,1788.66,1779.34,1795.07,1778.61,1138203508,18223124173
2017-12-25,1778.96,1755.81,1780.52,1751.91,1232074709,18403153376
2017-12-26,1755.14,1758.82,1760.46,1742.26,986969621,15317811206
2017-12-27,1756.04,1745.24,1760.42,1743.77,1063324685,16593930368
2017-12-28,1742.47,1745.02,1759.1,1742.02,1109340819,16614121717
2017-12-29,1745.95,1752.65,1753.98,1741.0,1031610047,15642735414
2018-01-02,1759.02,1769.67,1770.01,1748.53,1057835972,17667839749
2018-01-03,1770.04,1795.38,1798.78,1766.34,1358770308,23708853015
2018-01-04,1790.65,1794.61,1795.25,1788.54,1129380127,20410560887
2018-01-05,1797.26,1801.42,1804.88,1795.26,1232893117,22670739852
2018-01-08,1801.18,1806.16,1806.16,1785.38,1442358483,25167876578
2018-01-09,1803.36,1803.59,1808.66,1799.42,1171244377,20472927246
2018-01-10,1803.6,1791.08,1804.73,1780.1,1284248809,22500373778
2018-01-11,1787.38,1804.23,1807.15,1776.01,1463139130,24863597761
2018-01-12,1800.89,1785.7,1802.52,1785.61,1218391470,20602016240
2018-01-15,1778.79,1732.62,1780.19,1727.01,1645613538,25930842295
2018-01-16,1729.56,1729.6,1740.85,1720.65,1331472584,22015659109
2018-01-17,1722.45,1742.03,1750.06,1697.62,1608962731,25410760153
2018-01-18,1735.46,1738.0,1754.62,1734.78,1114188507,17553593535
2018-01-19,1735.03,1728.14,1745.59,1726.53,1345378952,21963665052
2018-01-22,1726.32,1768.21,1776.18,1715.43,1891202901,30346355010
2018-01-23,1767.33,1767.83,1776.49,1760.34,1358853808,23082959807
2018-01-24,1763.69,1813.28,1817.08,1752.3,2749470267,44774741009
2018-01-25,1811.11,1810.84,1852.23,1807.52,2959538879,46192526241
2018-01-26,1809.13,1816.8,1830.55,1809.13,2020478986,31592970402
2018-01-29,1811.54,1799.77,1826.1,1791.58,2226394477,34735723839
2018-01-30,1794.33,1782.4,1808.01,1779.33,1771170739,26869541029
2018-01-31,1766.77,1735.06,1767.78,1732.98,2011389247,30368533583
2018-02-01,1735.66,1697.39,1746.55,1697.39,1902954178,28630084645
2018-02-02,1683.18,1702.43,1726.89,1676.24,1771725421,26715222491
2018-02-05,1678.19,1688.27,1698.28,1674.97,1489730902,22158856716
2018-02-06,1653.45,1598.12,1675.56,1597.89,2027177810,29407277279
2018-02-07,1632.87,1616.4,1637.78,1571.47,2270200263,31783593092
2018-02-08,1608.73,1641.43,1651.59,1608.63,1826038931,26057068472
2018-02-09,1598.47,1592.51,1629.36,1576.89,2087645978,29316049828
2018-02-12,1604.56,1648.07,1654.65,1604.56,1670387810,24556171267
2018-02-13,1657.13,1648.58,1669.08,1644.87,1491516655,23062872042
2018-02-14,1649.57,1646.77,1652.01,1633.76,1002437795,14837087755
2018-02-22,1661.56,1677.77,1679.79,1650.88,1400531539,21058909191
2018-02-23,1674.62,1668.83,1681.24,1656.95,1252009197,19167872750
2018-02-26,1683.15,1729.15,1733.71,1673.95,1992136497,31505927863
2018-02-27,1729.94,1743.54,1757.37,1728.31,2284075241,35145173008
2018-02-28,1730.15,1753.63,1773.73,1723.39,2164076306,33627712850
2018-03-01,1744.34,1789.85,1789.85,1741.03,2319276568,35260652185
2018-03-02,1777.46,1772.01,1804.25,1767.9,2072233082,32519576663
2018-03-05,1780.82,1795.69,1795.69,1768.88,1671133970,26712809313
2018-03-06,1798.04,1797.61,1810.26,1790.54,1953134524,31983007630
2018-03-07,1795.17,1785.27,1800.45,1780.3,1582019949,24795584734
2018-03-08,1783.1,1793.22,1795.82,1781.46,1391903853,22716800808
2018-03-09,1794.25,1856.45,1858.03,1793.92,2795514742,43628201555
2018-03-12,1872.03,1882.41,1901.15,1872.03,2785597504,46815198308
2018-03-13,1879.63,1872.68,1896.5,1863.16,2197160499,37046306375
2018-03-14,1863.57,1841.29,1874.15,1840.35,1768239605,30207200518
2018-03-15,1833.77,1848.71,1848.71,1812.48,1811071838,29622752971
2018-03-16,1847.18,1821.32,1857.15,1821.32,1779726632,29199887831
2018-03-19,1822.6,1842.92,1860.2,1818.62,1923505884,31472233715
2018-03-20,1828.01,1864.62,1867.46,1825.67,1773914721,29997277900
2018-03-21,1866.81,1829.91,1877.13,1829.91,2064826954,34531470574
2018-03-22,1830.56,1817.23,1841.4,1814.69,1800513819,28588172379
2018-03-23,1751.74,1726.02,1792.23,1710.4,2692857868,41229041592
2018-03-26,1704.36,1780.61,1781.84,1693.73,2154104374,34053005016
2018-03-27,1799.15,1844.69,1846.54,1797.09,2696123074,43931110643
2018-03-28,1819.66,1835.15,1856.88,1816.44,2439210778,39953772553
2018-03-29,1843.44,1842.19,1857.33,1825.97,2052822817,34133240143
2018-03-30,1850.2,1900.48,1900.96,1849.25,2623402080,43964932657
2018-04-02,1911.57,1900.26,1918.22,1891.96,2541285443,46471225585
2018-04-03,1869.87,1872.47,1886.97,1850.01,2100034078,36898835496
2018-04-04,1880.33,1836.81,1887.11,1834.67,1874506458,31731756968
2018-04-09,1830.88,1841.65,1862.97,1819.09,1762295881,29258623308
2018-04-10,1838.88,1835.52,1842.22,1811.35,1908926038,31565172317
2018-04-11,1840.09,1834.63,1857.92,1832.42,1701466291,28635892943
2018-04-12,1830.91,1826.89,1848.63,1826.69,1378586349,23865489630
2018-04-13,1840.87,1824.59,1848.92,1822.66,1406920919,23789671032
2018-04-16,1818.25,1838.71,1852.08,1816.32,1913073491,31883517873
2018-04-17,1843.75,1783.74,1849.69,1783.74,2005464903,33639826302
2018-04-18,1793.83,1822.26,1832.99,1757.39,2285632761,38338720337
2018-04-19,1815.45,1820.28,1839.13,1812.93,1885637415,31146652619
2018-04-20,1813.75,1782.81,1830.73,1781.21,2051774839,32109180604
2018-04-23,1784.15,1753.05,1794.68,1729.9,1922656778,29990602730
2018-04-24,1753.64,1806.86,1806.9,1749.18,1916645059,30267082127
2018-04-25,1798.0,1819.41,1825.23,1795.79,1757746671,30015513290
2018-04-26,1818.69,1781.28,1819.43,1780.62,1573744052,26133443619
2018-04-27,1790.3,1805.6,1813.57,1779.17,1698916824,28471504401
2018-05-02,1814.63,1801.57,1833.27,1788.01,1586557158,26718354315
2018-05-03,1797.12,1826.79,1827.77,1767.6,1832090712,29913567055
2018-05-04,1821.02,1814.86,1832.96,1812.07,1402563466,23867269139
2018-05-07,1819.66,1852.34,1854.3,1819.02,1615971154,27656118212
2018-05-08,1852.69,1856.87,1857.95,1842.63,1537529590,26284139585
2018-05-09,1853.83,1855.81,1861.94,1845.9,1331509949,22711778571
2018-05-10,1857.98,1865.36,1866.82,1846.11,1512740325,26276147294
2018-05-11,1866.93,1834.78,1870.0,1834.78,1577149465,27317335235
2018-05-14,1835.7,1830.98,1844.65,1825.69,1666584955,28471654881
2018-05-15,1830.84,1858.01,1858.99,1825.51,1536283524,25981037334
2018-05-16,1850.01,1846.67,1862.29,1845.09,1339153351,24261337353
2018-05-17,1845.28,1831.2,1851.12,1826.23,1098000805,19116438920
2018-05-18,1829.06,1836.75,1839.0,1812.66,1210633820,20691469610
2018-05-21,1845.76,1862.48,1870.57,1845.76,1681540082,28683693307
2018-05-22,1860.63,1876.0,1876.16,1858.11,1460256672,24605985112
2018-05-23,1869.5,1845.97,1876.2,1845.81,1457002518,24772467439
2018-05-24,1847.81,1838.4,1855.99,1837.44,1360751116,22051259001
2018-05-25,1835.41,1804.55,1841.64,1804.55,1611161056,25162324390
2018-05-28,1804.78,1796.91,1815.22,1788.04,1409309000,23059071850
2018-05-29,1795.72,1773.65,1815.2,1773.62,1383093954,23269234376
2018-05-30,1744.24,1726.22,1758.87,1724.28,1660598732,25816809470
2018-05-31,1741.33,1743.74,1748.53,1714.85,1412085125,22141861082
2018-06-01,1734.35,1709.55,1744.01,1699.68,1217432998,19237579477
2018-06-04,1709.57,1702.93,1715.41,1690.99,1235591374,19141685520
2018-06-05,1702.37,1746.11,1747.75,1702.37,1369594684,21571902285
2018-06-06,1744.17,1743.25,1751.97,1735.37,1319636607,21473439189
2018-06-07,1747.93,1730.38,1750.51,1728.06,1236865119,18712528286
2018-06-08,1726.3,1711.52,1727.49,1698.25,1229279018,18678839172
2018-06-11,1707.14,1688.62,1708.2,1684.31,1085521458,17212631982
2018-06-12,1692.67,1712.77,1715.66,1681.0,1175362264,18155996737
2018-06-13,1711.53,1685.89,1711.53,1685.89,1106325685,16191811856
2018-06-14,1682.84,1673.32,1702.69,1669.38,1134642190,15477282245
2018-06-15,1673.9,1641.66,1681.89,1636.7,1291392347,17846367365
2018-06-19,1612.9,1547.14,1626.87,1532.32,1742320577,23630164609
2018-06-20,1540.61,1563.79,1577.62,1525.29,1569173338,21912800586
2018-06-21,1562.37,1521.68,1570.6,1521.56,1502062223,19891960778
2018-06-22,1514.04,1549.66,1555.72,1506.62,1298248778,16636545409
2018-06-25,1563.74,1538.57,1566.78,1537.27,1226246696,16815288658
2018-06-26,1518.5,1564.92,1570.28,1515.27,1504094451,19729732753
2018-06-27,1564.29,1546.23,1572.61,1542.52,1308420209,17239070801
2018-06-28,1544.64,1543.66,1570.9,1540.89,1363901885,18035178162
2018-06-29,1547.15,1606.71,1609.73,1547.15,1698001859,23545586006
2018-07-02,1605.21,1588.37,1614.34,1572.56,1494135379,22438523116
2018-07-03,1589.5,1607.12,1613.83,1558.0,1682416652,24987570847
2018-07-04,1595.89,1565.61,1596.0,1557.54,1381965400,20195859731
2018-07-05,1560.98,1532.68,1576.99,1532.43,1220173766,17335825657
2018-07-06,1532.05,1541.31,1571.02,1517.06,1668288963,23688068484
2018-07-09,1546.01,1581.93,1582.53,1546.01,1451100718,21839576083
2018-07-10,1583.74,1592.98,1594.0,1577.39,1343017237,20180483564
2018-07-11,1562.59,1563.01,1577.17,1540.7,1641546294,23574186864
2018-07-12,1563.79,1614.63,1620.64,1563.79,2441800341,31092940649
2018-07-13,1612.19,1618.46,1626.27,1608.6,2092974785,27165691486
2018-07-16,1614.56,1616.91,1624.33,1605.21,1807867172,24181219535
2018-07-17,1615.84,1621.63,1622.09,1597.88,1827802756,22908105091
2018-07-18,1622.29,1607.88,1635.91,1607.88,1940740550,26914926652
2018-07-19,1607.93,1590.06,1619.39,1582.97,1680265980,23287939301
2018-07-20,1589.31,1609.55,1615.06,1578.8,1702066138,24464923598
2018-07-23,1592.24,1620.97,1621.17,1589.64,1938332032,28356245912
2018-07-24,1615.72,1629.61,1641.97,1607.54,2201562771,32725619948
2018-07-25,1629.13,1632.32,1645.44,1626.09,1976526610,29491220498
2018-07-26,1631.45,1606.12,1635.05,1601.46,2104571232,26332668823
2018-07-27,1601.27,1594.57,1607.3,1590.43,1763314854,20907593905
2018-07-30,1593.6,1559.64,1596.73,1554.04,1551980710,20780510912
2018-07-31,1557.6,1561.26,1571.87,1551.09,1361795546,19090147548
2018-08-01,1568.12,1541.86,1580.84,1541.86,1428305799,19969993331
2018-08-02,1538.28,1510.09,1538.94,1484.48,1852091551,25160219001
2018-08-03,1512.57,1481.61,1523.24,1481.61,1254145247,17870775132
2018-08-06,1471.36,1440.8,1485.85,1434.79,1446709631,19649206911
2018-08-07,1445.62,1479.44,1482.03,1435.09,1406561210,19546132655
2018-08-08,1475.32,1447.76,1480.28,1446.81,1311515337,16896661966
2018-08-09,1443.87,1497.61,1509.87,1443.3,1691543228,22647559270
2018-08-10,1496.11,1511.71,1514.51,1496.11,1261544238,17319474725
2018-08-13,1494.32,1531.34,1534.12,1490.82,1410862303,19729046941
2018-08-14,1530.45,1518.49,1533.07,1512.16,1222823409,15419331602
2018-08-15,1518.28,1478.51,1519.71,1472.44,1431777255,17773317579
2018-08-16,1458.39,1463.87,1489.34,1449.93,1403206592,18016166783
2018-08-17,1475.89,1434.31,1480.42,1432.06,1284477364,17999311325
2018-08-20,1428.26,1435.69,1444.0,1404.19,1383166980,18929949398
2018-08-21,1435.36,1456.97,1461.38,1431.84,1300197617,18413863598
2018-08-22,1454.71,1439.55,1457.79,1437.26,1113612406,14521077795
2018-08-23,1439.66,1455.5,1463.02,1438.28,1257228971,16995676722
2018-08-24,1450.95,1450.09,1460.65,1442.81,1082602413,13959831426
2018-08-27,1455.66,1493.43,1495.68,1454.28,1523466184,20314131793
2018-08-28,1495.9,1493.11,1499.68,1485.54,1281124730,17526569195
2018-08-29,1491.78,1481.19,1491.78,1475.97,1121831765,15158194204
2018-08-30,1479.85,1457.92,1484.16,1456.24,1161295889,15020447693
2018-08-31,1450.47,1435.2,1455.51,1434.31,1057351513,13648036455
2018-09-03,1433.63,1443.69,1445.3,1416.24,1254498535,15933584593
2018-09-04,1442.28,1455.5,1461.11,1430.66,1592196273,19438471067
2018-09-05,1450.39,1430.24,1457.59,1430.24,1562975292,17646162772
2018-09-06,1424.46,1422.87,1443.56,1416.57,1359770570,16839172347
2018-09-07,1426.98,1425.23,1453.09,1415.17,1605505501,19408611554
2018-09-10,1424.01,1390.82,1427.33,1390.14,1631267747,18579374118
2018-09-11,1389.54,1395.17,1405.98,1383.13,1274519020,14223618788
2018-09-12,1394.16,1385.8,1406.4,1382.84,1220410370,15425891242
2018-09-13,1401.96,1391.28,1408.87,1369.51,1303535343,17868720718
2018-09-14,1394.09,1366.57,1396.47,1366.57,1307301526,16771837687
2018-09-17,1360.72,1349.78,1365.4,1345.58,1104774268,13377093561
2018-09-18,1348.11,1377.3,1379.38,1347.12,1240098713,14833942624
2018-09-19,1375.21,1392.4,1405.71,1369.47,1517345228,18466172451
2018-09-20,1391.25,1387.62,1400.04,1384.71,1143163127,12644803049
2018-09-21,1393.67,1411.12,1413.56,1382.4,1352616263,16218577751
2018-09-25,1401.86,1405.81,1416.78,1398.4,945297782,11839014597
2018-09-26,1409.02,1420.75,1430.12,1403.56,1297726041,16159160853
2018-09-27,1418.37,1400.36,1423.39,1399.15,1378897528,16526533381
2018-09-28,1403.96,1411.34,1412.95,1394.25,1276688875,15813568342
2018-10-08,1380.65,1353.67,1388.16,1353.23,1130482530,16046788982
2018-10-09,1357.97,1345.95,1365.83,1338.73,911374815,13745855164
2018-10-10,1350.68,1346.7,1358.49,1333.84,879457441,12610217546
2018-10-11,1299.17,1261.88,1311.84,1255.42,1514186516,19062398060
2018-10-12,1253.92,1268.41,1276.59,1230.4,1447821772,16954834728
2018-10-15,1268.88,1250.22,1282.29,1249.2,1120521825,14453686324
2018-10-16,1249.56,1216.69,1252.04,1210.1,1163990171,14260437959
2018-10-17,1231.0,1231.86,1237.77,1204.08,1547069788,18986479341
2018-10-18,1220.29,1205.03,1230.13,1205.03,1407815085,16795614463
2018-10-19,1186.49,1249.89,1252.69,1184.91,1617051685,20502726919
2018-10-22,1270.5,1314.94,1329.55,1270.49,2226871691,29566899860
2018-10-23,1313.68,1292.06,1321.97,1281.11,1699877402,21851935953
2018-10-24,1285.86,1284.1,1303.23,1277.59,1408523890,19185181225
2018-10-25,1245.3,1273.6,1279.94,1239.59,1368133962,18405404631
2018-10-26,1283.07,1263.19,1290.57,1257.5,1272133924,16426795140
2018-10-29,1262.54,1250.48,1271.35,1245.15,1216009642,15294874800
2018-10-30,1248.67,1259.95,1279.04,1222.62,1562586718,19701987065
2018-10-31,1263.34,1275.57,1287.35,1259.66,1283198637,16441627400
2018-11-01,1291.88,1286.33,1312.77,1286.33,1844154326,22768668448
2018-11-02,1328.46,1348.28,1349.43,1320.74,2272586325,28858133924
2018-11-05,1347.47,1348.88,1371.43,1325.02,2085891101,26388071562
2018-11-06,1346.53,1349.11,1350.82,1327.4,1450152948,18708227557
2018-11-07,1349.62,1345.77,1367.27,1345.2,1552992345,21307768430
2018-11-08,1357.89,1329.59,1359.29,1328.99,1317648347,17697097909
2018-11-09,1321.33,1322.83,1337.39,1318.21,1129917582,14362850031
2018-11-12,1322.87,1368.79,1370.87,1320.52,1812123618,23218365040
2018-11-13,1356.62,1392.05,1400.87,1353.63,2408650068,28750282525
2018-11-14,1388.23,1385.73,1401.43,1382.79,1783871697,21272732682
2018-11-15,1382.34,1405.25,1405.39,1381.29,1719536631,22008266345
2018-11-16,1406.73,1403.28,1415.38,1390.81,1858064081,25162695936
2018-11-19,1399.0,1394.4,1403.94,1380.6,1572095609,19641758199
2018-11-20,1384.18,1355.33,1385.96,1352.73,1587721888,20358543157
2018-11-21,1344.4,1363.03,1364.76,1342.16,1391100797,18364234697
2018-11-22,1365.48,1353.92,1371.39,1349.99,1125724604,14365161781
2018-11-23,1355.17,1308.74,1355.17,1306.56,1597108135,19072644550
2018-11-26,1309.47,1304.56,1316.47,1296.03,1008320857,12730134215
2018-11-27,1314.09,1315.43,1322.41,1307.2,1113137950,14327080855
2018-11-28,1314.53,1341.08,1341.51,1305.02,1517074241,18312094135
2018-11-29,1347.74,1312.72,1351.98,1312.72,1402413187,17796365025
2018-11-30,1309.89,1329.39,1332.93,1304.66,1148950700,14652556875
2018-12-03,1365.9,1372.79,1380.82,1358.1,1979124050,25573766058
2018-12-04,1370.29,1378.75,1378.99,1366.49,1351749466,16956602222
2018-12-05,1359.27,1381.77,1391.03,1355.7,1568463429,20028441325
2018-12-06,1371.34,1345.76,1376.32,1342.81,1480724893,19643267821
2018-12-07,1344.13,1341.02,1349.26,1334.39,1150462472,15193986769
2018-12-10,1328.06,1326.85,1340.16,1325.91,1147527185,15690475534
2018-12-11,1332.52,1338.08,1339.02,1328.44,1012681970,13131893794
2018-12-12,1343.9,1338.73,1347.74,1335.35,974564029,13316560050
2018-12-13,1341.55,1348.5,1357.02,1327.02,1240321930,16789678896
2018-12-14,1346.9,1310.46,1346.9,1309.44,1282009120,16910087992
2018-12-17,1303.88,1299.17,1306.95,1284.66,1090521310,14243867671
2018-12-18,1293.15,1293.34,1307.9,1282.96,1027290590,13262513038
2018-12-19,1295.89,1268.81,1296.86,1265.75,952093975,13195388669
2018-12-20,1266.76,1278.16,1282.11,1265.88,951737685,12713218584
2018-12-21,1274.04,1270.3,1279.5,1259.81,1007403692,13186162565
2018-12-24,1267.23,1284.33,1285.69,1263.57,908167881,12073916998
2018-12-25,1269.14,1273.45,1279.7,1243.97,1422087669,16688021848
2018-12-26,1272.24,1264.07,1280.36,1262.34,1143172218,12945618238
2018-12-27,1283.17,1248.08,1285.52,1246.79,1364186147,15872555265
2018-12-28,1248.06,1250.53,1253.84,1236.28,1305337769,15360915240
2019-01-02,1250.62,1228.77,1251.23,1226.87,1119965724,14891216035
2019-01-03,1226.74,1214.5,1240.29,1213.87,1250639625,15585872302
2019-01-04,1203.67,1245.16,1246.39,1201.8,1600107780,20204538276
2019-01-07,1250.4,1268.06,1270.36,1244.82,1536225733,19852284130
2019-01-08,1262.2,1263.51,1270.43,1258.57,1276155969,16240541428
2019-01-09,1263.73,1262.52,1285.31,1258.62,1521989570,20106809121
2019-01-10,1262.1,1258.99,1270.66,1255.74,1257527688,15790274304
2019-01-11,1260.0,1261.56,1266.67,1252.3,1200947910,14404654334
2019-01-14,1263.02,1246.0,1264.04,1243.53,1126715443,14462886573
2019-01-15,1243.93,1266.27,1267.65,1238.59,1378764352,16609792264
2019-01-16,1267.14,1267.3,1277.27,1262.27,1304552024,16183409490
2019-01-17,1267.82,1251.41,1267.82,1251.15,1195685489,14649177828
2019-01-18,1255.6,1269.5,1270.0,1248.85,1284187207,15916852862
2019-01-21,1271.39,1274.79,1283.14,1266.8,1307112048,17266460807
2019-01-22,1273.47,1252.24,1273.47,1247.45,1199686365,15132506336
2019-01-23,1250.83,1251.13,1255.41,1244.94,951969168,11853577815
2019-01-24,1252.38,1265.16,1272.49,1248.06,1386521087,17574785117
2019-01-25,1266.63,1265.49,1276.99,1261.41,1440534345,19072843183
2019-01-28,1272.37,1259.74,1279.82,1257.53,1336346907,16838305263
2019-01-29,1259.8,1243.59,1259.8,1229.48,1412263864,16813962619
2019-01-30,1238.28,1230.82,1248.96,1230.82,1253037842,15511805560
2019-01-31,1231.0,1227.99,1243.59,1220.95,1516304829,17322471328
2019-02-01,1233.38,1271.27,1272.19,1233.38,1566379186,19698564435
2019-02-11,1275.22,1316.1,1319.18,1274.73,1718403682,23211130331
2019-02-12,1316.91,1332.27,1336.14,1314.91,1744345114,22549770043
2019-02-13,1335.16,1357.67,1362.64,1333.11,2306498321,30141292638
2019-02-14,1357.78,1361.94,1369.78,1349.47,1824129023,24304332308
2019-02-15,1360.76,1357.84,1371.96,1355.78,1916260139,24309809734
2019-02-18,1364.94,1413.6,1413.77,1364.94,2464889860,32001114324
2019-02-19,1419.04,1406.04,1427.14,1391.57,2663049066,34721698831
2019-02-20,1406.99,1408.38,1417.89,1387.9,1889053286,25129774387
2019-02-21,1405.52,1412.54,1452.39,1401.77,2864154153,38369419085
2019-02-22,1409.86,1456.3,1456.3,1407.29,2819915628,38841170208
2019-02-25,1487.3,1536.37,1538.16,1481.17,4155440714,58044096327
2019-02-26,1549.24,1546.99,1581.83,1532.44,4746913936,71601249350
2019-02-27,1544.16,1520.42,1555.59,1503.68,3581990739,52323357315
2019-02-28,1522.63,1535.68,1549.33,1519.76,2881498687,42535933661
2019-03-01,1558.9,1567.87,1568.32,1532.45,2873097839,45194091299
2019-03-04,1596.55,1619.71,1651.01,1593.26,4451048475,68492044674
2019-03-05,1615.59,1676.57,1676.57,1613.5,4195913377,58744017530
2019-03-06,1684.97,1700.5,1704.1,1661.01,4669343890,67145885979
2019-03-07,1699.6,1692.42,1719.15,1666.37,4648215099,68836953366
2019-03-08,1647.85,1654.49,1718.38,1635.45,5293134912,79390601731
2019-03-11,1673.4,1727.8,1728.33,1656.14,4296386516,65132437627
2019-03-12,1733.43,1773.43,1789.16,1733.43,5336043243,81788130354
2019-03-13,1769.55,1693.86,1769.55,1682.36,4207229180,64972151814
2019-03-14,1676.61,1650.19,1700.52,1628.63,3462818664,53483330956
2019-03-15,1667.78,1662.62,1685.08,1642.7,2690304455,42418023978
2019-03-18,1671.28,1707.06,1707.06,1652.88,2713544749,44690819040
2019-03-19,1706.19,1708.87,1730.35,1693.54,2755033339,41987923150
2019-03-20,1701.73,1687.9,1705.59,1654.3,2821429903,44212600776
2019-03-21,1683.55,1703.85,1716.45,1677.65,3406004301,50064430694
2019-03-22,1703.97,1693.87,1703.97,1660.33,2621014874,39885799820
2019-03-25,1662.76,1668.84,1695.09,1658.45,2523412138,39800837772
2019-03-26,1680.78,1630.19,1684.36,1627.23,2632403700,39742803913
2019-03-27,1640.21,1637.77,1645.56,1616.6,2097768399,32960984699
2019-03-28,1632.04,1626.82,1659.94,1624.01,1986198841,31032510106
2019-03-29,1633.38,1693.55,1693.55,1628.74,2673010554,43559992038
2019-04-01,1710.16,1760.89,1766.37,1710.16,3297598800,54379912413
2019-04-02,1771.69,1754.16,1774.98,1747.44,3421930538,57411298051
2019-04-03,1743.99,1768.18,1769.76,1739.14,2910752458,47024012735
2019-04-04,1780.28,1777.26,1784.47,1761.05,3021870674,50158877473
2019-04-08,1787.96,1739.66,1792.03,1720.0,3214009232,53299390650
2019-04-09,1734.18,1741.17,1753.52,1721.32,2520695269,39266160617
2019-04-10,1727.97,1726.64,1740.85,1714.64,3024751956,45693627859
2019-04-11,1727.22,1691.1,1732.61,1688.1,2507135644,38553401428
2019-04-12,1692.43,1695.73,1702.35,1683.29,1954778643,30108254187
2019-04-15,1721.64,1666.9,1726.2,1666.65,2258654298,36978279795
2019-04-16,1656.76,1697.53,1697.53,1638.3,2531516116,40799016852
2019-04-17,1699.19,1717.44,1729.21,1697.97,2780907557,44848951011
2019-04-18,1715.18,1704.55,1719.96,1702.93,2172560687,32852573589
2019-04-19,1704.72,1715.8,1715.8,1692.49,2260496317,31915894644
2019-04-22,1720.78,1697.51,1723.56,1690.64,2390695084,35481990017
2019-04-23,1695.27,1683.8,1706.08,1677.73,2042428505,30949667664
2019-04-24,1690.28,1718.85,1721.42,1676.64,2279873426,33187314995
2019-04-25,1709.83,1669.98,1723.66,1669.24,2515987089,36712262875
2019-04-26,1664.04,1657.82,1682.46,1653.69,2191429950,31833733624
2019-04-29,1658.19,1615.62,1661.06,1611.22,2490955115,36345282716
2019-04-30,1612.11,1623.78,1634.71,1608.72,1790732571,25723226875
2019-05-06,1551.72,1494.89,1563.61,1487.45,2505222151,34332417904
2019-05-07,1506.97,1504.16,1523.66,1474.5,1987905002,28427635127
2019-05-08,1469.24,1481.87,1515.16,1465.09,1669255506,23810502614
2019-05-09,1470.98,1469.48,1491.38,1466.97,1480617671,20878754948
2019-05-10,1489.19,1533.87,1535.16,1463.19,2277145974,32554219332
2019-05-13,1513.96,1503.06,1523.88,1494.48,1538449729,22082617744
2019-05-14,1492.9,1494.6,1517.67,1491.44,1482727135,21512447460
2019-05-15,1509.45,1528.69,1533.73,1503.67,1618425669,23464872152
2019-05-16,1528.63,1533.67,1537.59,1515.61,1565212698,23170776813
2019-05-17,1537.45,1478.75,1537.45,1472.46,1931565014,26680255632
2019-05-20,1478.2,1469.31,1481.19,1450.28,1656475710,23594738496
2019-05-21,1469.97,1493.72,1504.21,1465.88,1507821101,22002260991
2019-05-22,1493.66,1488.63,1503.81,1477.46,1477377113,19908442284
2019-05-23,1486.95,1451.24,1486.95,1449.14,1612039626,22090930479
2019-05-24,1452.04,1443.75,1465.24,1437.93,1493425944,18788274974
2019-05-27,1447.98,1491.95,1496.79,1445.79,1830725667,25251559083
2019-05-28,1497.12,1505.16,1506.78,1483.76,1604371583,24037003974
2019-05-29,1492.58,1497.89,1507.18,1488.04,1260589297,17295026991
2019-05-30,1494.35,1485.24,1495.24,1466.83,1346566598,18352747467
2019-05-31,1487.28,1483.66,1498.24,1474.53,1269998786,16772647314
2019-06-03,1489.43,1468.98,1499.01,1466.27,1433263132,19524708808
2019-06-04,1467.59,1456.27,1476.21,1448.0,1243049343,17142816062
2019-06-05,1471.95,1451.18,1475.54,1448.99,1242446435,18524460176
2019-06-06,1450.1,1416.06,1450.1,1411.61,1330965733,18310262885
2019-06-10,1422.34,1431.34,1441.17,1410.57,1225787238,17417459676
2019-06-11,1432.95,1487.35,1488.93,1430.09,1933549624,27522784454
2019-06-12,1481.42,1473.9,1486.6,1467.54,1462055469,20864318659
2019-06-13,1474.55,1479.83,1485.72,1464.84,1458632724,19881359747
2019-06-14,1478.53,1453.96,1489.47,1451.66,1601638012,22295289982
2019-06-17,1450.56,1442.35,1459.21,1437.14,996882243,16742873848
2019-06-18,1443.65,1455.75,1460.19,1437.04,907548344,14807750166
2019-06-19,1501.25,1469.99,1504.41,1469.59,1687878540,26746054273
2019-06-20,1469.81,1498.01,1507.62,1463.82,1862820150,28602278833
2019-06-21,1531.39,1523.81,1534.49,1515.91,2278350255,34309518155
2019-06-24,1526.7,1514.46,1526.7,1507.69,1528891703,23627893510
2019-06-25,1512.93,1498.47,1512.93,1480.27,1426791663,22661818191
2019-06-26,1490.56,1504.55,1511.53,1487.75,1206037469,20446912450
2019-06-27,1510.09,1525.24,1529.72,1507.97,1489811204,24286829110
2019-06-28,1523.79,1511.51,1523.79,1501.63,1198226061,18609056265
2019-07-01,1545.06,1568.16,1568.4,1534.56,2099443183,34738932861
2019-07-02,1565.99,1570.51,1577.03,1560.6,1525109064,27108912208
2019-07-03,1566.3,1544.36,1566.3,1538.37,1384245004,25126109700
2019-07-04,1548.56,1532.74,1551.14,1525.29,1283241921,20600862639
2019-07-05,1535.48,1547.74,1551.94,1532.86,1103542634,18274799637
2019-07-08,1547.6,1506.66,1547.6,1495.23,1527489068,23737991926
2019-07-09,1507.39,1517.79,1521.71,1501.74,1119685847,18338726791
2019-07-10,1521.95,1510.43,1523.81,1504.66,1014447887,17340216005
2019-07-11,1522.81,1514.2,1531.64,1507.7,1073652252,17132852427
2019-07-12,1517.04,1518.07,1525.69,1506.7,1155587832,17572185267
2019-07-15,1512.77,1547.47,1556.05,1496.81,1939782843,30105566850
2019-07-16,1545.34,1545.27,1551.99,1538.62,1301543615,21711919777
2019-07-17,1544.42,1550.22,1563.05,1541.37,1415777269,22787479227
2019-07-18,1542.43,1524.48,1542.66,1524.48,1283249620,19624896007
2019-07-19,1532.38,1541.98,1552.74,1532.38,1223597442,19503264566
2019-07-22,1545.91,1515.97,1545.93,1511.52,1328312921,20654857035
2019-07-23,1519.63,1534.93,1535.04,1516.86,1097513362,18521070910
2019-07-24,1539.23,1553.72,1562.13,1538.67,1546811899,24657034329
2019-07-25,1552.85,1566.08,1567.33,1549.49,1395325027,22770099067
2019-07-26,1562.2,1561.86,1565.44,1552.39,1165192333,19459318971
2019-07-29,1561.27,1566.52,1566.74,1556.38,1278895342,19897123845
2019-07-30,1568.16,1580.13,1593.69,1566.6,1609186687,24956745420
2019-07-31,1577.2,1570.39,1578.75,1567.99,1167246202,19264247352
2019-08-01,1562.53,1573.87,1578.86,1561.2,1208967550,21360909643
2019-08-02,1539.92,1556.74,1559.12,1536.4,1538792044,24638265228
2019-08-05,1552.35,1531.37,1566.73,1531.37,1517197506,24318906786
2019-08-06,1501.4,1507.91,1517.68,1478.54,1821845997,26850477964
2019-08-07,1520.58,1500.25,1523.62,1500.07,1225092606,19986182610
2019-08-08,1512.27,1522.97,1526.18,1511.34,1152226651,20879334600
2019-08-09,1532.98,1507.71,1536.25,1504.89,1294856248,22525103466
2019-08-12,1511.32,1539.91,1539.91,1506.68,1419979093,22638787675
2019-08-13,1526.08,1524.36,1535.98,1519.01,1316638951,20348330524
2019-08-14,1546.21,1536.66,1551.44,1534.85,1700757265,26313321872
2019-08-15,1507.95,1555.77,1556.01,1505.43,1841350532,25675472101
2019-08-16,1554.72,1567.99,1584.38,1553.82,2092045132,31498355612
2019-08-19,1586.01,1622.84,1622.84,1581.71,2923584033,45543104575
2019-08-20,1624.8,1611.59,1630.32,1607.4,2295317436,35755787298
2019-08-21,1614.3,1609.83,1616.08,1605.4,1807264690,27559674004
2019-08-22,1614.13,1613.46,1615.61,1599.31,1738327335,25955041682
2019-08-23,1614.54,1615.56,1623.19,1605.01,1799256765,30769353618
2019-08-26,1588.55,1600.8,1608.2,1587.9,1786581221,29497324462
2019-08-27,1611.9,1628.12,1646.87,1610.0,2199539271,36165057433
2019-08-28,1629.99,1625.19,1632.69,1617.25,1678592944,27767252614
2019-08-29,1625.96,1620.86,1632.96,1615.57,1632490032,25581996529
2019-08-30,1630.05,1610.9,1637.26,1600.45,2144362248,34172136749
2019-09-02,1614.03,1652.29,1655.42,1610.81,2236915427,37064468232
2019-09-03,1656.05,1660.43,1662.38,1646.92,2397839682,38580913117
2019-09-04,1656.59,1669.41,1669.41,1650.03,2386949958,37769734303
2019-09-05,1682.44,1689.05,1708.97,1682.44,3277137290,52060840354
2019-09-06,1699.66,1692.24,1700.19,1674.67,2514875742,41730617698
2019-09-09,1702.99,1733.23,1733.23,1691.94,3128306238,52574772143
2019-09-10,1733.63,1725.31,1734.97,1715.75,2766981431,46364199879
2019-09-11,1730.35,1703.54,1736.18,1700.91,2196267045,39785067661
2019-09-12,1713.59,1710.57,1715.33,1695.29,1843372542,31747575702
2019-09-16,1715.92,1714.37,1723.11,1703.38,2112005425,34735477631
2019-09-17,1710.77,1677.99,1710.77,1671.07,2204537697,35021268670
2019-09-18,1683.15,1679.31,1687.11,1668.66,1838804780,30615089397
2019-09-19,1684.93,1705.6,1706.86,1676.5,1891873581,32622898957
2019-09-20,1709.23,1705.05,1716.84,1701.4,2007309529,36278742215
2019-09-23,1699.34,1684.32,1699.34,1669.89,2038691162,34545849423
2019-09-24,1685.12,1694.6,1706.82,1678.18,2275702194,41502287258
2019-09-25,1686.19,1672.65,1689.23,1670.68,2216677026,37820228022
2019-09-26,1677.79,1623.79,1680.93,1623.65,2208876592,37694371973
2019-09-27,1628.14,1647.53,1653.06,1624.75,1921791317,28595212498
2019-09-30,1648.9,1627.55,1651.87,1626.05,1677567094,25626209080
2019-10-08,1631.92,1616.58,1638.72,1615.16,1709799262,27635027342
2019-10-09,1613.02,1622.41,1623.18,1601.81,1543542004,25592779741
2019-10-10,1632.22,1666.97,1668.17,1627.43,1932303025,34704408498
2019-10-11,1667.95,1666.83,1675.74,1654.56,2122630689,35374380979
2019-10-14,1678.79,1679.38,1690.94,1671.09,2320545401,36865120938
2019-10-15,1676.24,1660.89,1676.24,1659.11,2369762234,36997852174
2019-10-16,1661.0,1656.37,1671.77,1655.3,2004980791,35172143650
2019-10-17,1657.93,1658.26,1664.1,1652.43,1674119438,29165342854
2019-10-18,1662.61,1648.63,1674.92,1644.27,1888602931,31207812620
2019-10-21,1651.29,1644.51,1651.29,1628.93,1608064524,27881214014
2019-10-22,1649.76,1666.87,1667.21,1647.31,1655561307,27290210446
2019-10-23,1668.71,1650.29,1672.43,1646.99,1416384121,23820557875
2019-10-24,1650.79,1653.86,1658.39,1640.16,1318666167,22597049706
2019-10-25,1655.29,1675.34,1677.03,1649.14,1528271935,26655585030
2019-10-28,1687.37,1704.42,1704.78,1684.11,2631261794,42823562903
2019-10-29,1702.15,1686.58,1706.31,1686.58,2647228961,40351131594
2019-10-30,1684.6,1684.08,1689.83,1672.1,1902267813,30437363801
2019-10-31,1688.42,1671.31,1693.39,1669.33,1701868135,28818101132
2019-11-01,1667.86,1687.0,1688.71,1663.61,1572545910,27917327378
2019-11-04,1689.58,1699.92,1707.11,1689.0,1890652317,34386299451
2019-11-05,1704.06,1713.29,1718.18,1695.4,1943483829,36784549996
2019-11-06,1720.68,1703.02,1721.1,1696.79,1824793202,35892764374
2019-11-07,1698.63,1715.58,1724.37,1695.34,1770031678,31808009766
2019-11-08,1724.4,1711.22,1731.0,1709.96,2040320587,35132953398
2019-11-11,1699.17,1673.13,1700.28,1671.67,1758452535,29546073339
2019-11-12,1676.43,1671.44,1679.73,1654.91,1575560510,26898565555
2019-11-13,1673.55,1681.79,1683.63,1666.57,1368239988,25988892801
2019-11-14,1682.87,1692.58,1696.73,1681.07,1592361123,27214609075
2019-11-15,1692.08,1674.78,1695.97,1674.78,1826118385,31450242550
2019-11-18,1671.59,1682.49,1683.46,1665.11,1478682949,26125746491
2019-11-19,1685.75,1729.08,1729.16,1683.57,1945515254,35243456054
2019-11-20,1730.03,1719.66,1745.09,1717.01,2340044800,38245962707
2019-11-21,1713.44,1713.2,1726.76,1706.88,1586818529,29068698362
2019-11-22,1721.88,1679.8,1736.83,1670.93,2300221797,45225411661
2019-11-25,1682.23,1661.77,1684.45,1652.54,1718873139,32774109230
2019-11-26,1667.78,1679.08,1679.73,1659.03,1772930060,34095530695
2019-11-27,1671.15,1674.39,1686.49,1659.0,1605207293,30059551757
2019-11-28,1675.17,1673.79,1683.25,1668.16,1335138676,24309084261
2019-11-29,1670.39,1664.9,1673.23,1647.29,1406604906,27303133985
2019-12-02,1670.16,1669.54,1680.24,1665.11,1495267737,26308094581
2019-12-03,1664.79,1675.39,1675.42,1647.67,1492678994,28300080127
2019-12-04,1666.6,1673.78,1683.79,1663.93,1449958346,27409619468
2019-12-05,1681.25,1709.83,1714.08,1679.4,1930228634,38187818399
2019-12-06,1711.64,1726.8,1726.8,1707.22,1870100552,33097594311
2019-12-09,1733.48,1721.07,1734.06,1715.39,2009798259,34990622399
2019-12-10,1715.71,1734.02,1734.02,1711.01,2132680289,36035642448
2019-12-11,1730.4,1718.26,1733.74,1713.9,2008122314,33714664181
2019-12-12,1720.42,1720.99,1733.75,1716.78,2044017215,34627166909
2019-12-13,1738.56,1755.41,1757.75,1733.12,2671101904,48796844733
2019-12-16,1760.8,1780.33,1780.33,1752.01,2699507038,50612270250
2019-12-17,1782.99,1801.62,1807.95,1780.52,2895916005,54565149247
2019-12-18,1798.4,1792.42,1804.38,1787.23,2610553860,47098281759
2019-12-19,1792.71,1790.44,1797.02,1781.03,2110634827,37681890326
2019-12-20,1792.05,1771.71,1798.38,1771.71,2255720981,37777854708
2019-12-23,1763.73,1736.62,1775.01,1735.72,1930123952,35635494918
2019-12-24,1742.89,1769.87,1769.89,1742.86,1557521542,33207968961
2019-12-25,1766.22,1784.39,1787.5,1764.81,1837019716,38299296539
2019-12-26,1784.43,1793.64,1793.64,1777.7,1689867740,34806307579
2019-12-27,1795.41,1767.58,1805.19,1767.17,2375590093,46026820734
2019-12-30,1763.58,1790.24,1790.91,1749.16,2095257189,41630264596
2019-12-31,1790.8,1798.12,1804.82,1787.45,1770468732,36910441434
2020-01-02,1811.22,1832.74,1839.41,1797.54,2952278199,54721062126
2020-01-03,1836.86,1836.01,1842.56,1821.67,2475063404,48016022107
2020-01-06,1825.55,1859.92,1876.46,1824.35,3390388586,62570730114
2020-01-07,1866.26,1893.21,1893.21,1866.26,3134184345,54974931444
2020-01-08,1881.01,1862.7,1892.58,1858.28,2940459788,51012302256
2020-01-09,1884.42,1913.14,1913.78,1884.42,2814128151,52714460958
2020-01-10,1917.61,1904.19,1917.83,1894.67,2387174738,45875440498
2020-01-13,1905.4,1935.07,1935.07,1893.57,2468251502,49801564617
2020-01-14,1941.12,1922.56,1945.77,1922.13,2410886066,46864268374
2020-01-15,1920.66,1924.24,1928.69,1902.61,2290752507,43077432971
2020-01-16,1924.52,1929.96,1936.03,1917.56,2230374303,41786180887
2020-01-17,1935.3,1932.51,1949.04,1928.35,2242028980,42863177691
2020-01-20,1940.12,1982.18,1982.18,1935.83,2685545991,58672754587
2020-01-21,1979.37,1967.03,1987.66,1959.44,2704721655,56120577582
2020-01-22,1958.08,1993.9,2004.39,1928.03,2973569679,61691216855
2020-01-23,1973.33,1927.74,1996.55,1904.28,3195889692,67257830264
2020-02-03,1769.16,1795.77,1830.81,1769.16,2122940876,51434779978
2020-02-04,1786.16,1882.69,1886.8,1786.16,3653340906,73922212159
2020-02-05,1908.97,1939.62,1966.26,1901.8,3502905845,78790825976
2020-02-06,1934.98,2012.25,2014.88,1918.66,4019950661,88025742881
2020-02-07,2014.16,2015.8,2025.32,1976.79,4337129230,85535885502
2020-02-10,2019.31,2042.18,2043.68,2007.23,3949517911,80184936152
2020-02-11,2044.22,2028.44,2046.81,2015.76,2978062469,64667114321
2020-02-12,2024.38,2085.28,2086.94,2022.68,3586422173,73598202824
2020-02-13,2080.82,2064.6,2093.37,2052.57,3535035995,75185288051
2020-02-14,2063.31,2069.22,2104.01,2049.26,3278280972,73925504416
2020-02-17,2089.21,2146.18,2146.18,2089.21,3434251651,78292717347
2020-02-18,2149.3,2170.95,2170.95,2134.34,3433582595,76869585795
2020-02-19,2168.85,2139.44,2171.95,2137.41,3479301399,82015967936
2020-02-20,2151.42,2186.74,2190.5,2140.06,3595011097,84284432393
2020-02-21,2191.98,2226.64,2247.42,2189.25,4299600772,97794975607
2020-02-24,2223.19,2263.97,2271.7,2213.82,4282961490,101812234035
2020-02-25,2218.33,2287.31,2293.46,2171.68,5005419703,116633453263
2020-02-26,2248.65,2180.7,2263.07,2173.2,4835069395,104531560787
2020-02-27,2200.38,2196.71,2233.76,2163.88,4028648237,89257867659
2020-02-28,2114.32,2071.57,2155.97,2068.93,4382960651,97431898012
2020-03-02,2110.45,2135.42,2153.22,2082.97,3620842656,82036679228
2020-03-03,2190.5,2173.35,2238.73,2151.52,3885478131,89782293934
2020-03-04,2159.86,2169.44,2180.43,2122.45,3211754727,72618573561
2020-03-05,2206.08,2209.59,2216.82,2176.49,3677878950,87627163249
2020-03-06,2178.5,2192.94,2220.36,2175.01,2790377749,62882694822
2020-03-09,2151.27,2093.06,2163.73,2091.86,3519136633,77171630330
2020-03-10,2083.2,2148.81,2151.45,2052.06,3383739460,77986036464
2020-03-11,2157.93,2101.46,2162.6,2100.51,2869133583,65551533775
2020-03-12,2070.22,2045.93,2076.01,2025.91,2601893358,59807295938
2020-03-13,1937.95,2030.58,2055.33,1937.95,3130497150,69916566161
2020-03-16,2034.75,1910.77,2036.73,1902.4,3630303816,78015776079
2020-03-17,1941.2,1917.7,1955.62,1847.51,2954893449,62903449757
2020-03-18,1941.3,1887.04,1980.79,1887.04,3025419853,64792235598
2020-03-19,1898.76,1894.94,1908.69,1838.31,2871808182,62145959711
2020-03-20,1923.96,1915.05,1928.88,1878.85,2292605286,49683689592
2020-03-23,1856.3,1827.05,1884.45,1819.77,2404505322,50776001326
2020-03-24,1869.04,1876.91,1880.86,1817.55,2579939357,52657956185
2020-03-25,1924.99,1937.85,1940.07,1915.53,2739249808,59330161407
2020-03-26,1922.79,1927.28,1948.63,1914.35,2050477977,44983173340
2020-03-27,1955.87,1903.88,1957.7,1902.79,2024023097,45305098105
2020-03-30,1875.31,1860.48,1877.5,1833.01,2218769442,46979622575
2020-03-31,1876.69,1871.92,1886.27,1862.86,1657315612,38194517553
2020-04-01,1875.36,1864.8,1900.18,1862.27,1869427036,40959566953
2020-04-02,1860.08,1916.95,1916.95,1857.32,1943907557,42621845251
2020-04-03,1912.74,1906.67,1928.34,1898.79,1723039556,39289368628
2020-04-07,1944.96,1969.78,1972.87,1942.8,2111504506,48417585507
2020-04-08,1960.36,1964.76,1974.72,1956.9,2111841399,43088727077
2020-04-09,1981.24,1997.14,2001.36,1975.04,2365035601,50589477920
2020-04-10,1990.26,1949.88,1994.35,1943.69,2463160316,52929794869
2020-04-13,1929.8,1923.08,1937.33,1913.96,1801641330,37392356904
2020-04-14,1937.29,1985.43,1985.43,1934.48,2242054416,51688068814
2020-04-15,1991.6,1977.51,2002.76,1975.8,1926491965,47541687369
2020-04-16,1970.73,2008.39,2012.46,1968.25,1855063038,44241530035
2020-04-17,2025.65,2020.77,2048.28,2015.83,2375843362,58136832980
2020-04-20,2027.84,2043.44,2043.56,2022.59,2308528379,47963408537
2020-04-21,2035.77,2023.94,2035.77,1996.96,2497503226,49108192025
2020-04-22,2005.65,2043.17,2043.56,2002.96,2064065710,40547232583
2020-04-23,2053.12,2029.52,2057.85,2027.33,2125514901,45685577154
2020-04-24,2032.55,2003.75,2038.24,1997.12,2175453986,42862352677
2020-04-27,2011.16,2018.67,2035.89,1995.51,1903442589,39979394083
2020-04-28,2023.96,2030.72,2046.93,1967.4,2464481690,52024072005
2020-04-29,2022.51,2030.48,2053.38,2020.98,1883838153,39557201401
2020-04-30,2044.68,2069.43,2077.81,2043.82,2534592698,58018741085
2020-05-06,2052.39,2110.27,2111.66,2051.29,2463194304,55899351782
2020-05-07,2113.75,2106.84,2116.23,2095.74,2234882583,46771870131
2020-05-08,2117.87,2125.24,2137.79,2112.89,2252557174,49247801049
2020-05-11,2137.98,2102.83,2139.67,2088.66,2317959759,49907596502
2020-05-12,2106.22,2124.15,2125.32,2092.58,1965374562,43329647265
2020-05-13,2120.01,2140.68,2145.02,2116.55,2008572612,44535720393
2020-05-14,2131.46,2117.65,2137.14,2116.35,2177009381,44896608132
2020-05-15,2128.88,2124.31,2138.97,2109.55,2101897217,49332553170
2020-05-18,2122.31,2114.86,2137.15,2096.25,2414280058,55975365642
2020-05-19,2137.42,2144.12,2144.98,2128.89,1949641368,46943171191
2020-05-20,2149.29,2118.12,2153.24,2112.09,2088049637,53500659392
2020-05-21,2130.96,2099.43,2138.72,2092.54,1912568437,48172964211
2020-05-22,2099.42,2046.6,2099.42,2036.68,1911931964,41635519161
2020-05-25,2049.71,2052.3,2055.19,2036.0,1537083952,34160046362
2020-05-26,2070.14,2112.97,2113.29,2067.14,1855458556,43579107734
2020-05-27,2114.07,2071.47,2114.86,2064.41,1907893754,45441668445
2020-05-28,2071.17,2054.96,2075.87,2021.98,1718773451,39340820791
2020-05-29,2049.75,2086.67,2090.3,2043.95,1981674028,43742934922
2020-06-01,2105.24,2158.22,2163.35,2105.24,3071306829,62354228000
2020-06-02,2164.99,2145.29,2164.99,2132.4,2936801921,56720299020
2020-06-03,2151.5,2143.12,2165.45,2139.99,2879553498,55576997084
2020-06-04,2150.5,2151.38,2157.28,2137.35,2416114387,47825897597
2020-06-05,2152.42,2166.38,2166.38,2143.28,2153506288,42385203104
2020-06-08,2184.58,2153.56,2186.97,2147.86,2309280481,48638352417
2020-06-09,2160.34,2181.59,2186.47,2147.17,2374596891,48027550648
2020-06-10,2186.56,2201.99,2205.27,2180.35,2305820656,48056358020
2020-06-11,2202.14,2195.64,2236.08,2181.59,2924157297,64955335523
2020-06-12,2149.96,2206.76,2220.97,2147.42,3076131395,67378453410
2020-06-15,2223.43,2219.55,2256.65,2217.29,3701173468,74361274935
2020-06-16,2246.89,2260.46,2261.18,2239.34,3279145761,65274137256
2020-06-17,2265.09,2263.96,2274.49,2248.72,3211726735,63923852706
2020-06-18,2266.88,2266.03,2270.11,2243.63,3339006765,69172518064
2020-06-19,2271.65,2319.45,2328.58,2271.59,3031331202,73520795764
2020-06-22,2328.4,2342.88,2358.91,2328.4,3156066050,74560141801
2020-06-23,2344.05,2382.05,2382.33,2335.22,2971704189,71306080674
2020-06-24,2386.26,2382.47,2397.36,2367.68,2759626484,71125990496
2020-06-29,2375.99,2372.54,2387.16,2360.16,2989245007,68846204762
2020-06-30,2387.59,2438.2,2441.9,2387.59,2990940129,73110636643
2020-07-01,2449.87,2419.63,2450.84,2381.59,3121794008,78454438174
2020-07-02,2418.31,2424.39,2435.12,2397.69,3550009840,86713105364
2020-07-03,2426.3,2462.56,2467.5,2408.0,3748417884,94210879529
2020-07-06,2469.24,2529.49,2535.71,2460.13,4463032329,114719879624
2020-07-07,2548.41,2591.26,2632.81,2538.82,4734514360,124318211885
2020-07-08,2603.65,2651.97,2653.07,2577.48,3943039380,103360629512
2020-07-09,2649.45,2757.65,2771.22,2646.47,4851868765,130232323720
2020-07-10,2744.61,2778.46,2799.0,2734.97,4209456669,116493310309
2020-07-13,2789.98,2889.43,2896.31,2789.98,4245802825,124884814329
2020-07-14,2876.85,2858.67,2892.89,2789.04,4538944032,135456562222
2020-07-15,2866.24,2813.06,2894.42,2787.83,4228871751,126886684877
2020-07-16,2814.8,2646.26,2849.1,2638.17,4319650292,122336422355
2020-07-17,2659.45,2662.4,2726.28,2618.68,3553501548,98120290373
2020-07-20,2707.61,2697.3,2717.0,2619.03,3273284294,91157176649
2020-07-21,2708.13,2736.51,2745.05,2692.87,2923698352,84307986615
2020-07-22,2725.45,2769.03,2807.42,2716.45,3101828680,90026773284
2020-07-23,2740.41,2799.67,2799.67,2707.55,3526662918,103563320226
2020-07-24,2769.97,2627.84,2781.79,2614.78,3789975761,112561966765
2020-07-27,2639.26,2631.76,2671.45,2605.77,2466633767,77317567175
2020-07-28,2668.25,2666.52,2677.74,2627.65,2235959547,70817474443
2020-07-29,2659.94,2767.4,2768.17,2652.9,3122723293,87795641233
2020-07-30,2782.11,2743.63,2787.38,2734.06,3002688089,86167778338
2020-07-31,2747.41,2795.4,2817.42,2741.44,3129471121,93718918393
2020-08-03,2831.35,2868.88,2870.65,2801.11,3436478999,104284711875
2020-08-04,2863.32,2832.84,2893.4,2819.01,2925568669,95119985273
2020-08-05,2826.41,2860.24,2875.44,2803.77,2638294943,81893830470
2020-08-06,2868.82,2814.37,2868.82,2774.69,3025341657,96953791114
2020-08-07,2807.1,2749.95,2823.97,2703.13,2975356950,98303212322
2020-08-10,2735.43,2735.26,2757.43,2693.73,2501839916,81118641794
2020-08-11,2740.15,2688.7,2774.9,2686.19,2443778008,74480026576
2020-08-12,2689.58,2635.5,2694.95,2577.71,2740918710,84409301506
2020-08-13,2657.2,2622.64,2660.71,2611.14,2015606286,59180671894
2020-08-14,2624.83,2668.71,2669.48,2615.63,1870504364,55205112560
2020-08-17,2682.21,2696.39,2696.7,2652.05,2453509507,73239926764
2020-08-18,2702.42,2701.06,2724.04,2689.03,2036596220,65582374770
2020-08-19,2695.89,2612.84,2695.89,2612.84,2214611466,67469327576
2020-08-20,2592.88,2587.86,2629.29,2578.39,2168090003,59639911232
2020-08-21,2611.54,2632.45,2644.02,2607.82,2492075762,64358745900
2020-08-24,2653.63,2684.63,2704.8,2592.66,3122366677,82739016525
2020-08-25,2687.29,2701.6,2737.47,2683.19,3380721789,82802612375
2020-08-26,2701.48,2644.14,2717.8,2635.13,3196922331,81085060766
2020-08-27,2653.74,2689.17,2699.88,2637.42,3113273734,75022192915
2020-08-28,2687.23,2757.84,2762.89,2680.49,3164894180,80677306138
2020-08-31,2769.83,2728.31,2779.52,2726.68,3026541158,78885963862
2020-09-01,2721.18,2750.42,2750.42,2701.56,2466856820,65343574984
2020-09-02,2753.93,2771.85,2785.35,2731.41,4086653709,82494134135
2020-09-03,2766.98,2746.95,2789.12,2738.13,3425724604,78744324696
2020-09-04,2690.29,2732.15,2739.9,2686.87,3118832000,70663647473
2020-09-07,2728.74,2641.2,2745.61,2628.86,4231686088,92094639910
2020-09-08,2648.44,2650.63,2663.69,2612.64,4017857629,75267730622
2020-09-09,2609.13,2523.4,2609.37,2506.9,4600949691,87684872469
2020-09-10,2551.3,2483.03,2565.85,2477.67,3849374368,72217480740
2020-09-11,2474.7,2536.62,2542.13,2474.7,2740317624,57430060026
2020-09-14,2568.01,2572.6,2604.39,2548.09,3438325045,72905773180
2020-09-15,2578.69,2595.15,2599.54,2563.07,2972672083,62205339496
2020-09-16,2597.64,2554.8,2597.64,2540.02,2617810792,55226434276
2020-09-17,2551.29,2557.32,2582.26,2521.6,2607866428,61365080988
2020-09-18,2558.29,2596.08,2600.58,2537.84,2850431863,64887573624
2020-09-21,2605.55,2569.22,2607.65,2565.04,2512480067,58631503782
2020-09-22,2556.46,2555.54,2596.81,2547.36,2307652944,56143943572
2020-09-23,2563.71,2599.88,2608.42,2549.34,2239008202,61773138463
2020-09-24,2576.04,2535.87,2583.62,2535.87,2350008243,54937635715
2020-09-25,2551.44,2540.43,2570.36,2529.13,1748357227,44464097985
2020-09-28,2551.78,2521.25,2555.02,2517.04,1587532374,41096361641
2020-09-29,2538.36,2563.38,2579.27,2521.7,1716680776,47080804698
2020-09-30,2575.46,2574.76,2601.8,2561.05,1572031262,44458491970
2020-10-09,2632.59,2672.93,2679.01,2629.22,2187231019,66650107125
2020-10-12,2702.16,2777.39,2777.39,2698.76,2983812104,88371886491
2020-10-13,2769.66,2784.72,2792.97,2754.15,2502572585,72019726688
2020-10-14,2777.89,2764.24,2793.49,2759.54,2363330372,65496913799
2020-10-15,2767.17,2737.96,2770.34,2735.34,1884693658,54454336099
2020-10-16,2735.68,2724.5,2754.35,2697.25,1753784759,51096249984
2020-10-19,2750.95,2689.67,2752.76,2684.46,1928912184,52735914244
2020-10-20,2698.05,2740.58,2740.58,2686.82,2016102039,51067500346
2020-10-21,2746.73,2700.53,2746.73,2689.34,1969137149,51990609346
2020-10-22,2686.78,2673.59,2686.89,2645.75,1682554038,44413174300
2020-10-23,2680.71,2600.84,2701.46,2592.42,1731285485,47033867761
2020-10-26,2585.79,2617.74,2629.31,2555.32,1651765092,45862749423
2020-10-27,2618.7,2650.76,2656.16,2613.08,1686144348,47727197184
2020-10-28,2648.49,2670.48,2684.95,2628.47,2028315393,60125755109
2020-10-29,2635.69,2699.92,2713.88,2631.23,2217056865,65999616896
2020-10-30,2709.0,2655.86,2712.45,2647.31,2377027375,70293398294
2020-11-02,2670.52,2708.39,2721.31,2664.76,2040375215,64057737773
2020-11-03,2720.7,2744.31,2750.47,2701.07,1948345386,61258342391
2020-11-04,2747.54,2750.55,2758.42,2725.52,1757143684,55579803725
2020-11-05,2782.06,2787.88,2791.57,2744.78,2290436473,69498403656
2020-11-06,2798.55,2733.07,2798.55,2708.08,2239097001,70097718789
2020-11-09,2753.93,2814.0,2831.37,2753.93,2927719964,87524308779
2020-11-10,2811.48,2773.22,2811.48,2757.95,2584876327,79845961391
2020-11-11,2762.71,2681.52,2766.64,2681.52,2041841107,67966174870
2020-11-12,2705.76,2700.51,2721.43,2687.76,1649910239,50261410495
2020-11-13,2699.52,2706.81,2717.46,2679.09,1569243177,54215161842
2020-11-16,2716.02,2712.41,2722.52,2679.1,1615194766,54853480122
2020-11-17,2715.09,2658.09,2715.69,2626.37,1858174034,62649669736
2020-11-18,2656.89,2620.67,2680.62,2612.82,1692762067,58128060003
2020-11-19,2614.78,2645.16,2651.37,2593.83,1622647364,50283230120
2020-11-20,2649.56,2667.09,2677.13,2649.56,1515611173,46625879367
2020-11-23,2677.35,2686.36,2705.77,2653.08,2014078877,61306393173
2020-11-24,2689.8,2674.8,2700.02,2664.95,1625788921,50941284950
2020-11-25,2678.11,2615.53,2679.03,2615.53,1822568008,56455005639
2020-11-26,2616.74,2609.39,2632.87,2584.69,1522939312,45705375445
2020-11-27,2614.66,2618.99,2635.69,2594.07,1512045739,43361806424
2020-11-30,2627.87,2631.89,2653.44,2593.7,2481798541,71796418794
2020-12-01,2628.73,2698.44,2700.28,2627.45,2521407064,70600771563
2020-12-02,2697.44,2682.97,2703.25,2662.18,2182639089,62188927586
2020-12-03,2681.59,2712.52,2721.85,2670.21,1887510567,60745998729
2020-12-04,2701.37,2730.84,2736.27,2696.95,1612755768,51842709187
2020-12-07,2720.85,2726.48,2739.77,2715.93,1887437239,62999201839
2020-12-08,2736.03,2746.28,2757.34,2735.83,1616984352,53168138650
2020-12-09,2752.35,2697.83,2763.41,2693.19,1966922667,61451588392
2020-12-10,2689.21,2718.55,2734.64,2675.46,1638240584,54531427471
2020-12-11,2727.97,2687.78,2733.94,2665.1,2226004299,66933998431
2020-12-14,2695.19,2726.6,2729.07,2674.51,1579112273,63405974352
2020-12-15,2727.95,2758.85,2761.32,2720.14,1437732276,62398873164
2020-12-16,2764.34,2760.64,2771.59,2732.58,1462688601,57895433176
2020-12-17,2758.44,2785.62,2789.25,2739.16,1632860801,63189032288
2020-12-18,2787.78,2780.73,2803.11,2768.47,1404089573,58924889942
2020-12-21,2789.64,2882.44,2882.44,2783.39,1741311938,75366225211
2020-12-22,2867.21,2811.75,2888.35,2809.92,1919440802,77057853328
2020-12-23,2822.26,2842.97,2865.47,2809.79,1754104076,73124454812
2020-12-24,2838.94,2820.75,2848.34,2811.93,1599233677,59326252794
2020-12-25,2811.55,2840.8,2841.57,2793.78,1587654467,63214732459
2020-12-28,2847.12,2842.81,2861.0,2823.0,1954697581,71822537347
2020-12-29,2838.71,2813.0,2843.72,2795.65,1991085582,71540721160
2020-12-30,2828.01,2900.54,2909.19,2827.07,1779883087,77321685889
2020-12-31,2911.39,2966.26,2969.75,2909.67,2032763483,85601110094
2021-01-04,2977.32,3078.11,3094.53,2963.41,2538387899,116705887277
2021-01-05,3050.18,3097.98,3100.0,3027.76,2550422930,118508151456
2021-01-06,3113.85,3115.09,3134.76,3057.56,2303728127,102493265056
2021-01-07,3106.34,3162.4,3162.4,3086.06,2578237515,105124810123
2021-01-08,3179.37,3150.78,3194.37,3115.99,2649036797,108883268569
2021-01-11,3159.59,3092.86,3159.59,3066.74,2574880837,117882012645
2021-01-12,3079.84,3180.35,3180.35,3057.74,2510095358,106935196479
2021-01-13,3180.75,3130.3,3207.07,3100.07,2752734166,123599981932
2021-01-14,3101.96,3089.18,3142.85,3061.02,2310887153,101665079354
2021-01-15,3074.0,3089.94,3109.87,3020.78,2118689502,92172372388
2021-01-18,3078.03,3149.2,3164.58,3056.81,2039375235,87116800322
2021-01-19,3146.27,3084.49,3157.46,3074.19,2072309286,89149474186
2021-01-20,3106.35,3204.93,3204.93,3098.43,1942099855,94258148157
2021-01-21,3217.83,3283.72,3303.32,3217.83,2469505763,109843080273
2021-01-22,3282.04,3358.24,3366.69,3281.4,2593743844,121648529358
2021-01-25,3363.6,3355.24,3427.44,3333.74,2623934530,129186253498
2021-01-26,3335.44,3258.36,3335.44,3253.27,2322041718,110950809653
2021-01-27,3269.77,3281.03,3296.16,3196.09,2317723343,94169274418
2021-01-28,3219.93,3161.86,3248.02,3160.53,2481148233,97251210976
2021-01-29,3201.67,3128.86,3221.11,3070.04,2517361896,99855625605
2021-02-01,3134.79,3159.99,3189.85,3123.44,2141757740,88918709016
2021-02-02,3176.25,3228.7,3232.43,3130.76,2072192727,93888473031
2021-02-03,3245.26,3223.77,3276.23,3218.87,2229776152,97973250233
2021-02-04,3208.65,3200.55,3248.28,3155.79,2083735556,90541879324
2021-02-05,3224.85,3193.71,3256.72,3191.46,2008290115,89539459592
2021-02-08,3202.48,3278.06,3278.06,3162.59,1929879255,89778153758
2021-02-09,3291.5,3334.24,3339.97,3273.06,1970601147,89029373008
2021-02-10,3350.32,3413.81,3427.82,3314.67,1916833572,92542397379
2021-02-18,3475.89,3320.14,3476.0,3300.18,2648038537,119043735290
2021-02-19,3289.01,3285.53,3308.75,3195.95,2440388530,96563796293
2021-02-22,3278.59,3138.67,3278.59,3138.65,2943883502,112534179037
2021-02-23,3099.19,3112.36,3156.37,3090.32,2024252524,80348826542
2021-02-24,3112.72,3007.46,3125.24,2973.88,2263296367,95215635733
2021-02-25,3040.9,2977.18,3045.0,2969.03,1931219267,75491182474
2021-02-26,2907.48,2914.11,2961.03,2887.81,2119556467,80666356908
2021-03-01,2958.53,2994.75,2998.03,2935.08,2087618113,81846946536
2021-03-02,3019.1,2966.89,3023.21,2937.89,1979526112,80212454576
2021-03-03,2951.29,2997.75,2997.99,2933.83,1673213827,64993822185
2021-03-04,2962.52,2851.87,2962.52,2841.15,2122686205,86633200786
2021-03-05,2800.25,2871.97,2897.17,2800.25,1994046559,75471766205
2021-03-08,2889.08,2728.84,2905.47,2726.34,2275313992,87656710264
2021-03-09,2717.17,2633.45,2733.98,2608.24,2276311511,86086425975
2021-03-10,2708.23,2676.7,2720.25,2665.7,1858420243,71128323020
2021-03-11,2682.95,2746.58,2768.95,2677.57,1824883968,71324388284
2021-03-12,2768.58,2756.81,2771.87,2711.33,1686306812,68236840657
2021-03-15,2737.45,2644.01,2737.45,2612.45,1711612625,65378268588
2021-03-16,2664.69,2672.12,2678.92,2629.36,1482207827,54474033643
2021-03-17,2662.93,2704.14,2717.67,2631.73,1421845405,52081970985
2021-03-18,2717.27,2748.73,2760.79,2713.85,1577454917,58908731520
2021-03-19,2697.83,2671.52,2726.87,2654.0,1473232307,56978554625
2021-03-22,2683.64,2698.26,2729.1,2665.62,1372857276,53285704257
2021-03-23,2684.64,2668.08,2708.96,2641.37,1620375294,60300972608
2021-03-24,2650.37,2634.61,2678.4,2623.29,1609524730,57554188135
2021-03-25,2609.38,2656.0,2670.9,2603.94,1484666582,52328325299
2021-03-26,2672.91,2745.4,2754.3,2672.91,1651094001,66835245816
2021-03-29,2747.86,2733.96,2768.14,2716.95,1497506539,55031426256
2021-03-30,2728.49,2771.32,2779.87,2722.23,1403077280,53670076797
2021-03-31,2770.33,2758.5,2777.08,2731.22,1263453741,49337600672
2021-04-01,2766.42,2815.41,2819.41,2766.42,1307804759,49008978461
2021-04-02,2828.35,2852.23,2871.11,2820.01,1517661160,55573679025
2021-04-06,2865.44,2831.6,2871.87,2814.49,1288556565,49176767192
2021-04-07,2843.57,2807.2,2843.57,2773.67,1391971654,53176317881
2021-04-08,2793.17,2826.99,2838.94,2778.87,1339028259,48322713400
2021-04-09,2823.78,2783.33,2829.96,2772.31,1228009279,47096020911
2021-04-12,2789.78,2719.95,2813.49,2711.84,1530355079,59882410425
2021-04-13,2719.56,2742.85,2785.14,2719.56,1436153466,51703554441
2021-04-14,2753.67,2804.41,2809.16,2753.67,1313619211,50743633883
2021-04-15,2787.25,2790.64,2793.67,2761.29,1132446793,42582031537
2021-04-16,2801.74,2783.37,2802.62,2744.68,1327378373,47194307049
2021-04-19,2777.02,2898.73,2899.73,2769.65,1878459603,69743399584
2021-04-20,2880.06,2896.11,2922.03,2870.29,1627988882,60589393681
2021-04-21,2873.36,2916.97,2920.72,2867.21,1400909418,51809172424
2021-04-22,2941.3,2939.39,2950.23,2901.92,1565534663,60409964352
2021-04-23,2938.93,2994.49,3009.27,2937.94,1701504663,71260766148
2021-04-26,3019.3,2969.4,3057.12,2965.01,2044226609,88534167562
2021-04-27,2964.03,2986.03,2986.03,2946.8,1714050727,70243394242
2021-04-28,2990.7,3050.58,3052.04,2980.65,1792540304,76748170786
2021-04-29,3053.74,3051.42,3068.6,3014.55,1664798829,72770568822
2021-04-30,3040.65,3091.4,3110.16,3037.31,1660650288,76877755212
2021-05-06,3059.58,3014.81,3059.58,2961.99,1655226845,79710696106
2021-05-07,3021.87,2910.41,3026.85,2910.41,1448934237,63023233220
2021-05-10,2920.42,2921.72,2960.33,2901.08,1435007284,57270387333
2021-05-11,2898.8,2921.34,2932.48,2864.05,1299950443,52345991661
2021-05-12,2913.06,2960.36,2965.21,2887.21,1247889859,50487332922
2021-05-13,2922.73,2943.62,2967.62,2912.52,1407997692,51354247892
2021-05-14,2954.17,3033.81,3039.73,2942.98,1874592958,77911845796
2021-05-17,3049.02,3112.74,3130.2,3049.02,1930083843,84550513520
2021-05-18,3108.63,3090.12,3128.94,3068.76,1411904401,58723266800
2021-05-19,3081.22,3114.72,3128.6,3075.8,1422846944,59332787285
2021-05-20,3113.55,3143.62,3158.45,3112.56,1565064215,63259670462
2021-05-21,3162.79,3113.26,3171.9,3098.24,1631709818,70108870274
2021-05-24,3128.78,3139.69,3140.95,3075.45,1682743923,72968456986
2021-05-25,3155.27,3227.36,3232.74,3151.9,1891591527,82418680366
2021-05-26,3226.7,3196.85,3228.77,3185.77,1838375624,71605764822
2021-05-27,3192.04,3226.11,3238.45,3169.03,1808447713,69611995771
2021-05-28,3226.08,3232.29,3285.28,3215.03,1881841885,85406819317
2021-05-31,3246.15,3309.07,3309.75,3246.15,1899433882,85441186664
2021-06-01,3290.53,3300.16,3307.47,3242.9,1760017205,74500675608
2021-06-02,3309.18,3243.02,3310.49,3228.85,1692018883,72367001653
2021-06-03,3241.16,3201.78,3255.16,3201.23,1727316717,74581598048
2021-06-04,3194.39,3242.61,3281.26,3183.67,1738800375,79001352965
2021-06-07,3240.95,3228.24,3241.77,3197.91,1637533365,74786999143
2021-06-08,3227.27,3208.57,3275.78,3185.22,1822250798,71297949590
2021-06-09,3203.1469,3207.6258,3222.1837,3183.057,1540221922,58414739843
