date,open,close,high,low,volume,money
2006-01-24,1254.79,1257.13,1272.04,1248.13,421309300,2304194478
2006-01-25,1256.8,1270.83,1271.64,1254.43,394086900,2111031633
2006-02-06,1275.09,1324.32,1325.13,1275.09,462304500,2578183279
2006-02-07,1327.61,1318.64,1336.31,1302.74,529257500,3036951828
2006-02-08,1316.27,1315.31,1317.5,1301.26,332006700,1817257749
2006-02-09,1314.07,1294.59,1314.07,1291.13,291559500,1587287509
2006-02-10,1294.11,1313.82,1314.32,1292.48,329896100,1796630344
2006-02-13,1313.49,1307.68,1313.84,1294.23,322285300,1714632564
2006-02-14,1307.17,1324.83,1325.37,1304.1,266774600,1521890270
2006-02-15,1325.99,1329.16,1342.72,1325.99,326234100,1867443374
2006-02-16,1326.76,1299.13,1327.08,1298.28,383267600,2033881110
2006-02-17,1303.29,1312.57,1318.73,1300.29,325772000,1753515736
2006-02-20,1312.13,1315.29,1328.99,1309.69,444133900,3104511344
2006-02-21,1312.29,1328.25,1328.72,1299.87,356387300,2182956536
2006-02-22,1329.13,1333.88,1344.94,1323.98,376116300,2375477009
2006-02-23,1336.77,1328.35,1336.77,1314.21,282867600,1668798497
2006-02-24,1329.17,1343.83,1344.34,1329.17,295678400,1784539103
2006-02-27,1349.41,1333.81,1351.41,1330.33,314854400,1948241499
2006-02-28,1331.29,1337.27,1339.28,1315.2,233237100,1342291477
2006-03-01,1323.63,1330.65,1332.03,1321.34,263994700,1456964253
2006-03-02,1332.37,1312.57,1332.37,1307.08,389033200,2068778447
2006-03-03,1310.57,1317.52,1320.68,1302.5,278325100,1501697159
2006-03-06,1317.86,1308.26,1319.68,1306.41,267447000,1412541984
2006-03-07,1307.21,1274.47,1307.21,1271.49,329709600,1657892250
2006-03-08,1271.45,1257.34,1273.04,1242.14,291047200,1549311520
2006-03-09,1256.36,1254.58,1261.76,1250.77,205876300,974718991
2006-03-10,1256.02,1263.43,1265.13,1256.02,226948600,1168920776
2006-03-13,1263.49,1288.94,1290.17,1263.49,248361700,1194808815
2006-03-14,1289.31,1290.19,1291.95,1279.35,181853500,911099226
2006-03-15,1290.38,1308.65,1308.94,1288.01,236115800,1213875122
2006-03-16,1308.26,1312.59,1315.05,1304.39,242076100,1326794721
2006-03-17,1312.68,1302.68,1317.7,1301.47,237344800,1345438840
2006-03-20,1303.63,1323.61,1323.66,1295.99,218284800,1248684962
2006-03-21,1324.01,1328.24,1340.78,1321.19,323435800,1722829644
2006-03-22,1329.61,1345.95,1346.59,1324.42,367935400,2055548422
2006-03-23,1344.98,1342.8,1348.68,1336.98,381693100,2034320090
2006-03-24,1345.33,1338.49,1349.25,1336.5,349095100,1936198792
2006-03-27,1338.06,1362.19,1362.39,1334.12,300422394,1723722498
2006-03-28,1363.41,1379.63,1379.86,1362.07,359648000,2021960055
2006-03-29,1381.38,1392.24,1414.59,1378.38,527082400,3028028417
2006-03-30,1390.81,1377.07,1394.28,1376.29,362025300,2169110517
2006-03-31,1375.33,1389.01,1392.42,1370.04,368488400,2256491109
2006-04-03,1393.77,1420.28,1420.47,1393.77,503758900,3084276463
2006-04-04,1422.32,1425.52,1430.11,1407.3,570379500,3311626995
2006-04-05,1429.2,1442.87,1443.92,1425.43,561776300,3387847329
2006-04-06,1446.74,1453.33,1457.07,1433.23,584742100,3559650400
2006-04-07,1452.51,1451.9,1459.07,1437.5,488555500,3071854060
2006-04-10,1451.33,1461.3,1462.09,1436.25,402479300,2445396980
2006-04-11,1464.3,1477.94,1482.82,1457.44,511466700,3180698626
2006-04-12,1478.97,1459.28,1478.97,1458.21,393654600,2360447097
2006-04-13,1465.47,1440.57,1475.47,1439.32,591564200,3266577137
2006-04-14,1440.06,1481.21,1481.28,1438.68,537202100,3271098266
2006-04-17,1480.93,1486.17,1502.09,1475.01,469291700,2890711142
2006-04-18,1489.39,1505.98,1508.72,1477.34,587373900,3992772691
2006-04-19,1505.34,1517.36,1525.32,1496.91,576249000,3710785905
2006-04-20,1516.35,1515.9,1527.27,1505.19,599006800,3696206815
2006-04-21,1515.34,1521.48,1530.58,1493.14,683783700,3904500845
2006-04-24,1531.66,1488.55,1532.52,1486.92,764763700,4605070743
2006-04-25,1484.06,1500.99,1512.69,1459.46,687394000,4139662975
2006-04-26,1503.97,1511.36,1521.36,1497.72,757556500,4786594971
2006-04-27,1510.78,1506.7,1518.44,1491.14,527486800,3065506107
2006-04-28,1474.84,1503.23,1511.45,1455.89,633578300,3698102503
2006-05-08,1511.29,1568.8,1569.2,1511.29,642374100,3843373783
2006-05-09,1584.74,1611.76,1615.45,1582.51,851218700,5188270184
2006-05-10,1615.23,1620.9,1628.49,1591.0,880523900,5230718134
2006-05-11,1619.1,1584.73,1634.97,1581.13,887885000,5501037165
2006-05-12,1581.1,1606.3,1606.92,1573.74,748865700,4578330784
2006-05-15,1622.43,1681.71,1682.24,1615.84,1098492800,6906154813
2006-05-16,1712.63,1647.94,1730.05,1643.41,1240178400,8172377132
2006-05-17,1653.29,1673.21,1686.37,1637.91,877889900,6022384718
2006-05-18,1655.67,1680.42,1692.75,1630.21,819714800,5202232777
2006-05-19,1684.89,1714.32,1719.56,1672.72,896956900,5403289316
2006-05-22,1716.57,1736.2,1754.21,1709.79,911117100,5937141844
2006-05-23,1724.1,1667.67,1724.1,1667.21,682797300,4294500661
2006-05-24,1692.03,1660.01,1730.07,1625.61,844014600,5469894029
2006-05-25,1648.16,1665.0,1675.1,1637.55,459618200,3131144479
2006-05-26,1674.31,1700.37,1701.75,1669.91,470482200,3241502329
2006-05-29,1712.1,1742.47,1744.14,1700.7,680668800,4408908923
2006-05-30,1749.54,1750.84,1755.44,1729.89,557936500,3879081996
2006-05-31,1752.11,1735.39,1763.78,1722.54,675139200,4790337189
2006-06-01,1734.31,1762.32,1762.85,1733.02,612050300,3855665183
2006-06-02,1763.21,1736.0,1764.56,1728.3,760889500,4751507416
2006-06-05,1739.49,1762.66,1762.9,1712.59,666232800,4231319955
2006-06-06,1762.16,1764.31,1782.43,1755.17,579415900,3724510816
2006-06-07,1761.4,1676.7,1766.75,1675.72,578829900,3603900860
2006-06-08,1663.98,1672.53,1685.31,1630.09,566308800,3639242387
2006-06-09,1666.94,1640.68,1680.6,1638.3,454244100,2959875494
2006-06-12,1632.84,1657.34,1668.86,1622.92,314494000,2137731728
2006-06-13,1653.66,1655.97,1665.8,1636.66,310955500,2145124613
2006-06-14,1648.73,1630.44,1648.73,1619.58,329910600,2125993350
2006-06-15,1630.61,1633.79,1652.8,1628.69,271167300,1674754506
2006-06-16,1642.49,1677.43,1677.43,1642.49,333027200,2049789578
2006-06-19,1665.16,1694.48,1704.27,1652.91,345814200,2227122656
2006-06-20,1693.14,1690.97,1701.97,1679.34,274176700,1800186951
2006-06-21,1688.96,1678.32,1693.63,1664.42,348939800,2213876044
2006-06-22,1676.69,1671.28,1684.43,1667.06,288854600,1782105081
2006-06-23,1665.12,1678.22,1679.29,1653.39,265491200,1630749189
2006-06-26,1683.52,1715.68,1715.84,1683.52,402716200,2590455060
2006-06-27,1716.34,1713.51,1723.07,1703.51,370729600,2314381114
2006-06-28,1710.99,1713.26,1713.9,1701.14,312425400,2029290726
2006-06-29,1717.13,1769.1,1778.55,1717.13,622489700,4183908360
2006-06-30,1777.66,1768.04,1789.26,1753.41,474131600,3197179999
2006-07-03,1777.08,1801.99,1802.08,1773.72,477886300,3324869494
2006-07-04,1804.41,1777.45,1806.73,1770.06,580818900,3858506236
2006-07-05,1777.11,1766.35,1780.43,1742.53,412467900,2667244817
2006-07-06,1757.44,1788.58,1788.58,1757.02,397104600,2467235478
2006-07-07,1793.22,1786.9,1797.18,1782.31,449091100,3223948426
2006-07-10,1789.23,1802.37,1803.18,1771.13,448989700,3044309301
2006-07-11,1802.97,1806.15,1806.57,1792.22,489761000,3350454132
2006-07-12,1805.68,1809.87,1828.08,1805.68,585660200,4113022280
2006-07-13,1810.6,1719.73,1814.36,1712.69,712844700,4944273102
2006-07-14,1706.02,1741.3,1756.85,1697.0,543802200,3725591887
2006-07-17,1737.65,1762.2,1762.2,1735.22,372676000,2413070843
2006-07-18,1759.17,1763.55,1766.55,1744.31,362741300,2448389228
2006-07-19,1757.56,1718.09,1757.56,1710.04,381387400,2423757562
2006-07-20,1716.3,1726.72,1731.45,1708.2,249482700,1623663206
2006-07-21,1717.71,1737.04,1737.04,1717.71,278677200,1959880649
2006-07-24,1715.84,1732.19,1737.6,1697.61,277643300,1850936508
2006-07-25,1733.75,1753.54,1760.1,1733.75,307546000,2106130331
2006-07-26,1757.78,1745.09,1762.5,1741.66,257201900,1701342633
2006-07-27,1743.43,1716.15,1752.49,1706.91,280073500,1885925868
2006-07-28,1715.82,1698.34,1723.41,1680.93,279881300,1931352590
2006-07-31,1694.18,1627.86,1694.18,1625.91,318609000,2034331319
2006-08-01,1627.72,1619.83,1641.97,1614.45,253796100,1616647370
2006-08-02,1618.58,1604.44,1627.95,1580.6,256485600,1622471512
2006-08-03,1605.35,1602.83,1612.92,1588.25,176828400,1111683017
2006-08-04,1603.01,1574.07,1611.9,1571.18,207538400,1246481204
2006-08-07,1561.71,1551.39,1572.31,1547.4,224305100,1351289740
2006-08-08,1554.09,1588.38,1588.38,1554.09,188138300,1165683164
2006-08-09,1590.54,1580.93,1592.34,1576.71,154160800,959890833
2006-08-10,1582.98,1609.38,1609.38,1582.34,203920100,1270679387
2006-08-11,1611.37,1613.31,1617.89,1599.24,186026200,1180053082
2006-08-14,1613.16,1586.7,1619.83,1577.07,229860500,1453582222
2006-08-15,1583.63,1610.6,1610.6,1577.52,231124200,1446775014
2006-08-16,1614.31,1636.39,1637.51,1607.96,315946700,2037134598
2006-08-17,1634.62,1623.42,1634.62,1609.69,190775900,1222096371
2006-08-18,1619.64,1614.17,1633.26,1612.9,176278500,1090341986
2006-08-21,1567.27,1615.06,1615.06,1561.31,211557200,1364280530
2006-08-22,1614.04,1633.25,1638.47,1609.71,221635800,1461962624
2006-08-23,1633.43,1628.8,1641.0,1624.79,232866300,1417644326
2006-08-24,1627.36,1631.59,1634.13,1613.08,141214200,864444011
2006-08-25,1633.19,1640.24,1647.47,1629.25,239995900,1568678943
2006-08-28,1642.78,1689.2,1691.16,1642.78,362674200,2438023266
2006-08-29,1692.3,1692.96,1726.67,1690.04,413110200,2799977566
2006-08-30,1688.65,1702.84,1707.86,1678.32,270638800,1714027304
2006-08-31,1704.27,1714.72,1719.24,1702.33,316232600,1887495127
2006-09-01,1718.16,1692.65,1720.94,1682.76,317926400,1930089964
2006-09-04,1688.1,1715.79,1715.79,1688.07,261393000,1637750047
2006-09-05,1719.37,1707.03,1722.62,1701.06,282504300,1716921749
2006-09-06,1706.56,1714.46,1717.47,1695.86,378947900,2471704102
2006-09-07,1714.13,1687.58,1714.69,1682.65,250550800,1562071192
2006-09-08,1687.26,1683.24,1696.26,1679.33,178267100,1235331991
2006-09-11,1682.89,1692.76,1692.76,1665.42,250893300,1713191307
2006-09-12,1693.54,1708.27,1711.74,1691.46,312049100,2087473680
2006-09-13,1709.16,1696.19,1721.6,1696.14,325430200,2120294294
2006-09-14,1692.51,1684.52,1701.24,1666.99,219948200,1442927885
2006-09-15,1683.34,1718.49,1719.22,1680.46,309422600,1922600238
2006-09-18,1725.34,1745.97,1746.03,1723.04,348760400,2127501388
2006-09-19,1750.08,1736.05,1756.85,1732.69,264849800,1689400277
2006-09-20,1733.66,1743.84,1749.99,1722.11,256006400,1660197533
2006-09-21,1745.84,1755.21,1764.06,1743.58,343823200,2136737618
2006-09-22,1756.03,1739.11,1760.8,1737.67,264360100,1697306722
2006-09-25,1737.18,1726.07,1746.22,1718.45,207934300,1346706216
2006-09-26,1723.07,1701.81,1725.14,1692.61,197923400,1290850247
2006-09-27,1701.88,1715.7,1716.24,1694.7,201977900,1303805369
2006-09-28,1719.16,1734.42,1740.68,1715.9,254547500,1738660302
2006-09-29,1736.54,1759.35,1764.31,1736.54,339368500,2408817269
2006-10-09,1775.68,1777.49,1789.06,1762.59,376203000,2671609467
2006-10-10,1781.66,1778.76,1791.33,1767.58,457730600,2939833599
2006-10-11,1778.04,1788.57,1793.2,1773.84,372633300,2406427844
2006-10-12,1789.44,1782.92,1795.51,1772.23,564993800,3203442581
2006-10-13,1780.4,1787.39,1790.92,1777.12,347036600,2046358038
2006-10-16,1786.56,1777.46,1795.41,1772.41,353489300,2256050414
2006-10-17,1777.32,1782.85,1798.83,1773.06,328043500,2089815669
2006-10-18,1782.7,1818.9,1818.9,1781.67,354353800,2250048283
2006-10-19,1818.86,1826.83,1839.36,1815.03,315351700,2239362414
2006-10-20,1827.2,1830.0,1834.66,1817.2,315837700,2120119434
2006-10-23,1829.97,1792.23,1835.12,1780.16,326067000,2205654072
2006-10-24,1795.02,1831.36,1831.44,1795.02,289704900,1967453780
2006-10-25,1836.44,1840.7,1858.12,1826.22,385059100,3007054401
2006-10-26,1841.53,1851.71,1857.02,1827.91,324387700,2175290512
2006-10-27,1852.13,1841.09,1867.73,1832.58,369786305,2621432476
2006-10-30,1841.23,1854.76,1857.49,1833.09,517161300,3179409730
2006-10-31,1857.66,1875.61,1878.49,1857.66,459733000,3119958105
2006-11-01,1878.43,1894.03,1894.2,1868.28,464817500,3190960832
2006-11-02,1896.96,1899.9,1902.53,1880.14,538447300,3437850591
2006-11-03,1899.66,1913.82,1929.82,1899.66,545917200,3629996383
2006-11-06,1901.38,1951.82,1951.82,1889.06,567287200,3714764889
2006-11-07,1958.33,1958.33,1961.06,1924.75,580423600,4084743418
2006-11-08,1956.8,1920.7,1956.8,1919.1,358885400,2536631769
2006-11-09,1911.79,1954.47,1958.2,1906.95,369258100,2662049876
2006-11-10,1956.72,1918.9,1968.79,1906.05,514225100,3639199403
2006-11-13,1909.85,1869.56,1927.92,1858.83,429866600,3033286285
2006-11-14,1867.55,1879.59,1881.65,1826.78,349431000,2400003451
2006-11-15,1878.88,1949.61,1950.39,1877.34,434274000,3044127501
2006-11-16,1956.96,1952.19,1989.61,1950.65,561369500,4070561605
2006-11-17,1945.69,2003.78,2003.78,1935.53,461800900,3379741020
2006-11-20,2012.07,2062.07,2062.24,2012.07,633664200,4817980179
2006-11-21,2060.24,2080.54,2080.63,2024.87,614382000,4476550657
2006-11-22,2079.11,2075.39,2100.99,2062.09,626004200,4484061934
2006-11-23,2073.25,2088.0,2104.9,2067.13,525818600,3678082513
2006-11-24,2084.26,2083.34,2091.39,2054.63,531052800,3968483689
2006-11-27,2079.03,2119.47,2119.47,2075.49,567983400,4278368500
2006-11-28,2117.16,2106.23,2131.34,2092.09,474048300,3673817467
2006-11-29,2075.01,2136.06,2148.6,2054.4,487133900,3676277774
2006-11-30,2141.96,2225.16,2225.16,2141.96,741502300,5541634619
2006-12-01,2237.58,2255.78,2285.43,2237.58,725926300,5788753914
2006-12-04,2257.17,2311.4,2311.4,2254.15,788848200,5870922043
2006-12-05,2315.21,2325.1,2358.72,2301.12,759716600,6004701641
2006-12-06,2327.09,2282.59,2333.85,2216.72,772360700,5965378805
2006-12-07,2272.48,2280.01,2331.3,2262.49,852803000,6491600434
2006-12-08,2254.86,2211.34,2281.19,2210.23,726111100,5620717841
2006-12-11,2210.3,2319.61,2319.61,2208.39,611388100,4609285673
2006-12-12,2330.52,2334.72,2356.41,2287.05,651297900,5090794071
2006-12-13,2335.24,2336.63,2347.04,2299.04,569645700,4434636275
2006-12-14,2340.41,2349.84,2355.75,2326.43,563944200,4240591608
2006-12-15,2356.91,2398.78,2401.93,2346.28,668658200,5416816047
2006-12-18,2405.14,2468.26,2476.05,2405.14,814709600,6499795862
2006-12-19,2477.5,2469.49,2492.59,2416.32,736642400,6034796411
2006-12-20,2453.82,2496.22,2496.51,2424.53,591039600,4752505303
2006-12-21,2492.56,2466.48,2495.84,2461.86,642939100,5051081975
2006-12-22,2453.2,2436.5,2470.08,2430.87,480153500,3709774587
2006-12-25,2437.74,2475.12,2521.66,2437.74,539138700,4734933449
2006-12-26,2476.59,2466.77,2503.82,2435.54,560746600,4532846856
2006-12-27,2466.29,2501.39,2514.09,2466.22,521099100,4158915094
2006-12-28,2509.68,2483.5,2541.96,2468.52,503646400,4279644920
2006-12-29,2495.4,2552.9,2564.72,2495.4,769252700,6325437922
2007-01-04,2580.86,2598.33,2672.25,2580.86,1185615900,9372990933
2007-01-05,2583.48,2607.99,2639.18,2549.97,1001090200,8002670365
2007-01-08,2604.4,2689.52,2690.3,2604.4,908395700,7855051858
2007-01-09,2702.88,2785.56,2794.82,2686.15,924244600,7865559752
2007-01-10,2804.4,2902.62,2902.62,2804.4,995194600,9152081831
2007-01-11,2896.4,2854.91,2942.04,2848.72,908677200,8353715541
2007-01-12,2838.81,2780.46,2888.29,2758.43,869009100,7582711484
2007-01-15,2779.51,2960.16,2960.38,2779.51,799644400,7642549420
2007-01-16,2982.82,3087.53,3096.3,2956.43,863581700,8012617537
2007-01-17,3089.41,2995.09,3094.08,2940.82,1120239100,11074000929
2007-01-18,2957.86,2986.24,3001.7,2862.43,904894200,9508473275
2007-01-19,2989.03,3075.08,3075.08,2989.03,1008174900,9788490662
2007-01-22,3104.27,3208.51,3208.51,3088.18,1082306800,10353072814
2007-01-23,3228.57,3245.35,3257.64,3110.76,1156771100,10879776512
2007-01-24,3243.43,3289.97,3326.46,3210.06,985600200,9256921608
2007-01-25,3242.76,3156.87,3269.1,3151.91,973410000,9429356840
2007-01-26,3112.17,3241.18,3252.7,3039.14,903382600,8808551462
2007-01-29,3255.38,3282.17,3314.14,3234.61,904578000,9225068397
2007-01-30,3282.04,3225.78,3296.72,3214.2,815239200,8761361040
2007-01-31,3211.37,2989.7,3211.37,2972.47,857694100,8735530418
2007-02-01,2940.17,2987.13,3018.12,2885.24,652363900,6473062366
2007-02-02,2986.7,2847.84,2996.45,2844.05,644047600,6247694431
2007-02-05,2833.96,2849.24,2870.66,2788.12,490547900,5091340103
2007-02-06,2855.05,2879.89,2881.89,2749.95,682876400,6972506020
2007-02-07,2898.79,2965.89,2987.72,2898.79,738688600,7316371280
2007-02-08,2975.65,3020.6,3020.94,2950.56,741080600,7227729747
2007-02-09,3029.91,2995.21,3029.91,2957.5,574230800,5721140443
2007-02-12,2993.62,3121.78,3121.78,2985.12,607604800,5988309788
2007-02-13,3140.08,3161.88,3171.58,3120.94,550724100,5699675488
2007-02-14,3168.41,3248.93,3248.93,3161.99,680065500,6896171552
2007-02-15,3270.82,3335.95,3336.12,3270.82,769315100,7827780292
2007-02-16,3361.53,3349.29,3414.11,3322.64,794129700,8495535273
2007-02-26,3355.77,3395.48,3399.77,3306.7,718623500,7614770271
2007-02-27,3414.75,3085.75,3419.92,3084.62,1237680300,12678535673
2007-02-28,3021.54,3199.72,3221.24,3021.54,897285300,9103748921
2007-03-01,3216.13,3080.57,3216.13,3046.02,875189600,8352567811
2007-03-02,3083.54,3125.53,3152.45,3062.76,580406000,5948406307
2007-03-05,3122.93,3137.97,3194.92,3027.4,756290600,7843338291
2007-03-06,3117.35,3167.24,3193.8,3089.56,516899600,5215283823
2007-03-07,3194.32,3239.44,3243.1,3194.32,727175200,6739230222
2007-03-08,3253.72,3290.06,3293.42,3214.9,784836100,7069393951
2007-03-09,3294.64,3252.84,3299.61,3223.72,777973200,7514474637
2007-03-12,3242.43,3252.3,3252.3,3175.2,769278300,7526707130
2007-03-13,3254.0,3307.2,3309.65,3239.95,825011400,8057674272
2007-03-14,3267.53,3243.52,3278.08,3174.95,796144500,7744908937
2007-03-15,3247.48,3310.1,3315.6,3247.48,786233300,8486925004
2007-03-16,3326.07,3278.04,3339.04,3228.73,837634900,8551410386
2007-03-19,3177.39,3341.39,3354.57,3161.87,798598200,8479914905
2007-03-20,3351.71,3378.7,3381.98,3331.38,847989800,9370921573
2007-03-21,3401.8,3417.09,3431.42,3377.85,826437600,9358156590
2007-03-22,3433.7,3432.72,3473.52,3421.99,1095032100,12116875957
2007-03-23,3444.54,3483.12,3490.01,3396.57,1115364200,12117008951
2007-03-26,3500.08,3544.5,3544.76,3493.3,882650100,9691673927
2007-03-27,3555.76,3545.39,3562.26,3523.63,913800900,10607805207
2007-03-28,3544.64,3543.83,3574.93,3407.67,1021415500,11579853537
2007-03-29,3556.7,3507.01,3573.5,3501.93,996274200,11871489636
2007-03-30,3497.17,3507.35,3528.81,3465.97,713686800,8596687698
2007-04-02,3517.94,3628.53,3628.53,3517.94,867525600,10592123841
2007-04-03,3651.22,3689.91,3690.39,3632.16,990674900,11964729184
2007-04-04,3695.08,3718.41,3739.92,3674.51,900865000,11150491011
2007-04-05,3715.17,3748.78,3755.14,3697.84,820365500,9819556201
2007-04-06,3723.37,3778.94,3787.73,3704.36,884599300,10643825316
2007-04-09,3803.05,3845.07,3863.7,3803.05,1098190500,13231067553
2007-04-10,3858.47,3909.76,3911.11,3784.0,1088597400,13921409279
2007-04-11,3927.31,3979.36,3979.36,3888.27,1204411400,16104294748
2007-04-12,3990.83,4056.74,4056.74,3953.55,1286441100,17188466827
2007-04-13,4056.39,4030.78,4084.76,4012.81,1190248000,15592713687
2007-04-16,4044.42,4126.38,4126.74,4044.42,1040850000,14148008301
2007-04-17,4156.5,4170.6,4189.35,4044.34,1340819900,18341382121
2007-04-18,4178.03,4247.29,4257.11,4127.17,1395508000,19121379490
2007-04-19,4237.88,4040.74,4237.88,3927.68,1380320700,19061880005
2007-04-20,4055.05,4217.47,4241.87,4055.05,1080687200,14902957547
2007-04-23,4259.91,4389.71,4406.33,4259.91,1210504300,16830324681
2007-04-24,4441.31,4427.75,4492.42,4381.2,1428306900,19953301054
2007-04-25,4406.22,4424.0,4436.52,4320.55,1160489100,15425540218
2007-04-26,4442.98,4484.0,4495.83,4440.05,1020437100,15022751418
2007-04-27,4481.3,4385.53,4484.1,4361.43,848194600,12157167807
2007-04-30,4398.25,4441.28,4451.49,4357.08,1075567400,16137132918
2007-05-08,4550.56,4675.12,4676.51,4529.2,1305361100,20534918893
2007-05-09,4711.32,4733.12,4745.2,4532.24,1480473700,23149678772
2007-05-10,4752.54,4798.52,4823.1,4707.95,1299926000,19796670745
2007-05-11,4750.33,4779.15,4793.32,4657.09,974458300,15187883475
2007-05-14,4727.49,4893.09,4942.37,4678.61,1062535000,17139076500
2007-05-15,4902.98,4730.48,4931.77,4720.25,931917800,15173617838
2007-05-16,4699.13,4825.22,4827.42,4619.5,895319100,13519632149
2007-05-17,4864.86,4982.59,5000.99,4850.93,1153624000,17291840232
2007-05-18,4990.31,5023.97,5073.99,4939.1,1036681900,16175469405
2007-05-21,4831.93,5107.88,5149.13,4822.11,1170167400,18473998068
2007-05-22,5123.12,5196.56,5237.06,5115.65,1516649000,23665363404
2007-05-23,5210.98,5315.99,5321.77,5172.96,1212028900,19576081298
2007-05-24,5346.51,5277.07,5389.83,5179.3,1269614700,20857732987
2007-05-25,5235.6,5336.4,5338.28,5225.99,1116060311,17294278591
2007-05-28,5381.49,5474.59,5503.88,5381.49,1307967178,23576457899
2007-05-29,5509.84,5684.03,5684.03,5509.84,1266269749,24729558163
2007-05-30,5338.09,5323.61,5636.44,5222.47,1607665300,30830156537
2007-05-31,5260.58,5503.17,5580.6,5051.88,1637721100,31139394819
2007-06-01,5605.85,5361.48,5697.73,5316.61,1624925400,32373041685
2007-06-04,5341.84,4909.75,5372.42,4907.98,1144466800,20686868842
2007-06-05,4746.97,5179.4,5179.4,4506.77,1576127800,24776496927
2007-06-06,5221.37,5340.33,5357.58,5056.43,1293849900,22596239180
2007-06-07,5360.38,5498.44,5510.59,5346.94,1160431200,22025641763
2007-06-08,5504.96,5560.13,5592.72,5435.18,1143643600,21533564280
2007-06-11,5612.05,5740.89,5753.86,5603.81,1166043200,22863376499
2007-06-12,5781.34,5927.34,5929.93,5584.81,1364490100,26115237490
2007-06-13,5984.08,6032.6,6118.07,5981.31,1377224200,26756475915
2007-06-14,5998.13,5961.1,6064.52,5860.18,998414300,19949376621
2007-06-15,5926.75,5989.99,6023.16,5901.02,746366243,14471925154
2007-06-18,6110.26,6193.83,6195.15,6110.26,1026106333,21492352802
2007-06-19,6195.23,6258.84,6260.81,6131.38,911500973,18156838556
2007-06-20,6290.18,6146.08,6350.75,6093.27,1293731019,23679050107
2007-06-21,6114.01,6147.49,6222.73,6032.47,911891200,17004980563
2007-06-22,6106.95,5881.96,6121.74,5761.34,1015315900,18035700412
2007-06-25,5846.42,5611.78,5933.75,5563.8,904225800,16656018953
2007-06-26,5497.97,5675.06,5675.06,5406.48,719296700,12242662406
2007-06-27,5717.41,5891.32,5906.99,5678.88,805102100,15135509678
2007-06-28,5892.1,5612.87,5931.9,5604.7,813019100,14687155742
2007-06-29,5587.54,5614.38,5751.48,5513.59,753103400,16366055003
2007-07-02,5580.18,5567.2,5670.23,5414.4,527727700,9908569224
2007-07-03,5610.29,5715.35,5728.64,5573.26,573266900,11289486514
2007-07-04,5727.33,5606.39,5764.16,5573.93,571101000,11281722225
2007-07-05,5504.39,5235.16,5556.67,5232.28,567255300,9966333739
2007-07-06,5194.83,5486.57,5494.07,5126.16,619153400,10770324606
2007-07-09,5534.33,5684.53,5722.32,5532.27,708206300,13865453842
2007-07-10,5696.53,5584.87,5711.62,5568.6,687168400,13033189813
2007-07-11,5559.57,5655.27,5668.11,5544.88,492472400,9275284128
2007-07-12,5658.68,5660.31,5717.97,5608.33,350747100,6520198042
2007-07-13,5662.03,5645.85,5672.1,5600.2,269277900,4656004118
2007-07-16,5637.41,5448.37,5643.96,5448.36,360464600,6565014043
2007-07-17,5421.39,5605.4,5639.39,5380.24,422965300,8055644959
2007-07-18,5608.63,5621.98,5727.74,5557.25,497124200,10528956793
2007-07-19,5593.59,5584.31,5646.39,5557.06,336826700,6405626795
2007-07-20,5580.01,5853.8,5856.64,5580.01,629664000,11988977062
2007-07-23,5911.09,6190.38,6191.06,5911.09,1062380000,19589935543
2007-07-24,6253.6,6201.87,6337.96,6171.41,1031064000,18808077480
2007-07-25,6212.63,6310.2,6310.51,6181.15,769929400,16168262760
2007-07-26,6351.18,6418.35,6440.24,6289.87,793874800,16368486738
2007-07-27,6372.77,6478.13,6502.95,6302.66,830772700,16609951379
2007-07-30,6469.16,6710.4,6770.55,6469.16,980511700,20714612553
2007-07-31,6704.87,6771.61,6789.38,6629.74,876457900,18888950347
2007-08-01,6794.96,6569.7,6856.64,6501.51,918326600,19240104810
2007-08-02,6612.73,6881.6,6881.6,6612.73,722374700,15845016650
2007-08-03,6936.46,7121.81,7164.02,6936.46,851211100,20335372147
2007-08-06,7188.57,7324.85,7324.85,7162.32,963333500,22085166520
2007-08-07,7333.76,7288.95,7397.89,7151.26,1104681700,25255545317
2007-08-08,7203.98,7134.55,7257.15,6979.98,838670800,20252965155
2007-08-09,7134.36,7353.13,7359.32,7134.36,819048000,18896503611
2007-08-10,7327.75,7213.39,7327.75,7079.31,1008245100,21201091510
2007-08-13,7175.15,7135.2,7203.44,7040.87,729361500,17424598595
2007-08-14,7119.16,7232.21,7248.1,7096.96,564102600,13670923339
2007-08-15,7267.86,7207.92,7306.58,7066.49,646089400,15173781212
2007-08-16,7145.14,7065.78,7152.54,6990.86,616258300,15122398104
2007-08-17,7010.8,6901.61,7140.15,6884.85,572813300,13967927679
2007-08-20,7070.02,7289.22,7289.84,7070.02,734008300,16608048430
2007-08-21,7347.86,7380.98,7415.41,7298.72,802878500,18845371866
2007-08-22,7313.67,7571.99,7614.62,7298.34,917295000,24010972365
2007-08-23,7622.02,7690.14,7728.13,7551.05,851282900,22724951881
2007-08-24,7717.58,7799.13,7830.69,7717.58,685486700,16835403562
2007-08-27,7844.26,7860.23,7920.33,7790.71,781683700,18660215795
2007-08-28,7841.85,7890.07,7912.96,7707.63,825448500,18796548715
2007-08-29,7833.37,7732.48,7999.44,7703.09,898285100,21105401594
2007-08-30,7756.08,7783.75,7856.23,7637.43,711680700,16698629450
2007-08-31,7791.76,7864.26,7901.41,7766.89,733824700,17013175122
2007-09-03,7936.35,8065.27,8094.86,7932.91,906693800,22242408814
2007-09-04,8104.0,8000.76,8118.06,7963.77,811813900,21122957178
2007-09-05,7999.04,8006.8,8048.97,7853.82,708267200,18348715138
2007-09-06,8053.46,8044.26,8101.36,7982.88,656704800,16715223228
2007-09-07,8015.18,7878.79,8024.93,7868.84,808454700,20251413020
2007-09-10,7775.84,7974.86,7977.55,7699.07,655208700,16282333635
2007-09-11,7989.61,7601.52,8068.7,7589.59,758193200,18591868526
2007-09-12,7591.19,7724.28,7765.31,7525.4,662245400,15949143964
2007-09-13,7772.26,7997.46,7998.88,7747.2,798747400,19364313313
2007-09-14,8043.85,8181.07,8181.26,7969.91,829608500,19895648324
2007-09-17,8132.43,8364.73,8389.43,8119.84,889905900,21533986172
2007-09-18,8397.23,8267.56,8404.32,8171.6,942145900,23332771377
2007-09-19,8289.16,8170.66,8306.22,8149.82,615731700,15401596491
2007-09-20,8208.3,8293.0,8307.63,8200.32,678551000,18402041857
2007-09-21,8319.92,8309.82,8347.02,8091.76,737252100,20017507404
2007-09-24,8340.42,8380.23,8454.88,8221.68,652123200,18307033368
2007-09-25,8366.98,8231.24,8407.87,8172.36,512170500,14247577101
2007-09-26,8166.03,8056.77,8257.68,8002.57,440028300,11989881569
2007-09-27,8047.39,8208.08,8208.08,7959.13,396203200,11071466686
2007-09-28,8303.08,8448.29,8491.28,8303.08,561624300,16152254653
2007-10-08,8627.96,8588.24,8666.6,8478.7,685436400,20572009051
2007-10-09,8573.12,8609.26,8625.5,8462.86,651410400,18549749546
2007-10-10,8633.77,8626.21,8776.09,8580.08,699995000,18956441028
2007-10-11,8638.16,8665.24,8720.69,8578.35,669999000,19234905539
2007-10-12,8665.59,8549.02,8666.62,8156.74,722032200,19607053150
2007-10-15,8535.15,8553.69,8605.93,8390.65,641832200,17584850143
2007-10-16,8563.68,8649.89,8658.03,8496.09,530172200,14812130557
2007-10-17,8634.19,8606.92,8732.6,8568.26,487723100,14336570397
2007-10-18,8573.97,8281.46,8573.97,8276.04,523445200,15039022592
2007-10-19,8311.18,8324.23,8450.53,8240.51,532732900,15524631937
2007-10-22,8186.41,8114.37,8301.89,8083.59,459515500,12764631224
2007-10-23,8083.99,8241.18,8242.11,7965.71,498654900,14320620700
2007-10-24,8271.61,8248.94,8442.24,8242.87,519372900,15672657216
2007-10-25,8199.96,7919.57,8225.1,7825.74,586265600,15621860893
2007-10-26,7844.94,8048.63,8127.83,7831.86,501395900,13770346447
2007-10-29,8120.23,8280.9,8280.9,8120.23,440216900,11924963120
2007-10-30,8328.4,8388.99,8391.22,8266.9,435121100,11869419071
2007-10-31,8477.27,8630.32,8630.32,8352.7,567066300,15555730147
2007-11-01,8639.34,8467.34,8639.95,8460.94,497894300,14918267290
2007-11-02,8322.04,8179.94,8353.51,8153.53,458715600,12677627156
2007-11-05,8131.61,7951.17,8185.42,7896.46,347533000,10279601777
2007-11-06,7934.23,7957.42,8114.78,7917.07,310364500,8644109792
2007-11-07,8009.7,8009.35,8083.03,7840.04,497012100,10385210210
2007-11-08,7960.64,7626.52,7960.64,7623.16,434876500,10266981721
2007-11-09,7550.97,7513.15,7686.29,7391.68,458316300,10526523819
2007-11-12,7346.85,7485.76,7549.46,7124.77,526164500,12294758630
2007-11-13,7551.83,7348.91,7627.56,7264.51,480170900,11571310302
2007-11-14,7455.6,7650.41,7651.31,7268.87,482491300,11976126860
2007-11-15,7622.8,7523.24,7671.65,7494.7,411353800,9964137246
2007-11-16,7414.52,7381.38,7426.13,7235.46,291109000,7113969797
2007-11-19,7386.8,7387.12,7451.18,7334.52,301240800,6631357390
2007-11-20,7333.23,7548.26,7585.08,7275.69,420520500,10185178678
2007-11-21,7580.33,7451.52,7698.44,7449.61,402737200,8949496928
2007-11-22,7281.45,7109.67,7379.71,7096.09,344751600,8158838063
2007-11-23,7046.42,7239.47,7239.47,7013.17,250953300,5904445997
2007-11-26,7368.7,7171.86,7418.11,7171.79,288162900,6642177915
2007-11-27,7112.18,7054.21,7204.49,7048.34,277587600,6447440309
2007-11-28,7079.16,6947.88,7140.29,6908.32,275214800,6536947515
2007-11-29,7032.93,7169.94,7197.12,6874.16,430242600,9455134488
2007-11-30,7195.06,7058.2,7232.92,7047.12,293148300,6943434748
2007-12-03,7029.83,7105.67,7161.68,6977.96,257204700,6024684381
2007-12-04,7129.88,7205.71,7284.93,7129.88,315535600,7071964784
2007-12-05,7214.05,7441.48,7464.13,7174.31,523312800,11470859110
2007-12-06,7471.02,7436.87,7503.15,7365.21,339298100,7596464272
2007-12-07,7458.11,7567.76,7570.45,7443.95,397041000,8527088319
2007-12-10,7443.58,7737.11,7765.58,7427.1,586447000,12951531581
2007-12-11,7759.73,7707.86,7778.16,7600.33,544130400,12136856405
2007-12-12,7651.77,7637.82,7709.77,7570.38,561412700,13502391203
2007-12-13,7605.07,7279.04,7628.67,7275.32,549907200,13536432238
2007-12-14,7188.45,7478.33,7479.68,7133.74,476727700,11144690900
2007-12-17,7479.3,7271.39,7481.57,7264.94,570857100,14553037042
2007-12-18,7226.22,7278.9,7350.6,7194.52,343099500,7733993594
2007-12-19,7353.08,7460.91,7499.04,7353.08,477539100,10392437161
2007-12-20,7485.65,7559.35,7581.54,7402.97,434600900,9933049003
2007-12-21,7526.71,7643.2,7648.91,7515.91,484267200,11486085733
2007-12-24,7694.51,7750.52,7819.56,7665.11,686157600,16388982053
2007-12-25,7785.6,7786.69,7819.95,7703.78,647419700,15407446224
2007-12-26,7799.91,7877.17,7880.35,7727.96,573725400,13850219238
2007-12-27,7912.14,8057.11,8075.68,7879.13,784066400,19352224455
2007-12-28,8081.25,7994.36,8090.24,7975.85,538952200,13364542996
2008-01-02,8010.61,8081.49,8121.73,7877.39,589652300,14577835523
2008-01-03,8071.91,8161.78,8161.78,7976.23,900000200,20769500214
2008-01-04,8189.4,8252.22,8276.98,8137.34,760921500,20449030545
2008-01-07,8262.8,8394.22,8426.26,8250.8,746805400,20620541687
2008-01-08,8397.21,8332.4,8495.02,8245.49,876881900,22867457158
2008-01-09,8305.5,8493.35,8493.49,8276.69,646760900,16507254632
2008-01-10,8534.14,8647.73,8743.19,8503.44,921194000,24119251944
2008-01-11,8691.09,8631.91,8714.94,8560.75,527608500,14707877273
2008-01-14,8655.52,8685.87,8710.84,8600.47,530534300,13917030560
2008-01-15,8692.7,8688.23,8745.82,8597.22,700592300,17859294245
2008-01-16,8600.47,8390.93,8610.2,8369.42,741542500,18697420507
2008-01-17,8307.55,8117.56,8435.41,7929.11,785703800,19571619278
2008-01-18,8119.35,8229.88,8253.54,8047.16,554474600,13496566057
2008-01-21,8238.23,7828.58,8260.21,7780.98,588921400,13799830051
2008-01-22,7625.11,7236.9,7699.27,7163.38,810313500,18691903781
2008-01-23,7286.28,7637.94,7649.05,7263.25,673386500,17394958782
2008-01-24,7710.87,7751.77,7828.03,7587.06,580830100,15029718936
2008-01-25,7747.67,7858.93,7923.01,7663.01,653244500,16948148006
2008-01-28,7835.05,7320.35,7835.05,7291.77,510370400,11943591186
2008-01-29,7315.74,7328.44,7510.3,7249.92,341774700,8272149650
2008-01-30,7435.57,7286.62,7526.44,7159.74,389412700,9627112056
2008-01-31,7278.96,7168.57,7347.21,7161.55,366468500,9109684281
2008-02-01,7163.06,7100.46,7229.94,6833.27,415740700,9522022425
2008-02-04,7298.53,7691.6,7691.65,7295.42,474090400,11836620425
2008-02-05,7715.9,7639.02,7798.84,7572.32,399487600,9368793307
2008-02-13,7570.93,7476.97,7594.19,7416.46,220537600,5127281954
2008-02-14,7530.45,7565.91,7642.88,7504.02,197654000,4647527381
2008-02-15,7521.12,7469.9,7528.41,7369.85,287892700,6344930010
2008-02-18,7568.19,7632.84,7702.12,7528.48,358364000,8044589481
2008-02-19,7650.12,7821.51,7821.51,7595.25,394268000,9399214399
2008-02-20,7832.16,7686.82,7931.14,7686.82,449901600,11054215054
2008-02-21,7630.31,7632.31,7727.73,7468.14,368892300,8641867868
2008-02-22,7605.99,7334.39,7605.99,7258.6,456014300,10599657034
2008-02-25,7344.14,7044.02,7391.5,7035.84,367960600,7886965973
2008-02-26,7226.85,6966.01,7283.84,6770.8,402833200,9569268926
2008-02-27,7012.64,7156.44,7169.06,6922.78,309900400,7226079185
2008-02-28,7170.92,7117.08,7204.75,7003.87,346431100,8042565737
2008-02-29,7090.58,7185.8,7215.82,7043.48,301599800,6896800730
2008-03-03,7145.81,7360.23,7374.21,7051.25,476045200,11153985362
2008-03-04,7383.59,7183.27,7455.34,7165.75,440260800,10417080335
2008-03-05,7131.21,7151.16,7193.22,6892.56,517108300,11105508423
2008-03-06,7155.4,7155.5,7272.58,7041.83,460042400,10411506954
2008-03-07,7097.4,7081.94,7204.64,7036.03,344457000,8162589821
2008-03-10,7042.98,6772.35,7042.98,6733.17,373353900,8343834747
2008-03-11,6682.6,6770.13,6770.13,6523.37,328885800,7492837103
2008-03-12,6918.92,6587.28,6942.2,6569.82,334625600,7284392376
2008-03-13,6519.03,6393.07,6576.29,6272.05,391463000,8425889402
2008-03-14,6354.78,6331.1,6409.64,6207.19,247844900,5414985563
2008-03-17,6311.45,6033.4,6311.45,6015.14,362675800,7196495046
2008-03-18,5972.64,5684.52,6079.75,5575.74,444471300,8333784991
2008-03-19,5818.54,5963.59,6062.99,5761.14,548266900,11049854547
2008-03-20,5893.46,6210.8,6255.9,5597.77,689526400,13318274012
2008-03-21,6218.73,6275.82,6390.66,6159.84,635908100,12042146614
2008-03-24,6366.65,6015.55,6413.61,6015.55,532566900,9546174755
2008-03-25,5914.94,6179.58,6236.61,5837.08,430706000,8555170812
2008-03-26,6205.04,6196.77,6346.22,6157.45,385333500,8159462487
2008-03-27,6105.34,6002.12,6189.94,5980.62,436705100,8893777488
2008-03-28,5951.57,6279.53,6283.25,5858.81,529945500,10870055089
2008-03-31,6118.61,6103.58,6244.01,6061.35,369945800,7665880488
2008-04-01,6088.04,5699.32,6156.04,5670.27,502605800,9872254821
2008-04-02,5756.05,5633.17,5883.59,5518.93,489470100,9023750525
2008-04-03,5576.8,5789.51,5838.24,5484.43,415725800,7769543879
2008-04-07,5726.63,6148.14,6158.93,5666.99,542648500,10645717617
2008-04-08,6153.49,6245.22,6309.17,6121.28,585088900,11677758704
2008-04-09,6213.28,6018.45,6357.46,6018.45,535807800,10037104469
2008-04-10,5911.6,6144.77,6144.77,5858.91,405009300,7795038200
2008-04-11,6181.07,6146.85,6255.06,6112.89,323214600,6340974567
2008-04-14,5998.48,5690.73,6021.65,5678.31,451214400,8658763048
2008-04-15,5639.91,5715.64,5717.11,5449.6,460307800,8401862848
2008-04-16,5680.68,5558.42,5735.0,5534.22,368370900,7112162981
2008-04-17,5589.55,5386.61,5689.05,5309.26,437455300,7961882323
2008-04-18,5333.88,5188.58,5407.6,5164.97,337945300,6068506032
2008-04-21,5570.17,5090.47,5570.17,5026.76,544335700,9512802513
2008-04-22,4980.62,5137.77,5146.49,4860.15,399502700,7134509447
2008-04-23,5127.78,5377.31,5390.17,5095.67,400635600,6750571075
2008-04-24,5853.21,5906.44,5912.81,5761.04,893181800,16052767731
2008-04-25,5951.15,6013.91,6189.27,5884.81,1059099600,21269103913
2008-04-28,5911.14,5855.68,5997.07,5817.87,461913200,9153679855
2008-04-29,5806.49,5895.72,5968.16,5786.86,450364000,8367232754
2008-04-30,5896.73,6150.62,6166.79,5896.73,761193200,14614422585
2008-05-05,6210.48,6352.89,6352.89,6157.61,686326100,12999387049
2008-05-06,6320.18,6285.01,6398.46,6218.17,581335300,11020820351
2008-05-07,6243.2,5955.95,6331.08,5955.95,590769100,11451381161
2008-05-08,5876.67,6140.97,6143.07,5850.34,436323400,8699781227
2008-05-09,6204.13,6059.02,6234.81,5935.52,630469100,12531832148
2008-05-12,5956.4,6066.11,6156.2,5855.02,525233300,9792645138
2008-05-13,5868.2,6031.07,6170.3,5837.64,623923300,10474611702
2008-05-14,6018.68,6251.04,6251.04,6018.68,634950700,11359913840
2008-05-15,6309.5,6219.17,6359.91,6212.39,585782000,10689021343
2008-05-16,6200.97,6136.13,6277.45,6034.18,483709800,8397377109
2008-05-19,6125.69,6086.43,6142.43,6024.65,482863500,7961884608
2008-05-20,6080.01,5751.79,6124.88,5721.73,535574700,8776153538
2008-05-21,5690.52,5886.94,5893.51,5567.13,538352300,8391548116
2008-05-22,5806.71,5774.9,5892.64,5755.17,478362100,7576009484
2008-05-23,5761.28,5714.67,5819.91,5620.26,388657400,7165606327
2008-05-26,5681.56,5564.94,5681.56,5524.38,393485300,7168493699
2008-05-27,5550.22,5600.19,5657.01,5515.65,335909700,5424940611
2008-05-28,5599.71,5740.43,5773.0,5571.54,392224800,6712766815
2008-05-29,5727.18,5591.88,5731.2,5579.73,315772200,5174470176
2008-05-30,5583.61,5622.81,5623.9,5521.64,327147700,5522594011
2008-06-02,5598.11,5618.06,5663.66,5545.47,331176200,5110041976
2008-06-03,5638.5,5604.76,5652.23,5554.14,315469100,5168335216
2008-06-04,5594.16,5590.62,5623.89,5497.26,350190500,5981367346
2008-06-05,5572.21,5514.11,5572.21,5496.64,185542600,2905977945
2008-06-06,5496.45,5459.88,5523.73,5425.82,220531700,3516063812
2008-06-10,5237.21,5032.22,5237.21,5004.2,366315800,5278409411
2008-06-11,4932.83,4866.83,4960.67,4818.05,306455100,4146840225
2008-06-12,4864.16,4849.85,4910.67,4712.96,354870600,5188735901
2008-06-13,4838.57,4675.84,4857.34,4667.45,274450200,3790451074
2008-06-16,4664.38,4627.39,4720.03,4536.77,358067500,4342892683
2008-06-17,4609.25,4441.78,4672.27,4401.31,308802100,3747831417
2008-06-18,4408.32,4676.45,4702.23,4299.48,528874700,6043291924
2008-06-19,4628.38,4317.7,4628.38,4310.75,445653600,5307338134
2008-06-20,4352.69,4405.9,4600.89,4164.66,617688600,7216489896
2008-06-23,4341.31,4318.9,4426.67,4281.56,290700000,3247280305
2008-06-24,4314.63,4437.87,4470.35,4308.17,389143700,4281825178
2008-06-25,4436.52,4634.61,4642.73,4415.52,538181700,6043931944
2008-06-26,4623.59,4648.82,4705.04,4554.33,556323300,6314916218
2008-06-27,4501.42,4393.83,4517.6,4332.31,453121400,4738832783
2008-06-30,4344.32,4364.83,4429.14,4310.0,272439600,2885902192
2008-07-01,4369.21,4222.86,4390.24,4210.96,345180300,3506520171
2008-07-02,4232.02,4241.39,4283.77,4192.69,316489000,3354766950
2008-07-03,4182.29,4341.21,4410.33,4132.08,483648100,5771763426
2008-07-04,4317.6,4312.95,4394.26,4267.44,460956000,5419631274
2008-07-07,4305.93,4532.57,4541.22,4305.93,647153100,7104183406
2008-07-08,4563.05,4565.43,4618.72,4468.47,679727300,7748816441
2008-07-09,4589.63,4763.48,4765.66,4589.63,962604900,10449645208
2008-07-10,4701.35,4694.82,4835.52,4646.48,823169900,9234632591
2008-07-11,4678.44,4615.82,4710.07,4556.58,605015200,6676006145
2008-07-14,4581.93,4644.86,4662.65,4551.65,434884600,5152313365
2008-07-15,4653.74,4457.89,4678.09,4441.9,607693700,6210831668
2008-07-16,4397.56,4280.07,4397.56,4216.91,505085200,5091996317
2008-07-17,4332.58,4229.47,4362.56,4200.15,403475900,4315034043
2008-07-18,4258.99,4349.44,4354.2,4163.81,429525200,4978139047
2008-07-21,4336.53,4480.87,4488.77,4296.93,496883900,5657013505
2008-07-22,4478.14,4459.01,4503.53,4437.42,444306400,4907772061
2008-07-23,4476.19,4394.08,4497.59,4393.24,439273500,4829884358
2008-07-24,4405.83,4513.86,4525.85,4405.83,580989800,6366258650
2008-07-25,4469.91,4477.49,4526.03,4433.82,509059900,5442438474
2008-07-28,4500.95,4499.69,4554.47,4478.08,497032300,5256064750
2008-07-29,4431.46,4429.74,4443.99,4386.63,433036000,4675983320
2008-07-30,4458.47,4375.06,4479.11,4345.04,365194000,3796146120
2008-07-31,4391.42,4258.25,4407.93,4258.25,350451800,3504244527
2008-08-01,4228.98,4258.45,4300.42,4140.26,533211500,5143751160
2008-08-04,4234.14,4145.8,4234.14,4130.58,244166000,2394428351
2008-08-05,4129.33,3992.56,4170.94,3975.79,617742000,5828971099
2008-08-06,4009.82,3981.49,4035.02,3917.51,418875600,3810316541
2008-08-07,3972.82,3985.15,4024.68,3935.1,280634100,2687068003
2008-08-08,3992.51,3805.14,3992.53,3796.43,366541200,3394269690
2008-08-11,3795.82,3595.02,3795.82,3574.16,422359800,3694183943
2008-08-12,3555.66,3629.97,3662.79,3545.18,331036000,2990647261
2008-08-13,3610.66,3653.2,3693.23,3533.17,341889100,2825048028
2008-08-14,3634.62,3646.58,3693.24,3606.58,270878700,2614022822
2008-08-15,3645.78,3613.57,3673.95,3589.27,249149200,2582156756
2008-08-18,3626.47,3425.49,3626.47,3420.75,333842700,2924259790
2008-08-19,3389.72,3479.9,3481.23,3364.29,231237900,1932447297
2008-08-20,3463.75,3723.29,3736.09,3442.14,535082800,4763710764
2008-08-21,3663.82,3579.41,3719.69,3576.7,417750200,3644308701
2008-08-22,3560.63,3527.05,3581.38,3466.06,254124300,2137011217
2008-08-25,3524.63,3502.51,3558.34,3469.93,182070900,1545413339
2008-08-26,3475.12,3440.32,3486.67,3386.55,229197200,1907721084
2008-08-27,3426.4,3408.17,3476.83,3367.39,248520300,2047462325
2008-08-28,3409.01,3391.86,3450.37,3377.1,242486100,2065577855
2008-08-29,3404.07,3475.22,3506.97,3388.46,353704700,3046696405
2008-09-01,3448.44,3374.7,3452.07,3362.18,236155300,2107021332
2008-09-02,3361.95,3361.22,3395.56,3334.3,170606600,1523831069
2008-09-03,3341.95,3305.25,3363.32,3259.89,266256300,2503903565
2008-09-04,3287.92,3314.48,3348.04,3271.87,185897800,1763995873
2008-09-05,3240.09,3211.94,3269.77,3210.05,224882700,1981326515
2008-09-08,3210.31,3100.88,3223.96,3087.66,244746700,1957438627
2008-09-09,3101.28,3111.58,3131.84,3078.98,177489500,1453852996
2008-09-10,3088.76,3119.15,3163.41,3057.99,209500200,1706040140
2008-09-11,3109.37,3025.26,3117.49,3015.08,216965800,1698913741
2008-09-12,3015.51,3042.68,3075.92,3015.51,210118900,1563033161
2008-09-16,3042.24,3021.13,3054.57,2985.14,372740400,2727113836
2008-09-17,3018.81,2953.39,3052.02,2947.3,320951200,2417654600
2008-09-18,2899.87,2926.04,2971.67,2802.26,458817000,3449062686
2008-09-19,3151.83,3177.43,3177.43,3124.06,567942700,4947505728
2008-09-22,3383.29,3292.59,3435.25,3181.81,1185911900,10175384642
2008-09-23,3179.33,3123.63,3207.47,3123.63,621027100,5268038411
2008-09-24,3054.64,3129.07,3129.07,3017.14,381085900,3318295590
2008-09-25,3133.14,3252.06,3283.79,3121.85,827884800,6661871900
2008-09-26,3261.15,3353.57,3369.87,3255.81,767457500,6009914658
2008-10-06,3281.72,3190.52,3283.86,3190.0,588040900,4538592731
2008-10-07,3081.61,3204.09,3247.43,3049.43,482062800,3737765568
2008-10-08,3128.75,3124.07,3187.61,3102.7,387494700,3007331412
2008-10-09,3166.88,3050.74,3182.29,3041.59,458117300,3643471109
2008-10-10,2942.15,2907.96,2957.15,2891.38,375432200,2851102963
2008-10-13,2876.5,2982.77,2982.77,2792.02,407219800,2968287299
2008-10-14,3061.4,2966.53,3082.91,2966.51,661728200,5003952192
2008-10-15,2942.2,2956.72,2981.52,2921.89,430901800,3101096474
2008-10-16,2850.68,2863.99,2933.07,2839.28,565681200,3981381544
2008-10-17,2880.02,2882.75,2900.14,2819.66,369816700,2550459750
2008-10-20,2890.07,2968.3,2972.7,2834.3,465139400,3248940285
2008-10-21,2967.62,2945.57,3002.56,2939.63,495049200,3705541113
2008-10-22,2902.85,2872.46,2959.59,2872.3,380995500,2778996483
2008-10-23,2859.04,2903.01,2908.86,2824.98,447310500,3233216000
2008-10-24,2895.21,2834.3,2913.23,2808.03,348197700,2494555551
2008-10-27,2791.89,2651.16,2791.89,2648.19,515190500,3599016321
2008-10-28,2583.21,2680.12,2698.17,2564.85,655998900,4426294242
2008-10-29,2711.92,2664.09,2733.33,2659.84,472382100,3235956637
2008-10-30,2676.34,2697.81,2742.28,2647.03,485952200,3321230004
2008-10-31,2688.42,2657.3,2703.55,2649.93,258109200,1763692756
2008-11-03,2643.57,2649.41,2682.86,2634.44,242827700,1693094620
2008-11-04,2645.82,2579.39,2645.82,2573.67,303197700,2025226760
2008-11-05,2601.21,2663.84,2687.51,2601.21,386025700,2596513090
2008-11-06,2611.97,2616.84,2636.93,2589.3,314816500,1860998986
2008-11-07,2580.34,2639.93,2655.94,2564.62,291717200,1962520719
2008-11-10,2679.32,2801.57,2802.22,2679.32,699327000,4533472809
2008-11-11,2797.2,2804.2,2874.07,2770.0,913888600,6237915002
2008-11-12,2765.9,2819.5,2821.3,2753.95,570296300,4213644951
2008-11-13,2789.21,2925.14,2955.78,2777.24,1005475000,7154922000
2008-11-14,2957.61,3040.83,3042.6,2937.95,1112639700,7982728866
2008-11-17,3025.1,3085.97,3085.97,3002.04,1168433200,8509565095
2008-11-18,3063.81,2877.28,3081.38,2864.02,1071973100,7646765872
2008-11-19,2865.13,3033.81,3040.74,2859.43,892164600,6365279010
2008-11-20,2986.01,3046.04,3105.73,2970.8,1061009300,7799772866
2008-11-21,2971.03,3072.39,3128.32,2922.5,1120074000,7923895974
2008-11-24,3054.26,2944.96,3067.54,2944.96,584347100,4147478104
2008-11-25,2981.73,2945.35,3003.79,2901.47,449651000,3203142784
2008-11-26,2946.88,2984.21,3027.42,2922.04,604286900,4305267671
2008-11-27,3161.29,3030.59,3167.64,3030.59,1181412900,8427236735
2008-11-28,3002.18,2995.29,3037.13,2985.21,535462500,3840636376
2008-12-01,2988.63,3052.43,3053.76,2974.33,524774500,3839007110
2008-12-02,2995.26,3070.69,3103.92,2986.88,621116700,4622845342
2008-12-03,3084.01,3184.13,3184.91,3084.01,905116100,6713832581
2008-12-04,3212.03,3211.85,3321.11,3211.42,1308019600,10067049370
2008-12-05,3196.92,3286.84,3292.38,3194.2,937783600,7036715233
2008-12-08,3319.31,3395.12,3404.07,3313.66,1139906100,8903240978
2008-12-09,3408.94,3328.18,3419.76,3318.48,985761200,8072101655
2008-12-10,3306.3,3371.29,3374.17,3268.49,762120900,5933694218
2008-12-11,3369.05,3323.75,3414.22,3319.86,752488400,6184526483
2008-12-12,3309.9,3216.2,3324.6,3178.46,718123100,5861466943
2008-12-15,3262.05,3227.84,3282.46,3171.15,577078500,5068479000
2008-12-16,3211.7,3289.88,3289.88,3160.9,564547300,4747200524
2008-12-17,3297.63,3312.16,3343.08,3290.94,696516900,5716679866
2008-12-18,3315.11,3357.2,3359.73,3279.77,764956300,6287416856
2008-12-19,3343.72,3363.19,3390.13,3331.13,639903700,5647860932
2008-12-22,3360.25,3292.93,3371.31,3254.35,673366400,5615033101
2008-12-23,3301.16,3152.78,3301.16,3151.68,801686000,6109632777
2008-12-24,3118.25,3097.55,3135.42,3075.35,465827700,3586094233
2008-12-25,3100.66,3069.16,3120.96,3035.07,417759900,3283729847
2008-12-26,3042.53,3010.61,3051.27,2995.84,452284500,3690161270
2008-12-29,2973.53,2984.13,2992.45,2906.44,361552500,2713667690
2008-12-30,2973.17,2930.07,2976.05,2907.77,386576100,2896782085
2008-12-31,2924.12,2889.04,2929.5,2877.17,614563600,3757322711
2009-01-05,2914.35,2961.12,2961.12,2904.74,594087900,4214786058
2009-01-06,2959.62,3045.56,3050.54,2947.12,922105400,7250058666
2009-01-07,3032.42,3010.85,3055.06,3006.57,725661600,6138810894
2009-01-08,2958.51,2968.79,2982.94,2935.63,681228100,9343066137
2009-01-09,2968.04,3000.64,3015.73,2963.04,531419500,5982186165
2009-01-12,2986.85,2994.34,3031.61,2970.56,616002900,5881072460
2009-01-13,2957.0,2918.92,2984.26,2917.69,613167800,5336403928
2009-01-14,2917.36,3031.25,3031.25,2917.36,712874700,6218961660
2009-01-15,2999.28,3025.18,3062.4,2988.89,788418300,6975660195
2009-01-16,3039.04,3053.62,3100.62,3039.04,998830700,8156842645
2009-01-19,3073.62,3079.43,3127.34,3049.11,830102100,7456080400
2009-01-20,3074.22,3087.98,3091.27,3044.26,673969700,5238208873
2009-01-21,3047.3,3085.03,3111.0,3038.73,753474100,6318929159
2009-01-22,3094.34,3123.93,3128.0,3072.64,706793500,6537908455
2009-01-23,3114.68,3112.97,3145.51,3098.63,687378500,6098375441
2009-02-02,3140.39,3142.55,3146.69,3105.89,557685100,5070465311
2009-02-03,3142.04,3213.11,3213.11,3114.03,1186705000,10008910952
2009-02-04,3222.68,3291.08,3291.08,3214.22,1255147100,10759959838
2009-02-05,3289.03,3282.11,3373.66,3255.05,1618272400,14237673575
2009-02-06,3294.86,3439.64,3439.64,3294.86,1538414000,13816135632
2009-02-09,3493.7,3575.36,3584.39,3475.43,1817680100,16816281004
2009-02-10,3571.9,3679.96,3680.99,3507.75,1685906700,15975960636
2009-02-11,3614.19,3644.18,3740.5,3585.22,1929766800,18937197695
2009-02-12,3649.51,3652.22,3682.04,3511.03,1680781700,16355020928
2009-02-13,3658.14,3778.47,3789.27,3640.68,1731988800,17633031996
2009-02-16,3810.16,3848.64,3848.64,3745.88,2007329600,19236917134
2009-02-17,3855.61,3709.03,3862.13,3708.39,1897342100,17956113475
2009-02-18,3627.52,3525.87,3683.95,3525.29,1491843100,14117277455
2009-02-19,3560.48,3611.25,3626.22,3533.99,1249973500,11228441725
2009-02-20,3620.7,3720.6,3720.6,3591.16,1184286200,11506281147
2009-02-23,3728.13,3827.0,3845.37,3710.59,1488278800,13948397278
2009-02-24,3785.74,3674.87,3877.14,3667.25,1940832400,18633388524
2009-02-25,3703.19,3618.38,3721.95,3520.85,1364091500,13080551982
2009-02-26,3610.41,3427.59,3679.72,3365.61,1138786500,10864841756
2009-02-27,3389.41,3326.74,3412.01,3255.46,1047211200,9182077374
2009-03-02,3293.14,3397.79,3418.86,3271.67,869704200,7474673569
2009-03-03,3319.86,3383.64,3425.01,3297.4,826150300,7131958082
2009-03-04,3401.14,3593.31,3608.34,3401.14,1344150100,12000476607
2009-03-05,3643.05,3601.62,3673.01,3544.92,1356526100,12967234525
2009-03-06,3544.12,3595.27,3640.83,3524.36,1075351000,9920948412
2009-03-09,3617.03,3472.42,3667.77,3457.59,924015500,8690747228
2009-03-10,3421.6,3516.72,3516.72,3400.17,703049500,6589201235
2009-03-11,3587.51,3488.09,3599.96,3471.07,863102700,7903869502
2009-03-12,3470.9,3490.04,3501.17,3390.17,633064600,5720124918
2009-03-13,3506.37,3459.87,3529.91,3448.19,565197500,5286461735
2009-03-16,3452.72,3510.43,3515.97,3430.05,558446100,5114458305
2009-03-17,3524.22,3667.09,3679.98,3520.78,1282016100,12464030232
2009-03-18,3688.18,3717.29,3776.45,3678.97,1515031800,15122398615
2009-03-19,3724.41,3780.8,3797.87,3709.26,1255230600,13074946255
2009-03-20,3806.03,3812.66,3839.64,3743.42,1583011000,17341435568
2009-03-23,3831.39,3907.67,3946.67,3811.84,1658295800,16924679624
2009-03-24,3965.21,3923.34,3973.93,3894.81,1550563600,15374281532
2009-03-25,3896.96,3836.64,3958.03,3836.64,1244283900,13309171908
2009-03-26,3829.41,3928.84,3930.88,3759.24,1137218100,12678868142
2009-03-27,3953.81,3930.79,3988.19,3906.67,1660645800,16796769511
2009-03-30,3926.96,3889.12,3927.43,3861.74,1079000400,11119210031
2009-03-31,3821.5,3909.43,3909.43,3806.47,1007997500,10246297273
2009-04-01,3933.69,3991.8,4030.19,3933.69,1562942300,17415178252
2009-04-02,4006.41,4033.46,4071.49,3989.02,1678965300,18261480089
2009-04-03,4064.1,3990.5,4087.09,3970.16,1501581300,16363399271
2009-04-07,3993.65,4009.28,4036.06,3957.69,1043692700,11746140317
2009-04-08,3998.21,3879.65,4008.41,3879.62,1030153700,11390867150
2009-04-09,3875.96,3940.66,3940.66,3855.9,872623900,9661431731
2009-04-10,3965.49,4048.8,4050.28,3954.24,1044535200,12717471404
2009-04-13,4093.51,4139.96,4161.96,4091.73,1811127600,20055936645
2009-04-14,4133.14,4203.76,4214.7,4105.53,1523845200,16931694602
2009-04-15,4182.55,4252.4,4257.21,4148.01,1689998800,18366855546
2009-04-16,4269.45,4242.9,4278.58,4182.84,1879685300,18340968198
2009-04-17,4229.47,4153.58,4229.47,4130.01,1312226200,14192827935
2009-04-20,4142.79,4228.99,4233.53,4135.26,1330368700,14073154752
2009-04-21,4167.91,4167.28,4212.72,4106.46,1387851600,14748760640
2009-04-22,4181.89,4002.3,4217.25,3978.36,1477522000,15617537087
2009-04-23,3972.64,4057.35,4073.41,3954.85,1014734200,11240444709
2009-04-24,4068.58,4006.96,4072.74,4005.58,733573300,8159386424
2009-04-27,3995.07,3927.84,4013.62,3902.61,725673600,7314884208
2009-04-28,3901.78,3940.21,3959.43,3894.57,705377100,7414053334
2009-04-29,3932.24,4038.77,4054.51,3921.33,836795700,9383800545
2009-04-30,4079.43,4091.03,4110.66,4058.22,1043750300,10754016797
2009-05-04,4125.66,4270.18,4271.2,4123.75,1375894800,15114206750
2009-05-05,4291.14,4293.2,4344.25,4282.61,1285329700,13708385878
2009-05-06,4269.92,4366.94,4383.24,4258.96,1485750000,16727793308
2009-05-07,4406.32,4344.65,4442.64,4279.09,1605120600,19396363652
2009-05-08,4308.57,4410.13,4443.12,4289.53,1510178700,17580618431
2009-05-11,4443.89,4275.5,4465.8,4274.22,1648649900,17974573196
2009-05-12,4232.64,4432.56,4432.56,4228.85,1181508300,12544936755
2009-05-13,4440.48,4461.22,4491.98,4422.05,1409093300,15846864035
2009-05-14,4409.0,4449.96,4469.27,4370.98,991188200,11535920106
2009-05-15,4457.36,4450.44,4490.21,4400.73,801594100,9331460926
2009-05-18,4420.05,4483.62,4492.95,4339.25,923089600,10997143999
2009-05-19,4520.99,4538.67,4548.19,4500.8,1296648500,15563764894
2009-05-20,4547.98,4525.52,4580.81,4516.1,1147429000,14863429052
2009-05-21,4493.12,4414.86,4515.14,4389.81,1008615800,12766174718
2009-05-22,4389.87,4390.77,4429.42,4348.17,821222900,9554697907
2009-05-25,4293.65,4433.8,4445.62,4260.38,963736900,12951991102
2009-05-26,4426.13,4348.06,4438.93,4341.77,923787000,11619545809
2009-05-27,4382.96,4382.44,4407.19,4329.92,780717200,9320020678
2009-06-01,4450.64,4525.48,4542.07,4450.64,1112281900,14226326281
2009-06-02,4566.07,4562.24,4600.81,4540.03,1157164400,14931432607
2009-06-03,4560.48,4668.49,4668.49,4548.08,1315350300,15345672235
2009-06-04,4637.84,4682.49,4699.27,4595.65,1513044100,17075303084
2009-06-05,4698.33,4639.47,4738.22,4636.86,1252795200,15600454303
2009-06-08,4621.3,4645.23,4692.78,4578.09,1004275900,12486119864
2009-06-09,4671.22,4668.87,4677.32,4576.18,950121800,11851084399
2009-06-10,4716.77,4716.75,4728.73,4661.09,1048510500,12746309932
2009-06-11,4706.54,4651.5,4718.04,4628.09,943268800,11760553020
2009-06-12,4641.26,4590.83,4690.66,4545.68,847176400,10124957799
2009-06-15,4577.85,4620.24,4620.24,4530.3,683925100,8695488637
2009-06-16,4574.12,4597.0,4634.42,4558.28,804599600,9283207085
2009-06-17,4590.73,4759.39,4770.65,4566.17,1142389200,13611742323
2009-06-18,4756.46,4814.91,4835.85,4754.67,1106404800,14297876743
2009-06-19,4827.38,4860.71,4878.09,4792.41,1060393400,13180118756
2009-06-22,4890.45,4857.73,4910.8,4832.77,1110687200,13017969041
2009-06-23,4788.17,4847.92,4919.64,4761.67,1303448500,14691727432
2009-06-24,4850.27,4980.01,4980.01,4845.65,1387423200,17135658543
2009-06-25,4988.26,4967.22,5016.03,4941.4,1008513600,13106518932
2009-06-26,4979.84,4974.74,4997.94,4936.06,721352000,9900479940
2009-06-29,4970.97,5046.4,5072.61,4932.55,988184300,12545056262
2009-06-30,5056.38,5027.27,5074.63,5014.07,955257900,12322359274
2009-07-01,5008.05,5124.93,5136.98,4997.07,1083026900,13136612026
2009-07-02,5140.93,5181.31,5181.31,5124.03,1237993900,15104999372
2009-07-03,5141.88,5294.72,5304.43,5127.93,1244411300,15579620222
2009-07-06,5313.69,5401.13,5412.41,5313.69,1627429500,20592449368
2009-07-07,5395.96,5359.98,5450.57,5329.39,1461173800,18607928406
2009-07-08,5302.53,5419.86,5429.49,5253.93,1126360300,14801487773
2009-07-09,5424.38,5481.62,5490.74,5396.69,1196253200,16027842124
2009-07-10,5476.42,5494.01,5541.16,5447.78,1277907200,16767794459
2009-07-13,5478.93,5443.31,5511.76,5432.99,953092700,12826611592
2009-07-14,5453.06,5573.43,5573.43,5453.06,1263739500,16319155036
2009-07-15,5595.09,5657.84,5670.16,5595.09,1618548000,22652232086
2009-07-16,5693.76,5664.94,5737.77,5642.31,1565882600,23603210449
2009-07-17,5659.12,5734.93,5746.75,5659.11,1184409200,16833185772
2009-07-20,5750.59,5873.82,5874.92,5723.49,1511082300,21711050547
2009-07-21,5871.4,5770.02,5876.43,5757.18,1459688100,20209226661
2009-07-22,5734.1,5840.88,5890.02,5734.1,1210802000,17612245144
2009-07-23,5858.77,5943.97,5943.97,5836.75,1362742600,18861770214
2009-07-24,5983.12,5964.19,6008.9,5826.87,1391237500,21936299618
2009-07-27,5987.7,6075.37,6082.93,5941.24,1347098400,20887162801
2009-07-28,6106.39,6136.65,6156.93,6041.99,1805551700,28543310132
2009-07-29,6104.04,5761.08,6104.04,5599.43,1673140200,25620248380
2009-07-30,5773.99,5815.1,5876.69,5585.99,1526539500,23085486142
2009-07-31,5873.15,6018.71,6020.21,5804.69,1536824100,23950610288
2009-08-03,6045.83,6155.59,6169.47,6005.02,1658976000,26096987752
2009-08-04,6200.13,6220.45,6229.68,6079.96,1591818600,25952240806
2009-08-05,6220.39,6124.8,6220.39,6028.7,1379778100,21535696134
2009-08-06,6072.33,5989.73,6115.39,5883.29,1388042600,20842320860
2009-08-07,5959.8,5736.95,6007.84,5720.85,1117702900,17105382487
2009-08-10,5788.52,5760.41,5858.24,5647.03,939381200,15106458598
2009-08-11,5786.75,5817.16,5840.16,5725.52,834555200,12940977543
2009-08-12,5788.48,5556.72,5788.48,5539.43,1086254800,15870954710
2009-08-13,5570.77,5644.03,5655.55,5468.72,973027800,14685478653
2009-08-14,5646.38,5504.17,5717.88,5504.17,1009482900,16040677651
2009-08-17,5391.75,5085.43,5428.38,5080.91,1125398600,15350231920
2009-08-18,5038.08,5175.86,5205.16,5032.54,862779500,11783046288
2009-08-19,5192.69,4922.57,5194.69,4850.99,943024300,12572008512
2009-08-20,4915.85,5105.19,5118.11,4915.85,1016021200,14210959306
2009-08-21,5077.85,5210.08,5237.51,5045.23,1020489200,14200493372
2009-08-24,5246.97,5289.29,5314.44,5193.16,908170500,13267122324
2009-08-25,5255.31,5132.08,5255.31,4956.8,1031769300,14216132968
2009-08-26,5091.0,5249.9,5299.48,5063.52,901811400,12759180031
2009-08-27,5194.84,5208.85,5313.52,5137.8,943699500,12707119613
2009-08-28,5201.25,5001.91,5233.03,4984.83,883165700,12314615708
2009-08-31,4935.88,4604.8,4935.88,4595.35,1042608000,13117825541
2009-09-01,4540.08,4604.03,4701.01,4487.57,942217600,11934153174
2009-09-02,4567.28,4644.02,4691.98,4539.78,745593100,9644776152
2009-09-03,4666.25,4956.17,4974.21,4666.06,1200898600,15200252965
2009-09-04,4961.29,4999.74,5047.73,4937.87,1054394100,14279560608
2009-09-07,5024.18,5026.29,5110.3,4978.02,979490600,13307476865
2009-09-08,4982.34,5155.71,5155.71,4923.11,1024612500,14023517691
2009-09-09,5198.87,5244.19,5251.87,5138.49,1213496800,17691638956
2009-09-10,5210.32,5191.13,5276.13,5168.63,794747200,11335295259
2009-09-11,5163.94,5255.97,5301.84,5160.86,839723100,11787874677
2009-09-14,5272.79,5380.83,5380.83,5257.19,912948400,12522976426
2009-09-15,5390.02,5426.73,5473.36,5360.9,821687800,12124267894
2009-09-16,5418.57,5374.55,5450.21,5287.28,1029310300,14838007166
2009-09-17,5390.64,5446.32,5467.58,5390.64,860762000,12434584698
2009-09-18,5445.07,5238.34,5448.31,5183.1,928133700,12855648355
2009-09-21,5168.01,5250.98,5251.47,5047.61,763532600,10341171349
2009-09-22,5227.08,5125.42,5310.15,5120.82,907199700,11813965911
2009-09-23,5115.04,4964.62,5164.84,4928.69,761119200,10441858029
2009-09-24,4930.2,4951.9,5028.61,4783.2,723723300,9293224880
2009-09-25,4909.57,4895.51,4969.82,4855.8,545233700,6559191852
2009-09-28,4909.02,4757.7,4952.05,4736.09,469752800,5857257946
2009-09-29,4760.44,4738.75,4789.17,4664.33,478429500,5832676443
2009-09-30,4774.3,4828.33,4869.0,4774.3,457069200,5966714028
2009-10-09,4961.21,5088.44,5088.44,4939.1,622105000,8941326046
2009-10-12,5099.98,5055.46,5106.34,5038.48,595965400,8486021124
2009-10-13,5052.29,5138.29,5138.29,5036.78,592765100,8114655777
2009-10-14,5152.79,5200.18,5282.16,5139.73,968028800,13594695629
2009-10-15,5248.58,5227.47,5308.2,5216.85,763533600,10464321838
2009-10-16,5246.04,5226.44,5279.8,5141.96,605537800,8734642979
2009-10-19,5224.98,5428.78,5429.18,5221.56,1116089800,16405119890
2009-10-20,5465.18,5490.62,5497.49,5434.85,1028606900,15846067766
2009-10-21,5498.7,5509.58,5575.57,5470.35,1051981500,14994841924
2009-10-22,5509.54,5488.21,5549.48,5474.99,984453200,12843376037
2009-10-23,5500.41,5595.32,5639.53,5500.41,1280779200,17413577298
2009-10-26,5605.81,5603.52,5638.53,5558.53,885574300,12718050244
2009-10-27,5554.44,5424.12,5566.95,5424.12,941110800,13352067714
2009-10-28,5392.49,5466.76,5478.53,5335.92,815588400,11183996794
2009-10-29,5349.26,5295.97,5383.33,5285.87,802001700,11219042921
2009-10-30,5395.26,5339.11,5432.03,5336.3,774610900,10658625881
2009-11-02,5210.15,5505.79,5507.56,5181.39,884434800,12048956708
2009-11-03,5524.21,5577.25,5582.95,5507.42,1067043600,13788487585
2009-11-04,5589.36,5600.53,5636.01,5528.21,1108669400,15229297829
2009-11-05,5600.07,5611.13,5628.02,5546.42,865344600,11079852312
2009-11-06,5648.96,5662.75,5701.62,5637.32,1150916800,15002352045
2009-11-09,5661.75,5698.36,5707.74,5633.82,1026376400,13216936688
2009-11-10,5746.83,5719.05,5777.86,5716.53,1162735300,15340690589
2009-11-11,5713.52,5681.75,5725.64,5631.2,804462400,10723429673
2009-11-12,5693.99,5695.95,5744.01,5677.16,971521300,12611516728
2009-11-13,5672.22,5717.22,5717.22,5589.7,986741800,13434840195
2009-11-16,5761.17,5927.47,5927.47,5759.09,1473544200,21554391292
2009-11-17,5966.73,5923.43,5978.33,5899.05,1182336000,17686188535
2009-11-18,5928.59,5924.62,5967.51,5885.63,954422500,14773178256
2009-11-19,5936.67,5954.62,5954.62,5875.29,1054815200,14622884770
2009-11-20,5935.6,5933.56,5977.87,5880.75,1106222600,14415847764
2009-11-23,5942.48,5994.13,5994.13,5921.66,1138754600,16152251297
2009-11-24,6013.14,5822.28,6094.32,5803.22,2058095800,27701850524
2009-11-25,5804.07,5998.09,5998.09,5773.67,1493820500,19379947162
2009-11-26,6019.79,5826.26,6092.83,5801.85,1757196300,24411251590
2009-11-27,5726.53,5607.51,5808.8,5582.39,1193601900,16532829020
2009-11-30,5669.29,5849.09,5849.09,5669.29,996898400,14980926896
2009-12-01,5845.61,5949.76,5949.76,5805.78,1214718100,16916247515
2009-12-02,5976.57,6016.63,6042.05,5955.18,1302839500,18276530654
2009-12-03,6013.24,6018.9,6034.76,5943.21,1108578100,14983380505
2009-12-04,6002.33,6047.77,6098.73,5874.32,1294843400,18608736542
2009-12-07,6052.62,6106.82,6112.56,6017.29,1089217500,14707395091
2009-12-08,6120.66,6064.86,6122.07,5997.12,1094214700,15016346292
2009-12-09,5989.07,5987.5,6047.93,5966.82,800374800,11472275861
2009-12-10,6014.98,5993.8,6064.25,5948.72,724357800,10281161611
2009-12-11,6022.35,5990.59,6063.87,5980.51,753383800,10086444708
2009-12-14,5995.7,6032.59,6034.41,5862.99,862253100,11880973886
2009-12-15,6000.57,6001.03,6057.25,5967.84,957716900,13131958313
2009-12-16,5979.9,5942.74,6035.69,5934.57,573914900,8700900262
2009-12-17,5958.91,5807.71,5980.57,5791.21,643757200,9325158411
2009-12-18,5753.86,5586.31,5753.86,5582.92,778053300,10872238728
2009-12-21,5585.18,5617.37,5618.31,5529.0,561268400,8022709681
2009-12-22,5627.14,5439.23,5631.57,5439.23,588444700,8752009647
2009-12-23,5437.41,5498.96,5515.95,5431.76,505204500,7510313690
2009-12-24,5520.9,5717.99,5730.29,5508.0,712957400,10858673041
2009-12-25,5708.48,5711.32,5748.0,5673.18,509967400,7759358167
2009-12-28,5720.02,5796.66,5821.84,5720.02,587541000,8829294825
2009-12-29,5807.95,5811.47,5811.47,5733.31,556565600,8126273930
2009-12-30,5809.54,5874.54,5874.54,5788.23,820896100,12475524768
2009-12-31,5860.23,5896.15,5896.15,5810.83,643014800,9860059081
2010-01-04,5922.67,5857.32,5928.72,5853.16,605598900,9611812119
2010-01-05,5859.04,5872.04,5894.3,5790.59,883237500,14274717663
2010-01-06,5868.34,5882.81,5958.17,5843.79,902665200,15131569971
2010-01-07,5890.57,5770.39,5921.98,5734.85,937068000,15965971720
2010-01-08,5749.24,5772.24,5774.13,5677.5,737863400,11870813924
2010-01-11,5864.58,5722.65,5895.45,5693.75,897046800,13522964106
2010-01-12,5714.61,5850.87,5850.87,5667.45,985453900,14991452796
2010-01-13,5696.75,5713.7,5792.96,5676.06,1209548500,19884895347
2010-01-14,5720.39,5770.4,5775.36,5682.85,859671800,13607217522
2010-01-15,5778.48,5778.77,5806.79,5727.22,796438600,11774179726
2010-01-18,5764.94,5831.24,5836.61,5726.77,817177600,12901540602
2010-01-19,5839.06,5825.54,5858.49,5806.83,820880600,12656643976
2010-01-20,5833.52,5620.54,5839.74,5605.44,987177100,14985577384
2010-01-21,5623.68,5590.02,5646.35,5511.87,692340600,11118055167
2010-01-22,5519.12,5427.97,5519.12,5348.28,900483600,12656673047
2010-01-25,5386.75,5354.23,5434.63,5349.15,855522400,9039741863
2010-01-26,5356.64,5192.7,5378.57,5159.66,785905700,9604842209
2010-01-27,5189.68,5171.13,5246.29,5116.38,634258400,8891473704
2010-01-28,5162.74,5223.03,5240.52,5118.67,650345700,9178400837
2010-01-29,5194.28,5220.08,5298.76,5173.2,656173400,8436042702
2010-02-01,5204.01,5125.22,5206.03,5061.73,645889600,8766889081
2010-02-02,5143.11,5110.91,5209.23,5109.06,593021400,7888397171
2010-02-03,5134.22,5263.83,5263.83,5027.16,847834900,11646792845
2010-02-04,5229.07,5245.56,5293.43,5200.15,742925200,10050877092
2010-02-05,5130.26,5135.76,5177.77,5089.59,725057100,9284087332
2010-02-08,5126.79,5148.78,5171.2,5103.78,425531600,5539900687
2010-02-09,5141.4,5172.55,5189.75,5128.2,460145000,6297845872
2010-02-10,5214.92,5240.36,5241.23,5197.44,416657600,6212439351
2010-02-11,5238.79,5263.31,5293.37,5222.63,455066100,6190801001
2010-02-12,5286.92,5312.05,5320.26,5282.44,354553100,5367401667
2010-02-22,5312.87,5293.64,5341.47,5291.39,382966300,5378397772
2010-02-23,5282.12,5259.68,5282.12,5177.67,482543500,6804288814
2010-02-24,5222.16,5360.38,5360.38,5200.43,579383100,7664225892
2010-02-25,5380.27,5433.05,5435.3,5373.53,687983500,9090064286
2010-02-26,5426.37,5400.75,5434.67,5394.38,517402900,7151161461
2010-03-01,5433.59,5463.8,5471.98,5404.31,724180900,10820551661
2010-03-02,5452.34,5430.1,5485.49,5412.67,754818500,10233415635
2010-03-03,5427.69,5467.73,5471.53,5397.55,722386500,9259183222
2010-03-04,5473.51,5315.69,5494.74,5305.97,801004000,10222051438
2010-03-05,5307.58,5318.21,5366.39,5290.44,558391500,7552387347
2010-03-08,5337.21,5358.35,5376.36,5325.55,563668400,7520217881
2010-03-09,5357.52,5404.55,5428.39,5299.58,753498200,10232479960
2010-03-10,5400.31,5349.85,5417.24,5330.45,557543500,7395966560
2010-03-11,5352.47,5332.12,5375.27,5292.49,498779200,6601107947
2010-03-12,5337.81,5266.28,5344.81,5263.56,543769800,6800978077
2010-03-15,5264.44,5159.99,5269.26,5141.3,448446400,6030437261
2010-03-16,5169.48,5167.62,5189.9,5119.43,327117000,4523821145
2010-03-17,5194.98,5286.81,5286.81,5178.74,499777900,6378531788
2010-03-18,5298.57,5301.98,5336.32,5282.53,637795000,7488716380
2010-03-19,5312.08,5358.65,5362.21,5276.38,737124200,9580661258
2010-03-22,5357.36,5349.53,5370.9,5320.24,568786000,7523774631
2010-03-23,5354.07,5332.98,5376.54,5324.71,569173300,7975482537
2010-03-24,5334.52,5322.06,5353.36,5309.07,585505700,7290163835
2010-03-25,5308.59,5253.49,5308.59,5236.9,655957000,7595622961
2010-03-26,5252.71,5306.74,5324.38,5230.77,618143400,7383808501
2010-03-29,5333.49,5431.39,5442.68,5329.51,906883300,13210705582
2010-03-30,5443.04,5434.13,5447.25,5416.23,642160100,9531885582
2010-03-31,5436.03,5402.63,5439.48,5388.69,659606800,9162564445
2010-04-01,5415.25,5483.77,5483.77,5415.25,896028200,11816692697
2010-04-02,5500.65,5522.84,5536.59,5497.53,1043817800,14748897924
2010-04-06,5556.67,5528.61,5572.14,5499.43,999638600,14270648539
2010-04-07,5530.27,5517.19,5540.13,5491.17,763259900,9816649391
2010-04-08,5501.57,5442.69,5504.5,5421.65,835659000,11535693706
2010-04-09,5452.26,5502.46,5502.46,5435.99,631475400,9343772613
2010-04-12,5521.38,5461.38,5528.71,5432.59,903305200,12428449488
2010-04-13,5452.3,5500.57,5511.58,5383.47,1003552100,13855595897
2010-04-14,5501.15,5520.34,5525.95,5474.27,818507800,11870726938
2010-04-15,5521.25,5483.16,5524.07,5447.08,788583300,10890314651
2010-04-16,5479.22,5440.34,5483.01,5419.34,637821800,8424501699
2010-04-19,5370.39,5128.05,5370.39,5128.05,1108161700,14727178089
2010-04-20,5121.82,5112.83,5154.68,5026.82,871594900,11365202870
2010-04-21,5122.33,5208.63,5212.48,5096.03,829769900,11270156129
2010-04-22,5195.43,5169.55,5212.67,5114.91,826976000,11466549971
2010-04-23,5151.53,5146.91,5218.8,5135.85,779068700,11262887644
2010-04-26,5163.22,5125.74,5184.3,5121.98,610847300,8592461206
2010-04-27,5110.46,5026.5,5110.46,4943.43,741503500,9877761168
2010-04-28,4975.95,5001.9,5052.28,4945.52,571314300,7932978318
2010-04-29,5024.65,4926.13,5052.31,4926.13,548248000,7254053198
2010-04-30,4901.03,4903.34,4921.27,4823.84,606937600,8139255378
2010-05-04,4821.26,4833.12,4904.56,4802.99,468536000,5691742440
2010-05-05,4783.96,4828.11,4829.83,4679.53,699677800,9367966896
2010-05-06,4803.47,4604.65,4803.47,4601.69,713878600,10093268168
2010-05-07,4493.8,4464.01,4559.35,4451.76,725689200,9145176387
2010-05-10,4467.65,4509.9,4529.1,4414.83,567452400,6943354790
2010-05-11,4596.37,4470.11,4609.43,4460.23,670007200,8576892757
2010-05-12,4437.69,4491.27,4514.22,4386.17,578484600,6718844552
2010-05-13,4498.41,4605.95,4605.95,4468.21,597236000,7399241251
2010-05-14,4570.09,4573.35,4596.93,4534.81,501112000,6191626971
2010-05-17,4503.52,4307.39,4503.52,4304.11,599496200,6804834087
2010-05-18,4294.74,4429.12,4451.76,4251.11,705509300,7589799470
2010-05-19,4381.45,4412.34,4483.45,4339.04,544600100,6200501135
2010-05-20,4383.59,4374.85,4484.38,4369.69,559259200,6545005000
2010-05-21,4266.92,4478.13,4478.13,4250.08,732199100,7794361960
2010-05-24,4513.5,4660.73,4680.83,4513.5,913466900,10348544732
2010-05-25,4621.86,4566.24,4630.93,4539.37,679836700,7921428768
2010-05-26,4563.14,4575.5,4613.78,4543.43,493245700,5601364274
2010-05-27,4563.96,4643.94,4660.75,4507.26,604249000,6928491237
2010-05-28,4692.33,4628.98,4710.15,4603.42,649562000,8033677277
2010-05-31,4614.11,4515.91,4663.58,4515.84,584286100,7436299741
2010-06-01,4480.87,4456.17,4521.43,4398.15,528701100,6323014414
2010-06-02,4440.74,4501.49,4501.49,4392.22,454196800,5357520734
2010-06-03,4529.64,4468.64,4556.5,4468.64,502917800,6022768168
2010-06-04,4450.79,4477.54,4485.45,4430.07,385489400,4453430653
2010-06-07,4386.41,4373.02,4419.86,4347.83,507801400,5916662584
2010-06-08,4367.19,4380.28,4412.56,4344.01,365917900,4470530955
2010-06-09,4401.6,4490.56,4495.34,4370.44,667314000,7352437503
2010-06-10,4466.46,4451.14,4488.34,4441.02,508538400,5513817522
2010-06-11,4477.61,4480.71,4504.29,4468.82,556715400,6421577376
2010-06-17,4509.27,4458.53,4524.0,4458.06,383126500,4390473013
2010-06-18,4462.84,4368.84,4483.09,4351.78,480243200,5395698061
2010-06-21,4362.05,4494.43,4494.76,4324.4,648503000,6751912605
2010-06-22,4471.96,4507.26,4535.67,4462.65,497813000,5662550682
2010-06-23,4480.35,4442.65,4496.71,4404.64,455467600,5152116178
2010-06-24,4432.83,4437.87,4469.87,4405.98,337324800,3621350890
2010-06-25,4412.44,4370.97,4420.79,4341.92,344751600,3717638146
2010-06-28,4368.36,4315.36,4380.52,4299.53,333229500,3604223737
2010-06-29,4320.16,4110.13,4334.19,4108.83,578726300,5705546617
2010-06-30,4079.36,4046.25,4083.09,4028.18,372459500,3926382650
2010-07-01,4038.97,3989.89,4078.81,3989.89,371160000,3364046168
2010-07-02,3985.64,4009.89,4024.47,3880.98,512480800,4659348461
2010-07-05,3965.31,3971.6,4000.91,3899.17,421475700,3844943072
2010-07-06,3955.13,4060.88,4071.91,3951.61,484538500,4688322991
2010-07-07,4066.96,4104.01,4104.01,4049.93,432545400,4428668070
2010-07-08,4121.46,4092.13,4135.6,4075.87,426361600,4239110936
2010-07-09,4097.05,4253.4,4271.26,4056.46,815224200,8089770396
2010-07-12,4254.17,4330.56,4347.36,4233.45,847287700,8270908664
2010-07-13,4283.8,4255.69,4283.8,4224.13,608215000,6043956987
2010-07-14,4261.15,4278.95,4337.74,4254.9,626664400,6840674233
2010-07-15,4272.89,4227.52,4340.28,4224.82,596448800,5988083430
2010-07-16,4204.78,4273.87,4288.59,4172.43,495472500,5142698488
2010-07-19,4230.61,4396.59,4421.9,4221.76,794528000,8800580066
2010-07-20,4394.36,4500.34,4520.09,4394.36,906404200,10192394375
2010-07-21,4503.83,4495.96,4540.17,4475.7,937317600,9600261195
2010-07-22,4484.49,4577.7,4578.09,4471.79,824673600,8247029055
2010-07-23,4590.5,4589.93,4620.58,4541.79,780464300,8812671211
2010-07-26,4598.65,4625.24,4625.24,4550.92,701316700,7841771591
2010-07-27,4612.93,4607.77,4639.13,4579.27,621748600,7181620944
2010-07-28,4605.77,4727.04,4731.74,4586.22,960196200,10151687736
2010-07-29,4733.07,4744.64,4767.97,4698.4,1187980900,11089815617
2010-07-30,4733.07,4720.04,4743.8,4677.8,834928200,7939147443
2010-08-02,4720.79,4805.14,4809.25,4717.85,935582500,9612701758
2010-08-03,4817.43,4734.83,4843.17,4734.83,1009313200,11233927111
2010-08-04,4712.25,4750.47,4750.55,4637.38,918225400,9599384736
2010-08-05,4744.78,4687.69,4745.32,4659.19,802580800,8519016576
2010-08-06,4678.82,4770.73,4772.57,4611.53,956334900,10882475188
2010-08-09,4760.77,4809.02,4809.11,4749.93,938062200,10928484922
2010-08-10,4813.07,4693.79,4838.82,4693.79,917433200,10556779420
2010-08-11,4660.93,4740.37,4754.76,4656.34,849956800,9513533622
2010-08-12,4681.85,4677.93,4768.06,4656.31,925369700,10320625841
2010-08-13,4674.05,4759.27,4759.27,4632.01,816841600,9289180866
2010-08-16,4749.74,4865.71,4878.62,4727.81,1037770900,11764139212
2010-08-17,4869.42,4897.87,4914.68,4852.22,871146900,9796934336
2010-08-18,4910.28,4888.72,4930.7,4865.36,931759400,11127921079
2010-08-19,4890.23,4923.14,4968.58,4865.86,1068370300,13553452197
2010-08-20,4906.48,4831.31,4930.1,4825.51,1024036200,12617675019
2010-08-23,4831.31,4836.73,4871.45,4822.48,807719000,9236720874
2010-08-24,4828.91,4923.64,4965.88,4807.73,943705100,9744583620
2010-08-25,4891.07,4791.22,4912.75,4786.47,928245900,9489586674
2010-08-26,4813.38,4813.22,4853.27,4791.73,591117000,6803286469
2010-08-27,4802.7,4816.09,4828.35,4772.15,579582300,6311242518
2010-08-30,4848.92,4924.1,4939.17,4842.51,759244100,9421391218
2010-08-31,4905.44,4926.98,4944.06,4893.65,742907300,9422442934
2010-09-01,4934.97,4922.01,5001.44,4864.78,998045600,11271262798
2010-09-02,4979.64,4994.2,5028.36,4963.33,878234900,10725357218
2010-09-03,5013.08,5004.21,5029.83,4945.46,867612000,10523827316
2010-09-06,5039.84,5086.57,5109.81,5039.84,1213771100,13674272916
2010-09-07,5092.72,5128.87,5145.24,5075.76,1094324700,12307540619
2010-09-08,5105.81,5137.76,5141.87,5063.32,912227000,11684796066
2010-09-09,5145.5,5017.41,5145.5,5008.47,969685400,11902972758
2010-09-10,5020.66,5009.91,5035.84,4928.39,719993300,8620149234
2010-09-13,5017.67,5091.95,5114.62,4999.8,792047000,9682741540
2010-09-14,5105.25,5105.65,5129.64,5077.54,873311000,11207656600
2010-09-15,5097.22,5007.97,5097.22,4990.88,896036300,10776158687
2010-09-16,4998.41,4908.24,5023.9,4856.07,956995000,12429048133
2010-09-17,4918.18,4913.08,4959.9,4874.18,621788200,8182129224
2010-09-20,4919.31,4856.13,4929.49,4836.64,534440400,7007970729
2010-09-21,4869.92,4862.94,4894.65,4836.71,452857000,5946156920
2010-09-27,4881.29,4955.29,4969.7,4865.74,666937800,8044593259
2010-09-28,4942.85,4866.04,4942.85,4859.35,696590200,8825022127
2010-09-29,4859.0,4845.68,4923.58,4837.56,674257100,9006599666
2010-09-30,4814.61,4975.38,4975.38,4798.05,820026700,9581691363
2010-10-08,5015.75,5149.55,5166.84,5005.64,1243155800,17324037740
2010-10-11,5217.03,5311.06,5348.93,5217.03,1829797900,26670843927
2010-10-12,5309.3,5404.56,5432.29,5287.66,1589079900,23300653113
2010-10-13,5421.88,5524.85,5539.03,5401.26,1947919200,27227664030
2010-10-14,5553.52,5503.08,5577.68,5465.39,1658667000,23837928890
2010-10-15,5468.91,5599.18,5631.23,5454.18,1881281100,26631020559
2010-10-18,5607.46,5518.76,5652.63,5493.35,2304636200,28379601149
2010-10-19,5520.94,5630.43,5630.43,5490.65,1394602900,18805729865
2010-10-20,5465.08,5648.44,5728.61,5443.78,2040280400,30104165898
2010-10-21,5662.55,5664.06,5713.64,5598.78,1356588200,20108380598
2010-10-22,5665.45,5717.3,5764.16,5631.35,1449261600,23672208745
2010-10-25,5736.73,5922.14,5924.71,5736.37,1633138400,26226051396
2010-10-26,5932.62,5920.18,5978.27,5867.65,1562262600,23759087767
2010-10-27,5882.93,5809.7,5981.47,5807.16,1512656600,20341907826
2010-10-28,5786.71,5797.08,5862.19,5757.04,1256739500,17712806332
2010-10-29,5797.83,5770.15,5834.68,5719.65,1165098500,18234389701
2010-11-01,5778.5,5936.95,5951.11,5778.5,1403795200,21635476383
2010-11-02,5949.6,5915.4,6046.24,5915.4,1827779800,27576032874
2010-11-03,5908.56,5779.87,5921.87,5779.12,1247646300,18862798010
2010-11-04,5788.89,5891.17,5892.83,5770.29,1154885600,18070670637
2010-11-05,5988.86,5949.67,6027.88,5926.03,1376429400,22301444977
2010-11-08,5973.48,6006.53,6006.53,5919.94,1503132400,20950026117
2010-11-09,5997.98,5975.28,6006.14,5924.34,1407202100,19971872917
2010-11-10,5942.82,5929.25,5946.56,5872.47,1333416700,19992856104
2010-11-11,5908.77,5937.48,6045.94,5900.29,1565354700,25491371820
2010-11-12,5901.62,5517.38,5928.73,5497.74,1857638500,26627798940
2010-11-15,5536.26,5539.63,5586.0,5415.94,1021484900,16034837256
2010-11-16,5544.92,5295.22,5544.92,5248.37,1185895300,17695055128
2010-11-17,5213.2,5164.51,5300.66,5142.91,866939200,12990529151
2010-11-18,5231.58,5269.99,5288.23,5175.55,663679300,10591695766
2010-11-19,5312.22,5349.45,5349.53,5177.49,963196700,15240447058
2010-11-22,5319.21,5367.68,5413.01,5290.96,992765200,15863820944
2010-11-23,5343.95,5273.19,5343.95,5188.51,941610700,14847991423
2010-11-24,5244.02,5398.55,5398.55,5244.02,805047600,13589655025
2010-11-25,5434.45,5474.7,5482.29,5389.8,947264200,14548317913
2010-11-26,5460.05,5435.98,5497.89,5389.67,736205000,12645296060
2010-11-29,5438.27,5416.65,5450.15,5358.15,580122400,10209831760
2010-11-30,5408.01,5345.23,5432.77,5191.86,853270800,13500216386
2010-12-01,5338.67,5363.8,5380.24,5304.56,479078700,7306385967
2010-12-02,5461.84,5398.28,5482.77,5398.28,639801700,11178759005
2010-12-03,5433.15,5448.3,5481.53,5398.9,599479600,9525715789
2010-12-06,5467.45,5443.47,5495.35,5422.94,557832200,8997816064
2010-12-07,5437.69,5554.8,5573.92,5388.22,597914500,9682505018
2010-12-08,5569.09,5534.15,5623.72,5523.08,619681700,12555971611
2010-12-09,5512.72,5432.02,5523.05,5430.89,657894800,10362456596
2010-12-10,5394.01,5471.87,5504.86,5376.76,553932500,9460049165
2010-12-13,5514.53,5695.41,5695.41,5514.39,892062400,16135821939
2010-12-14,5714.19,5722.9,5733.92,5679.64,811684800,13364813851
2010-12-15,5720.76,5680.86,5753.97,5671.09,748527100,13595947522
2010-12-16,5677.47,5673.4,5726.52,5665.06,613289800,10471402284
2010-12-17,5675.19,5664.76,5685.96,5639.15,454583100,8176340469
2010-12-20,5689.8,5576.61,5715.35,5474.64,679434600,11448354952
2010-12-21,5589.97,5740.24,5740.24,5580.6,1025842800,14738041943
2010-12-22,5756.18,5711.26,5809.88,5685.95,931148300,14271117664
2010-12-23,5712.23,5642.79,5748.24,5637.53,767221300,12540866658
2010-12-24,5613.65,5606.18,5661.52,5564.72,685786500,10305539024
2010-12-27,5616.22,5496.14,5720.3,5489.71,845810500,13409998019
2010-12-28,5462.7,5379.48,5485.88,5366.7,665991400,10977844327
2010-12-29,5387.46,5401.38,5409.63,5322.95,562949900,9536966587
2010-12-30,5398.49,5417.86,5453.31,5346.88,610406800,10057543911
2010-12-31,5436.01,5569.91,5581.36,5433.35,703739900,13080364795
2011-01-04,5633.98,5693.72,5708.6,5623.97,1119084400,19267696461
2011-01-05,5658.1,5685.86,5714.62,5628.71,815814000,14683677052
2011-01-06,5688.92,5661.06,5735.89,5651.82,575840000,9687677438
2011-01-07,5650.89,5621.47,5722.7,5585.3,895889700,13196746773
2011-01-10,5626.14,5518.95,5654.11,5501.34,650967400,9984090898
2011-01-11,5496.3,5566.71,5577.99,5476.41,619009100,9568356868
2011-01-12,5584.29,5563.37,5619.68,5499.36,699463700,9431535482
2011-01-13,5586.07,5558.07,5597.67,5528.29,493380100,8063778396
2011-01-14,5547.32,5502.26,5547.32,5467.69,538875500,8189229660
2011-01-17,5439.44,5242.98,5472.21,5226.51,690808400,10723976024
2011-01-18,5225.22,5232.32,5250.56,5194.42,423776200,6692549197
2011-01-19,5243.45,5381.08,5386.07,5222.64,561201100,9230637884
2011-01-20,5366.59,5186.76,5366.59,5186.64,576391100,8690896644
2011-01-21,5174.01,5235.17,5311.7,5147.28,600749200,9025814666
2011-01-24,5240.02,5167.34,5245.31,5148.91,474645900,7291792899
2011-01-25,5159.83,5145.83,5182.04,5116.36,437315200,6031066518
2011-01-26,5149.71,5207.56,5223.82,5149.71,363574500,5124791365
2011-01-27,5142.2,5288.74,5304.64,5107.9,709557900,9949087724
2011-01-28,5294.76,5331.84,5353.48,5280.61,594899800,8973326095
2011-01-31,5331.51,5398.78,5399.43,5312.28,536727100,8056494624
2011-02-01,5423.88,5391.28,5426.91,5369.5,429529700,6494111736
2011-02-09,5349.2,5323.37,5408.52,5297.08,510621800,8380175518
2011-02-10,5309.09,5465.32,5468.51,5305.91,688702900,10976417586
2011-02-11,5458.84,5505.24,5540.52,5444.6,804944700,11937121658
2011-02-14,5514.51,5675.77,5688.53,5514.51,1186318100,17900698993
2011-02-15,5677.34,5675.08,5747.69,5656.04,900842300,13764098712
2011-02-16,5659.89,5764.09,5764.09,5640.4,913579800,15047971605
2011-02-17,5773.94,5752.19,5818.56,5691.37,929222200,15127483191
2011-02-18,5737.99,5673.49,5737.99,5658.42,753613000,12215416717
2011-02-21,5632.69,5803.08,5803.08,5629.77,815032400,13426797485
2011-02-22,5829.41,5632.29,5830.85,5627.39,1020458300,16627758301
2011-02-23,5610.97,5640.35,5663.35,5593.17,577686500,9099108824
2011-02-24,5629.4,5662.28,5685.32,5599.25,642036700,9227623796
2011-02-25,5662.47,5673.0,5707.52,5607.1,568417300,8776596368
2011-02-28,5684.11,5781.29,5783.57,5639.82,693044400,11302724178
2011-03-01,5778.84,5798.08,5831.24,5761.31,916490300,14451741713
2011-03-02,5767.89,5760.13,5783.1,5683.65,666967600,10418181998
2011-03-03,5763.67,5692.33,5802.49,5691.35,800215700,11844316422
2011-03-04,5702.36,5779.4,5783.44,5676.76,795313200,10720059154
2011-03-07,5811.61,5903.09,5915.18,5811.61,1282432300,20568414660
2011-03-08,5905.86,5896.28,5919.73,5849.1,971823700,14972485692
2011-03-09,5899.33,5901.44,5925.27,5863.49,749472400,11542036645
2011-03-10,5882.09,5822.25,5882.09,5813.11,811207200,13304951536
2011-03-11,5788.64,5759.78,5838.29,5748.87,698149400,10959049917
2011-03-14,5752.43,5821.75,5821.75,5735.17,664757000,10774932484
2011-03-15,5798.12,5705.58,5798.12,5605.6,945877300,14420598651
2011-03-16,5701.09,5790.5,5793.9,5701.09,831210300,11962352539
2011-03-17,5736.27,5700.81,5786.42,5680.58,841760800,11686982534
2011-03-18,5765.58,5723.9,5782.32,5709.02,651046600,9280469469
2011-03-21,5728.93,5679.35,5755.55,5659.41,588173500,8594650127
2011-03-22,5698.89,5707.09,5721.17,5614.77,513872500,8234425906
2011-03-23,5703.54,5782.83,5791.02,5699.93,749138800,10440775603
2011-03-24,5793.84,5757.66,5804.0,5756.51,598195200,8659858535
2011-03-25,5767.95,5826.72,5847.26,5758.61,968225100,13810561316
2011-03-28,5864.29,5800.43,5890.29,5791.66,1052740700,16882145231
2011-03-29,5783.46,5733.22,5830.1,5726.64,1293933900,14147704201
2011-03-30,5738.22,5723.64,5771.1,5672.11,930206400,11526868666
2011-03-31,5723.29,5691.77,5746.92,5663.13,777459700,9231232428
2011-04-01,5691.83,5756.71,5756.77,5657.43,657046100,8827975379
2011-04-06,5730.75,5777.83,5783.24,5694.98,1074364800,15833929372
2011-04-07,5780.5,5827.94,5848.58,5763.19,1053554700,14295289437
2011-04-08,5821.44,5898.59,5898.59,5803.68,941153700,15583764292
2011-04-11,5919.42,5858.87,5939.41,5854.8,1585964100,20088627463
2011-04-12,5845.5,5849.31,5919.64,5820.46,1630321000,16967982306
2011-04-13,5820.27,5893.49,5896.05,5786.22,1146137600,12385036123
2011-04-14,5898.48,5846.18,5898.91,5834.05,1117132700,12489552842
2011-04-15,5830.07,5827.5,5859.82,5770.96,1065898800,11697008545
2011-04-18,5805.64,5829.62,5861.43,5790.66,1153009200,12487066921
2011-04-19,5766.16,5717.58,5772.4,5698.81,1172775400,12847129227
2011-04-20,5703.8,5701.19,5740.32,5687.41,803785600,9220524592
2011-04-21,5711.68,5748.01,5752.27,5703.38,941178500,12982072766
2011-04-22,5746.69,5706.81,5769.7,5696.6,850119100,9625381393
2011-04-25,5684.38,5596.52,5684.38,5587.11,893276400,13308756181
2011-04-26,5585.44,5573.64,5609.84,5527.08,683814000,9199029730
2011-04-27,5591.63,5518.08,5614.13,5483.71,633239900,8421618575
2011-04-28,5534.28,5407.88,5552.34,5406.18,690855800,8809305051
2011-04-29,5406.01,5510.06,5510.66,5401.91,547817700,6817165883
2011-05-03,5510.86,5559.07,5559.07,5459.77,623874900,7576848182
2011-05-04,5530.65,5391.17,5530.65,5363.49,683837500,9511932980
2011-05-05,5362.22,5391.31,5411.35,5349.23,616035200,7469034373
2011-05-06,5323.62,5380.28,5418.59,5294.05,643294800,8829354576
2011-05-09,5380.2,5409.05,5438.43,5380.2,494883900,6445896830
2011-05-10,5421.79,5459.35,5459.35,5400.35,426225700,5976110820
2011-05-11,5465.44,5445.19,5483.91,5406.92,541800200,7109655793
2011-05-12,5403.0,5376.52,5459.06,5374.96,710828800,8432180719
2011-05-13,5386.7,5407.88,5412.54,5322.22,553512000,6885803207
2011-05-16,5388.55,5375.83,5442.97,5368.46,579481500,6521576001
2011-05-17,5363.34,5400.12,5439.7,5328.46,585514600,7850566817
2011-05-18,5393.44,5444.93,5459.71,5387.2,469740700,6198727703
2011-05-19,5459.21,5399.57,5472.77,5396.07,498124500,6234665109
2011-05-20,5406.48,5385.95,5418.17,5369.95,385866800,4984864568
2011-05-23,5376.05,5202.62,5376.2,5202.62,543114900,6602468193
2011-05-24,5186.23,5218.49,5224.12,5162.8,438106800,5580591036
2011-05-25,5204.45,5160.12,5234.19,5154.09,406374300,5194305505
2011-05-26,5199.55,5117.39,5223.17,5117.39,360148400,4810139988
2011-05-27,5115.3,5092.88,5156.35,5089.63,408157200,5359753508
2011-05-30,5087.31,5073.37,5134.08,5055.55,348914600,4606948261
2011-05-31,5082.11,5156.47,5156.47,5046.78,477270200,5422008118
2011-06-01,5150.75,5181.52,5185.34,5125.19,451676600,5911347815
2011-06-02,5119.71,5096.25,5133.11,5038.13,546732500,6114243397
2011-06-03,5090.9,5167.32,5188.1,5088.72,452148000,5894771063
2011-06-07,5149.54,5197.31,5200.41,5141.98,367942600,4945200254
2011-06-08,5196.28,5221.18,5232.58,5137.09,461034900,5354621971
2011-06-09,5201.14,5105.99,5208.5,5102.27,415049200,5251678043
2011-06-10,5105.63,5129.94,5136.4,5066.69,399866200,5169576290
2011-06-13,5097.02,5092.11,5104.87,5038.73,307410300,4126828229
2011-06-14,5080.11,5192.58,5204.16,5080.11,566975200,6896857120
2011-06-15,5179.99,5155.68,5228.7,5154.85,508797000,6264466657
2011-06-16,5103.88,5079.97,5127.45,5068.9,386179500,4779921721
2011-06-17,5081.37,5050.65,5121.21,5050.27,379817100,5121525659
2011-06-20,5050.58,5002.16,5063.54,4988.47,409664900,5579378089
2011-06-21,5017.17,5081.95,5086.1,5011.66,460627000,6143907840
2011-06-22,5088.95,5067.7,5109.9,5051.65,418053800,5162353821
2011-06-23,5051.33,5173.39,5190.86,5032.98,522402200,6991448571
2011-06-24,5160.67,5268.3,5308.14,5152.13,785939200,12383583991
2011-06-27,5270.58,5281.19,5317.65,5241.59,704995500,9769606061
2011-06-28,5289.04,5297.09,5309.77,5245.31,546242200,7756907585
2011-06-29,5297.87,5248.01,5313.51,5247.45,477965700,6437835321
2011-06-30,5254.18,5334.44,5350.76,5249.74,716929000,9227669659
2011-07-01,5347.05,5386.49,5416.85,5324.91,688015200,9473310497
2011-07-04,5417.85,5497.08,5508.1,5417.85,868641700,11668182663
2011-07-05,5487.41,5495.71,5512.2,5462.13,777380000,9814831774
2011-07-06,5481.3,5477.2,5489.71,5429.01,581203200,7797381331
2011-07-07,5481.24,5443.17,5512.41,5434.96,656533400,8935303531
2011-07-08,5440.77,5447.99,5477.05,5424.54,553629300,7094318757
2011-07-11,5428.79,5457.42,5476.94,5407.98,527840000,7255899115
2011-07-12,5422.09,5368.1,5427.14,5353.91,762638200,9285323897
2011-07-13,5369.64,5456.81,5463.87,5369.64,601503800,8037083671
2011-07-14,5471.28,5471.16,5503.63,5427.82,724924700,9708572448
2011-07-15,5447.23,5469.18,5481.35,5424.12,772713600,9519474586
2011-07-18,5471.97,5447.01,5478.79,5435.98,676402500,8703915294
2011-07-19,5422.58,5407.79,5438.12,5387.68,599615300,8193306745
2011-07-20,5435.83,5413.04,5448.46,5363.37,491424400,6768673343
2011-07-21,5409.57,5372.83,5421.32,5371.32,527671800,7927080923
2011-07-22,5380.67,5387.33,5422.09,5371.43,430752700,6300399543
2011-07-25,5355.4,5201.84,5355.4,5181.54,641234000,8443695100
2011-07-26,5195.65,5216.48,5227.3,5181.93,421514900,5401505358
2011-07-27,5182.31,5259.12,5270.06,5165.1,434673500,5837000525
2011-07-28,5219.56,5237.42,5240.22,5186.5,476908100,6451183869
2011-07-29,5231.11,5213.35,5262.25,5184.06,396784200,5068048858
2011-08-01,5212.25,5242.74,5265.74,5198.95,336051100,4541399070
2011-08-02,5217.49,5208.01,5217.49,5144.14,416512400,5365642599
2011-08-03,5163.44,5210.5,5243.38,5163.44,455342400,5952149971
2011-08-04,5220.92,5212.13,5263.96,5201.76,334347300,4569512153
2011-08-05,5068.92,5101.41,5130.0,5050.29,505353100,6765250704
2011-08-08,5043.32,4895.47,5075.3,4814.61,685634800,8352418949
2011-08-09,4756.98,4880.47,4911.6,4709.11,696556300,8469983922
2011-08-10,4973.04,4925.85,4996.54,4921.22,611787800,7644166134
2011-08-11,4841.66,4969.29,4976.31,4841.66,642315400,8553392341
2011-08-12,4996.89,4988.38,5026.6,4981.78,546513800,7217034535
2011-08-15,5001.79,5050.34,5050.34,4986.71,525786800,6689325784
2011-08-16,5052.57,5003.44,5058.07,4986.94,450523900,5696689131
2011-08-17,4995.03,4973.21,5022.97,4964.22,362513500,4340648120
2011-08-18,4975.66,4895.03,4979.99,4886.47,361125100,4463958191
2011-08-19,4802.09,4839.02,4853.99,4789.23,409614200,5099460588
2011-08-22,4845.35,4790.16,4884.14,4777.16,319151900,4123721298
2011-08-23,4808.8,4849.4,4849.4,4794.44,278192500,3345704407
2011-08-24,4883.31,4841.29,4907.39,4834.87,314149800,4138528344
2011-08-25,4856.24,4991.27,4993.72,4833.72,622351200,7633342092
2011-08-26,4969.6,4972.52,4988.57,4933.42,410837700,5138432245
2011-08-29,4931.49,4881.09,4935.15,4871.69,374797600,4797339064
2011-08-30,4919.24,4859.66,4961.68,4854.51,405807100,5070340567
2011-08-31,4860.69,4868.0,4886.58,4831.88,298565400,3879815396
2011-09-01,4879.56,4846.65,4909.03,4833.37,293742500,3986236423
2011-09-02,4837.83,4791.77,4851.97,4774.5,272032800,3410643793
2011-09-05,4750.65,4672.44,4750.65,4670.37,333810800,4050479662
2011-09-06,4644.87,4612.7,4672.25,4593.04,293599300,3783762859
2011-09-07,4646.1,4706.11,4716.59,4626.11,351266900,4285958479
2011-09-08,4722.81,4676.94,4729.58,4674.75,263485500,3301478874
2011-09-09,4700.02,4657.01,4742.35,4641.11,267308800,3241073520
2011-09-13,4596.26,4616.21,4620.42,4557.21,252980300,2977312358
2011-09-14,4626.95,4644.24,4644.24,4550.09,263641100,3232371552
2011-09-15,4649.86,4640.0,4686.04,4634.66,281237000,3464930638
2011-09-16,4662.66,4644.1,4684.3,4637.56,279978500,3352342720
2011-09-19,4621.03,4557.22,4621.03,4550.16,292194900,3049886900
2011-09-20,4548.89,4576.07,4598.94,4524.56,286964900,2964929433
2011-09-21,4577.82,4720.87,4741.85,4557.03,563400200,6720960361
2011-09-22,4679.04,4574.04,4698.28,4572.37,440457000,4720470488
2011-09-23,4495.85,4536.11,4558.59,4474.1,395634600,4915861296
2011-09-26,4499.45,4455.79,4560.13,4436.14,329747500,3766697562
2011-09-27,4489.31,4506.48,4529.09,4458.81,357265700,4637097913
2011-09-28,4534.44,4461.8,4543.6,4447.49,344968700,4191052012
2011-09-29,4435.51,4432.84,4490.25,4408.6,358882600,4047093877
2011-09-30,4449.46,4430.87,4475.9,4412.51,301931500,3658475000
2011-10-10,4441.2,4385.47,4450.44,4382.01,236470400,2673202481
2011-10-11,4474.74,4329.92,4497.69,4282.32,415640900,5562960145
2011-10-12,4303.32,4474.64,4482.11,4278.46,629962000,6960682034
2011-10-13,4469.44,4506.34,4537.62,4450.55,565118100,6222248650
2011-10-14,4494.5,4484.26,4514.93,4453.62,346461500,4097771251
2011-10-17,4489.13,4493.24,4537.4,4477.76,329355000,4006782906
2011-10-18,4466.6,4370.08,4472.43,4365.43,375794200,4484387578
2011-10-19,4380.45,4314.29,4399.94,4310.11,364598200,4248231207
2011-10-20,4293.44,4192.15,4293.44,4158.8,414494800,4639464469
2011-10-21,4198.25,4151.19,4218.71,4148.28,290149900,3141006316
2011-10-24,4166.05,4257.45,4262.35,4123.98,433395300,4731976828
2011-10-25,4251.11,4352.76,4375.9,4227.49,583195100,6320624629
2011-10-26,4331.64,4414.15,4460.34,4328.59,714831900,7505818443
2011-10-27,4418.45,4413.59,4448.41,4399.99,443178300,4608745367
2011-10-28,4471.62,4520.81,4557.41,4471.62,696802700,7622350376
2011-10-31,4515.94,4514.31,4528.76,4480.52,557915700,6026379982
2011-11-01,4474.55,4493.55,4545.82,4463.65,548541400,6056778751
2011-11-02,4428.23,4553.53,4554.53,4410.72,640665200,7103451022
2011-11-03,4570.08,4565.78,4628.29,4565.18,852745500,9784549833
2011-11-04,4611.41,4593.99,4635.6,4566.58,586368300,6668824900
2011-11-07,4581.5,4555.63,4616.0,4549.89,485855100,5421056832
2011-11-08,4564.85,4537.46,4587.32,4526.75,444659800,5141640122
2011-11-09,4551.33,4573.92,4580.31,4496.89,433898100,5076437182
2011-11-10,4523.07,4504.08,4547.92,4496.0,581552400,5706348732
2011-11-11,4523.89,4489.78,4534.56,4471.97,469194400,4404110753
2011-11-14,4528.39,4584.46,4591.0,4523.47,558715700,5774056273
2011-11-15,4579.8,4578.4,4593.17,4554.64,488218500,5003573988
2011-11-16,4580.35,4452.49,4582.77,4435.42,560474900,5926280640
2011-11-17,4456.38,4445.67,4492.18,4443.69,399549200,3860015547
2011-11-18,4420.37,4327.55,4420.37,4315.15,547653200,5001925261
2011-11-21,4322.2,4329.3,4340.1,4291.77,288619900,2963592096
2011-11-22,4297.9,4316.36,4322.65,4267.31,356254600,3278257876
2011-11-23,4325.36,4287.56,4332.82,4276.42,296919900,2895912239
2011-11-24,4261.01,4294.85,4319.21,4231.73,407340700,3510775012
2011-11-25,4282.59,4237.55,4297.23,4231.32,307712300,2633566852
2011-11-28,4245.62,4223.03,4262.96,4205.33,314438900,3078138246
2011-11-29,4257.47,4279.35,4282.27,4228.35,340552500,3341193138
2011-11-30,4267.91,4127.36,4268.99,4100.47,491689400,4407231364
2011-12-01,4245.18,4224.11,4299.96,4207.9,692609500,6402928211
2011-12-02,4206.89,4180.31,4218.01,4152.1,385230400,4022417982
2011-12-05,4181.08,4095.62,4181.2,4088.76,381059800,3898227108
2011-12-06,4089.08,4099.67,4114.86,4065.34,303449800,3018867579
2011-12-07,4094.91,4103.73,4127.27,4081.11,240949500,2284195915
2011-12-08,4105.29,4110.91,4158.13,4053.0,313764700,2783683417
2011-12-09,4081.52,4078.32,4119.97,4063.16,319306200,2818446882
2011-12-12,4065.0,4023.75,4066.38,4015.25,283003500,2472510817
2011-12-13,4004.76,3939.22,4012.61,3930.44,348589600,2990549203
2011-12-14,3928.44,3886.6,3954.52,3880.16,253241700,2236655439
2011-12-15,3869.72,3795.12,3872.38,3786.91,429422800,3662010696
2011-12-16,3792.6,3886.67,3887.74,3783.96,426586100,3780540722
2011-12-19,3855.92,3877.6,3893.17,3769.43,383636300,3374597597
2011-12-20,3858.41,3880.34,3935.5,3854.07,368014600,3253853916
2011-12-21,3909.72,3819.66,3927.13,3817.52,311699200,2681906990
2011-12-22,3795.13,3822.64,3861.34,3732.51,394520700,3268630365
2011-12-23,3817.83,3857.7,3904.12,3796.94,400419200,3540443804
2011-12-26,3838.29,3833.28,3887.66,3820.34,308994600,2309230437
2011-12-27,3821.08,3750.48,3835.05,3745.66,303803700,2966232673
2011-12-28,3732.82,3752.65,3757.92,3670.52,359682400,3336604552
2011-12-29,3726.04,3765.41,3787.97,3724.49,316569000,3001650129
2011-12-30,3776.91,3816.26,3826.87,3775.9,338620200,3395694679
2012-01-04,3841.63,3728.16,3862.23,3728.16,375885900,3584641590
2012-01-05,3709.68,3677.6,3748.9,3667.13,390193100,3581542106
2012-01-06,3674.71,3688.74,3694.71,3629.22,336737200,2986812551
2012-01-09,3693.16,3834.45,3834.45,3657.89,572251700,5177552386
2012-01-10,3825.82,3986.6,3995.35,3817.43,857100800,8092799664
2012-01-11,3981.89,3974.21,4004.04,3951.37,623389300,5526259004
2012-01-12,3950.2,3962.0,4021.64,3944.45,486978600,4308748069
2012-01-13,3965.34,3867.14,3985.31,3835.36,454330200,4244563559
2012-01-16,3833.09,3812.65,3884.36,3812.65,365975800,3594670953
2012-01-17,3814.21,4015.82,4028.97,3781.35,679535400,6624466501
2012-01-18,4029.66,3945.95,4053.62,3930.99,621562200,5976837398
2012-01-19,3951.99,4009.36,4057.92,3933.93,624660900,6287019477
2012-01-20,4026.31,4068.12,4080.87,3986.15,632332700,6581236526
2012-01-30,4068.07,3964.77,4068.07,3964.51,491707100,4945077319
2012-01-31,3962.8,3966.59,3981.93,3930.9,322075700,3259472066
2012-02-01,3957.01,3903.43,4003.33,3893.34,379477500,3839381207
2012-02-02,3918.15,3980.14,3980.14,3898.64,410173200,4034167139
2012-02-03,3968.16,4006.02,4020.42,3940.72,481778600,4598565329
2012-02-06,4013.01,4008.92,4044.3,3989.29,451206100,4608361598
2012-02-07,3988.16,3925.49,3988.16,3907.71,425350700,3919915113
2012-02-08,3924.68,4048.46,4070.97,3916.29,571686800,5508523145
2012-02-09,4044.26,4051.3,4086.89,4019.48,675092800,6198082721
2012-02-10,4048.68,4079.48,4128.51,4048.68,726611400,6589643307
2012-02-13,4019.71,4077.93,4113.41,3999.25,563468500,5382747458
2012-02-14,4071.54,4066.11,4085.98,4037.55,449175000,4384212391
2012-02-15,4062.61,4135.62,4149.47,4056.09,644719300,6465583907
2012-02-16,4117.29,4113.79,4151.67,4080.61,555252200,5528792763
2012-02-17,4136.55,4104.93,4151.14,4078.46,384959200,3588909159
2012-02-20,4157.97,4107.84,4172.11,4107.16,526837400,5417790173
2012-02-21,4112.78,4143.6,4143.6,4073.41,411722300,4018677314
2012-02-22,4151.53,4236.33,4236.33,4146.62,823803900,8042749188
2012-02-23,4236.81,4264.01,4278.68,4228.69,874714300,7724117335
2012-02-24,4263.46,4359.11,4363.1,4257.26,962163400,9363769034
2012-02-27,4373.21,4381.55,4448.32,4373.21,1052153500,10111698974
2012-02-28,4374.15,4372.35,4401.45,4331.87,758731600,7301296129
2012-02-29,4353.63,4305.28,4374.2,4302.24,605124800,5949315657
2012-03-01,4290.76,4311.44,4340.51,4290.76,399586700,3927324169
2012-03-02,4317.47,4422.49,4422.49,4317.47,683621400,7114102260
2012-03-05,4438.41,4398.83,4464.82,4394.63,699807600,7423941362
2012-03-06,4388.54,4337.02,4399.49,4328.48,599602000,6350397746
2012-03-07,4297.32,4312.14,4366.58,4289.84,518999600,5602511614
2012-03-08,4325.12,4365.47,4389.7,4325.12,525338000,5467729330
2012-03-09,4383.46,4418.27,4418.45,4352.6,540271700,5953296843
2012-03-12,4413.18,4389.04,4436.85,4354.39,618987900,6770111499
2012-03-13,4395.16,4444.36,4444.36,4384.55,551950200,6078674929
2012-03-14,4469.15,4294.19,4485.23,4275.78,1054246500,10458208620
2012-03-15,4290.79,4272.62,4321.62,4239.76,662759000,6728819312
2012-03-16,4283.83,4337.3,4340.48,4263.58,544326700,5916205277
2012-03-19,4327.23,4352.66,4353.12,4300.49,489305400,5358725230
2012-03-20,4341.86,4277.2,4341.86,4272.84,528092500,5300485630
2012-03-21,4295.92,4272.59,4319.37,4238.28,492898500,5108629606
2012-03-22,4271.65,4261.33,4285.14,4243.38,383512500,3871560279
2012-03-23,4246.24,4187.04,4251.87,4176.94,396218500,3962583231
2012-03-26,4180.44,4177.32,4201.09,4152.22,332747600,3419252801
2012-03-27,4189.45,4154.98,4205.94,4146.86,334142600,3675030490
2012-03-28,4141.55,4032.15,4151.2,4026.11,454799617,4344045499
2012-03-29,4015.95,3995.58,4062.29,3963.14,471764613,4330788465
2012-03-30,3999.45,4008.42,4033.57,3987.18,314250150,2969443271
2012-04-05,4005.45,4120.3,4131.21,4003.77,498536347,4822059280
2012-04-06,4124.19,4138.71,4160.57,4109.48,429464272,4489809061
2012-04-09,4115.72,4095.06,4142.53,4084.67,374496817,3558570636
2012-04-10,4088.93,4132.95,4132.95,4021.32,398961462,3852949280
2012-04-11,4094.97,4137.29,4190.64,4086.16,440539568,4183738191
2012-04-12,4147.49,4226.66,4228.22,4138.62,686646067,6775774115
2012-04-13,4237.85,4255.94,4280.99,4232.02,750777034,7452541448
2012-04-16,4224.8,4254.76,4280.92,4218.29,572638773,5254222431
2012-04-17,4251.27,4178.93,4264.37,4176.19,521468766,4519256550
2012-04-18,4197.49,4286.15,4291.31,4182.33,681878271,6854649720
2012-04-19,4282.95,4272.56,4296.2,4256.27,514762743,5432449642
2012-04-20,4270.62,4321.7,4328.0,4257.09,639170563,6627594573
2012-04-23,4316.33,4300.71,4332.98,4287.93,598448574,5945014429
2012-04-24,4276.13,4293.6,4350.11,4199.69,819640585,8141276770
2012-04-25,4279.32,4355.13,4365.32,4268.77,817603112,8015656479
2012-04-26,4362.31,4358.88,4390.29,4340.21,746526741,8030161971
2012-04-27,4353.78,4343.31,4373.89,4341.96,531490156,5793794014
2012-05-02,4401.36,4453.19,4484.61,4380.19,894144719,10186109302
2012-05-03,4444.96,4466.88,4473.54,4429.87,683002662,7918393495
2012-05-04,4464.34,4506.59,4509.18,4431.94,658021424,7410618795
2012-05-07,4474.54,4508.07,4515.42,4464.31,697440493,8155558284
2012-05-08,4506.85,4474.44,4506.85,4429.24,611490161,6732766021
2012-05-09,4432.17,4379.85,4432.17,4377.49,558034567,5625351655
2012-05-10,4380.91,4379.28,4403.83,4370.07,415293873,4235718732
2012-05-11,4373.34,4356.82,4413.98,4356.82,359796564,4055968409
2012-05-14,4388.85,4324.44,4394.24,4322.12,491660738,5299424524
2012-05-15,4295.39,4337.94,4340.09,4285.93,480495095,5116590493
2012-05-16,4321.77,4249.44,4323.21,4248.94,409498955,4408552270
2012-05-17,4258.5,4323.64,4333.17,4240.64,553636707,5999599403
2012-05-18,4294.57,4256.03,4318.07,4245.4,488807779,5119823552
2012-05-21,4250.06,4271.09,4308.38,4233.15,484098650,5095305027
2012-05-22,4290.79,4368.96,4369.58,4288.97,570573159,6215636486
2012-05-23,4353.28,4364.67,4394.78,4320.21,535000255,6188198687
2012-05-24,4358.92,4313.6,4393.99,4299.43,502022764,6587890751
2012-05-25,4308.9,4276.7,4324.14,4265.52,378175656,4213728455
2012-05-28,4246.07,4376.75,4376.75,4219.54,742587033,7766553837
2012-05-29,4374.02,4429.63,4455.76,4370.6,810079327,9716097203
2012-05-30,4424.14,4405.14,4444.22,4393.13,643405943,7125851314
2012-05-31,4375.48,4384.7,4413.05,4355.19,517033384,6077955516
2012-06-01,4383.23,4380.14,4426.73,4355.18,478939584,5675996348
2012-06-04,4311.58,4252.95,4347.29,4252.78,559592730,6181233649
2012-06-05,4262.29,4252.08,4282.98,4229.97,423698662,4581608828
2012-06-06,4253.69,4221.11,4274.55,4203.56,411057243,4437567678
2012-06-07,4265.56,4207.05,4275.75,4194.6,427212733,4470230902
2012-06-08,4243.87,4185.8,4250.01,4174.68,529353231,5600409151
2012-06-11,4200.79,4266.78,4292.49,4194.23,463099893,4876418974
2012-06-12,4246.33,4239.46,4269.65,4225.42,481271786,4871777157
2012-06-13,4259.01,4297.79,4299.74,4234.51,541578702,5948450394
2012-06-14,4290.35,4265.48,4316.73,4261.82,454954588,5124629762
2012-06-15,4274.72,4253.1,4283.1,4193.06,509072400,5412392318
2012-06-18,4268.81,4293.72,4303.49,4266.25,409576454,4594383075
2012-06-19,4279.03,4233.21,4279.03,4227.41,355156171,3850116236
2012-06-20,4244.54,4218.11,4256.96,4206.81,311503479,3366541932
2012-06-21,4201.47,4171.01,4201.47,4132.01,398448525,4141271691
2012-06-25,4148.74,4052.66,4148.74,4050.07,457167077,4605762364
2012-06-26,4032.02,4064.61,4083.14,4018.57,390257143,3844737856
2012-06-27,4060.06,4049.61,4097.06,4045.29,322144894,3147321221
2012-06-28,4062.82,4028.65,4079.05,4028.65,328791934,3327992073
2012-06-29,4026.11,4057.02,4062.07,4005.41,383898346,4001188762
2012-07-02,4088.95,4072.44,4100.43,4058.96,400423304,4820816427
2012-07-03,4071.71,4079.19,4124.35,4044.73,454418296,5032437503
2012-07-04,4092.92,4050.11,4104.72,4038.67,387833637,4210985650
2012-07-05,4028.97,4002.91,4032.55,3968.95,406932031,4127605094
2012-07-06,4030.4,4101.56,4113.19,3995.04,615464191,7054907036
2012-07-09,4069.74,4004.54,4108.65,4003.66,572823431,6690018413
2012-07-10,3987.97,3999.73,4033.75,3987.97,364304045,4214943383
2012-07-11,3994.89,4038.88,4052.16,3991.73,394111392,4453187013
2012-07-12,4034.17,4100.47,4117.28,4008.76,545286038,6588883053
2012-07-13,4079.34,4115.77,4139.22,4073.97,413506320,4878572909
2012-07-16,4119.37,4028.0,4119.74,4019.87,395450797,4542710469
2012-07-17,4016.78,4065.43,4082.82,4016.78,317872867,3886206566
2012-07-18,4064.84,4048.58,4088.62,3971.63,429253574,5012354811
2012-07-19,4039.75,4055.15,4097.19,4020.93,418224558,4852160123
2012-07-20,4042.32,3988.97,4054.02,3984.61,338008895,3673802697
2012-07-23,3962.95,3939.3,3962.95,3923.9,365676322,3704038677
2012-07-24,3912.27,3963.42,3998.5,3912.27,317151363,3253867341
2012-07-25,3947.87,3922.64,3957.46,3920.14,269037083,2678770610
2012-07-26,3922.56,3893.48,3949.18,3887.07,354492347,3540969528
2012-07-27,3898.57,3893.63,3924.88,3883.79,302031054,3141893662
2012-07-30,3897.93,3894.89,3936.96,3888.61,342522121,3185046090
2012-07-31,3898.17,3899.89,3925.61,3881.77,324439488,3150792890
2012-08-01,3897.47,3956.07,3975.19,3897.4,319377146,3355942836
2012-08-02,3948.34,3855.74,3949.39,3842.88,392060359,3776343946
2012-08-03,3866.77,3872.24,3875.19,3826.42,344245664,3622518756
2012-08-06,3864.85,3928.99,3936.74,3854.72,407575051,4147320994
2012-08-07,3929.82,3936.42,3943.5,3909.84,344609474,3436695882
2012-08-08,3938.86,3931.52,3957.33,3919.22,359575072,3943900142
2012-08-09,3935.73,3972.48,3977.34,3919.45,374585673,4338607842
2012-08-10,3970.83,3933.14,3971.48,3925.67,359513067,4049245363
2012-08-13,3922.38,3816.74,3922.38,3813.08,518555550,5429538619
2012-08-14,3818.24,3850.97,3851.55,3780.84,401077102,4104922431
2012-08-15,3834.76,3819.65,3835.7,3808.28,294921976,3116929454
2012-08-16,3813.32,3819.3,3832.54,3806.36,261447972,2731489632
2012-08-17,3814.63,3801.42,3824.58,3768.78,256507289,2819701080
2012-08-20,3768.11,3761.49,3774.17,3722.47,302064246,3002856594
2012-08-21,3756.36,3761.18,3797.87,3741.94,357133797,3544140355
2012-08-22,3763.78,3708.02,3766.88,3693.15,383014525,3791464267
2012-08-23,3710.77,3713.3,3730.64,3684.19,303822687,3010381993
2012-08-24,3697.95,3649.95,3706.83,3648.0,340188140,3306155940
2012-08-27,3641.78,3577.3,3641.78,3577.3,348354451,3272175185
2012-08-28,3576.75,3584.41,3603.0,3564.06,276877874,2599058739
2012-08-29,3572.61,3534.31,3586.78,3531.48,234922601,2247092774
2012-08-30,3513.39,3516.2,3540.39,3479.26,303192156,3063689733
2012-08-31,3518.69,3517.89,3541.34,3512.19,238213189,2218073988
2012-09-03,3514.26,3571.84,3588.0,3506.16,382208409,3886831687
2012-09-04,3571.69,3518.38,3578.62,3510.76,342388107,3201084154
2012-09-05,3512.69,3506.49,3527.43,3492.89,309884645,3058352459
2012-09-06,3513.68,3531.26,3550.37,3510.69,258329579,2426255068
2012-09-07,3561.28,3708.18,3752.01,3561.28,892579477,8715141680
2012-09-10,3719.94,3728.89,3745.85,3709.13,727818923,7111404763
2012-09-11,3710.47,3696.61,3710.47,3670.87,414043443,3977908333
2012-09-12,3714.87,3708.95,3743.4,3667.51,417799082,4158759998
2012-09-13,3706.07,3666.53,3723.73,3666.53,346420235,3299995088
2012-09-14,3698.96,3675.82,3711.19,3648.02,459570923,4580723015
2012-09-17,3666.43,3561.66,3675.61,3558.45,433493538,4070587406
2012-09-18,3554.94,3532.24,3562.76,3523.95,254895072,2435164117
2012-09-19,3539.73,3551.15,3558.53,3523.02,258372670,2632956780
2012-09-20,3537.72,3460.09,3537.72,3458.74,357438192,3210333607
2012-09-21,3451.5,3461.98,3489.68,3436.76,283153292,2714002232
2012-09-24,3441.72,3504.82,3525.03,3416.71,333334224,3178482946
2012-09-25,3504.04,3500.25,3527.93,3483.28,273523130,2655682171
2012-09-26,3498.39,3454.07,3511.17,3448.73,231094534,2149624629
2012-09-27,3459.72,3586.47,3594.79,3456.68,499547409,4918249591
2012-09-28,3562.54,3660.12,3665.23,3557.64,537180922,5702888823
2012-10-08,3653.89,3602.91,3673.45,3584.78,299145693,3043000956
2012-10-09,3624.41,3686.74,3696.42,3623.78,430544988,4469087999
2012-10-10,3680.54,3695.95,3698.58,3661.22,381591725,3595892704
2012-10-11,3686.78,3648.8,3690.2,3644.05,294116301,2981671645
2012-10-12,3662.73,3651.45,3694.92,3618.95,261075778,2651067305
2012-10-15,3657.84,3644.59,3664.18,3614.97,228891449,2473853235
2012-10-16,3646.29,3647.15,3676.95,3630.44,237076740,2684502554
2012-10-17,3663.12,3637.26,3670.0,3611.91,261825788,2632362133
2012-10-18,3651.86,3709.7,3715.16,3643.08,471644941,4612660886
2012-10-19,3712.39,3712.11,3738.21,3706.66,396823092,4158462360
2012-10-22,3692.69,3726.55,3739.04,3679.18,315912076,3282041924
2012-10-23,3724.16,3682.89,3736.13,3679.61,341647540,3322626147
2012-10-24,3675.97,3671.84,3699.25,3665.52,305993941,2794317392
2012-10-25,3672.05,3650.19,3701.91,3645.08,346800357,2836267829
2012-10-26,3644.5,3570.33,3647.31,3548.82,333311326,3235430094
2012-10-29,3562.57,3559.07,3568.59,3538.03,213841660,2052921803
2012-10-30,3562.84,3590.56,3611.83,3561.21,279064204,2562422898
2012-10-31,3602.45,3627.62,3630.78,3581.97,281455544,2979360573
2012-11-01,3625.72,3703.46,3716.32,3625.2,494612980,4875904696
2012-11-02,3706.97,3714.81,3722.0,3683.51,373963977,3375270427
2012-11-05,3714.11,3712.8,3743.25,3690.16,337437978,3323437034
2012-11-06,3710.63,3689.75,3716.78,3647.79,323959811,3424280518
2012-11-07,3687.14,3670.59,3700.53,3661.82,230847279,2294401663
2012-11-08,3642.45,3604.57,3652.99,3604.57,303153512,2837992895
2012-11-09,3595.31,3583.0,3610.19,3575.51,225839340,2136528784
2012-11-12,3587.93,3609.02,3614.24,3578.57,253234543,2488469248
2012-11-13,3605.35,3537.18,3605.35,3533.88,238681350,2313028684
2012-11-14,3536.61,3547.47,3550.05,3517.3,204457020,2068509739
2012-11-15,3528.18,3503.72,3547.84,3499.24,214246808,1951541060
2012-11-16,3495.53,3484.72,3499.74,3458.83,231049877,2326758009
2012-11-19,3482.43,3479.87,3488.9,3443.4,216203708,2463205107
2012-11-20,3489.34,3482.28,3518.73,3479.53,214469414,2130586574
2012-11-21,3486.4,3530.72,3531.79,3467.01,253519621,2429114022
2012-11-22,3509.47,3494.77,3517.78,3488.74,181661152,1863274925
2012-11-23,3510.31,3523.71,3536.4,3499.48,185212404,2000959389
2012-11-26,3516.4,3488.11,3523.77,3480.63,186147126,1801183285
2012-11-27,3474.26,3451.91,3488.49,3449.8,220585949,1958904041
2012-11-28,3444.66,3417.26,3449.1,3414.32,198766112,1858226116
2012-11-29,3417.01,3400.99,3447.96,3400.99,228773887,2254499557
2012-11-30,3401.09,3449.8,3476.01,3393.25,352507218,3250293335
2012-12-03,3449.49,3383.42,3475.74,3376.45,334496422,3243428666
2012-12-04,3378.74,3415.85,3426.85,3363.26,302395596,2875221075
2012-12-05,3413.32,3540.98,3560.29,3412.61,683805987,6455450745
2012-12-06,3535.48,3533.29,3565.58,3516.35,409969307,4086726276
2012-12-07,3512.77,3560.6,3578.11,3490.03,728033361,7625788555
2012-12-10,3575.78,3603.57,3612.68,3560.97,601616271,5916840506
2012-12-11,3590.82,3590.54,3618.52,3576.49,377596425,3606969862
2012-12-12,3589.47,3600.57,3620.09,3572.48,369773218,3493358021
2012-12-13,3588.18,3580.28,3606.69,3569.15,372906867,3318240292
2012-12-14,3586.42,3737.65,3737.65,3586.18,934208400,8922397111
2012-12-17,3742.49,3757.2,3790.11,3742.49,804200331,7962185831
2012-12-18,3745.28,3730.11,3800.04,3717.18,717299656,7100546777
2012-12-19,3728.47,3760.39,3780.93,3711.89,731635128,7030413423
2012-12-20,3745.01,3798.77,3806.47,3729.06,628716514,6026221109
2012-12-21,3804.61,3794.37,3863.76,3781.0,616994259,6771983519
2012-12-24,3792.95,3805.59,3830.59,3784.41,452694609,4897973993
2012-12-25,3798.31,3922.04,3943.8,3784.42,940855793,9258055522
2012-12-26,3919.86,3936.75,3941.93,3909.13,621731560,5858883591
2012-12-27,3946.43,3911.02,3963.38,3903.95,603134624,5816790243
2012-12-28,3915.13,3946.79,3948.34,3900.34,539460564,5479635171
2012-12-31,3951.47,3968.92,3971.3,3927.97,702553623,7120371540
2013-01-04,4003.82,3957.57,4011.1,3929.36,739721848,7093017132
2013-01-07,3951.23,3984.24,3984.24,3947.5,528912079,5399033776
2013-01-08,3982.59,3984.2,4001.26,3954.8,532283303,5305205348
2013-01-09,3964.51,3989.36,3991.93,3952.78,680358928,6874488780
2013-01-10,3987.77,3992.92,4025.77,3975.77,632560838,6151151023
2013-01-11,3993.9,3928.83,4006.81,3917.9,628230958,6029661080
2013-01-14,3918.89,4034.38,4042.0,3917.22,707897092,7408840441
2013-01-15,4035.57,4054.18,4071.59,4029.64,728057340,7437929366
2013-01-16,4052.13,4022.57,4069.08,3989.61,605310965,6243548894
2013-01-17,4019.97,4015.08,4044.41,3997.99,481302651,4845783534
2013-01-18,4048.15,4082.17,4100.72,4022.35,713958642,7196204639
2013-01-21,4166.48,4189.17,4189.4,4139.81,816315184,8707183555
2013-01-22,4226.74,4198.72,4244.99,4168.46,1271851675,14159339207
2013-01-23,4192.49,4208.89,4224.81,4155.93,807879140,8681163773
2013-01-24,4198.48,4183.6,4304.83,4151.8,1078787663,11875011659
2013-01-25,4180.4,4149.24,4192.97,4142.47,515128051,5756442313
2013-01-28,4152.27,4266.0,4266.55,4152.27,837988013,9661404969
2013-01-29,4271.35,4293.18,4325.99,4269.77,876217730,10377076073
2013-01-30,4299.21,4339.39,4342.43,4276.35,829248264,8850644898
2013-01-31,4335.91,4292.97,4343.79,4276.86,860580679,8947724151
2013-02-01,4279.34,4353.63,4357.07,4251.26,952301192,10457124890
2013-02-04,4346.21,4340.45,4385.59,4319.05,1225249870,13129837439
2013-02-05,4321.99,4427.2,4449.49,4318.59,1075864059,11807843756
2013-02-06,4428.56,4385.48,4434.78,4377.94,693138060,7750967240
2013-02-07,4380.11,4374.99,4385.65,4326.05,658482460,7557850978
2013-02-08,4362.94,4412.16,4441.26,4362.94,597201508,6855189024
2013-02-18,4435.19,4343.59,4443.86,4338.05,585151535,6557750321
2013-02-19,4347.61,4223.16,4347.61,4209.98,691341495,7554485590
2013-02-20,4217.96,4274.41,4275.52,4212.93,530048009,5934763870
2013-02-21,4235.2,4155.67,4244.16,4109.63,850454547,9715732342
2013-02-22,4153.26,4132.9,4168.43,4128.01,426014140,5538988940
2013-02-25,4148.95,4123.19,4169.29,4102.57,404933547,4643594578
2013-02-26,4103.09,4048.14,4150.49,4038.12,584139522,6347119024
2013-02-27,4057.49,4114.84,4117.42,4057.49,490722852,5237299074
2013-02-28,4145.61,4261.02,4261.56,4141.61,755442163,8279490861
2013-03-01,4258.22,4267.3,4286.56,4203.9,579529626,6399712534
2013-03-04,4139.21,4022.11,4142.86,3995.21,1239583972,12344517703
2013-03-05,4022.26,4080.82,4089.19,3991.28,796394844,8458808857
2013-03-06,4098.32,4098.31,4114.87,4063.91,773965353,8219766606
2013-03-07,4089.75,4085.85,4138.19,4043.41,733608264,8276672424
2013-03-08,4082.31,4052.08,4099.98,4048.09,421040852,4626645421
2013-03-11,4038.08,4047.58,4075.91,4006.47,373472616,3989890695
2013-03-12,4042.34,4016.89,4101.93,3979.29,541974377,5703405711
2013-03-13,4014.2,3951.25,4014.2,3932.73,422327920,4314796156
2013-03-14,3930.45,3942.07,3977.86,3924.65,355521435,3940279129
2013-03-15,3941.3,3927.25,4024.28,3875.03,553379998,5985638764
2013-03-18,3913.11,3895.84,3952.45,3884.22,395934289,4371768399
2013-03-19,3907.99,3930.44,3948.69,3889.14,397691104,4182252501
2013-03-20,3936.69,4045.93,4046.19,3933.04,641684726,6932408384
2013-03-21,4048.97,4040.18,4068.04,4013.49,586705003,6101366296
2013-03-22,4036.67,4038.4,4048.03,4010.45,426715317,4588690399
2013-03-25,4048.43,4034.89,4064.71,4020.66,425253549,4274692934
2013-03-26,4032.1,3998.71,4061.96,3970.94,473926320,5329043463
2013-03-27,3996.62,4013.86,4066.12,3988.09,410400928,4702569661
2013-03-28,3969.65,3922.52,3969.65,3901.74,572929680,6362305738
2013-03-29,3925.09,3885.02,3933.73,3883.8,343025123,3429673384
2013-04-01,3903.58,3933.51,3953.37,3902.15,362958557,3738484504
2013-04-02,3954.9,3968.09,4025.7,3948.95,469848281,4751238839
2013-04-03,3993.87,3971.66,4018.23,3952.71,368301435,4016962773
2013-04-08,3927.02,3973.25,3973.32,3881.67,619676729,7223109944
2013-04-09,3976.49,3981.5,4019.03,3971.41,496115195,5588972337
2013-04-10,3980.28,3961.3,3984.48,3931.73,457555842,5834316944
2013-04-11,3993.87,3949.2,4004.86,3945.06,391806727,4446042674
2013-04-12,3944.02,3917.63,3967.13,3907.63,403251495,4594923426
2013-04-15,3899.31,3898.54,3923.02,3869.81,539493319,5438126268
2013-04-16,3869.95,3960.25,3961.59,3863.17,503520510,5372531021
2013-04-17,3966.53,3969.85,3993.92,3944.08,431692625,4988703411
2013-04-18,3951.76,3983.93,4029.08,3940.6,385930376,4521474881
2013-04-19,3995.76,4071.24,4077.17,3991.08,588889919,6507837994
2013-04-22,4065.45,4047.09,4094.33,4018.62,602885928,6885766242
2013-04-23,4039.29,3930.17,4039.6,3912.52,588639860,6688393821
2013-04-24,3929.97,3984.41,4011.4,3911.03,605950082,7468041708
2013-04-25,3970.9,3933.09,3998.44,3925.14,610029872,6996926748
2013-04-26,3947.6,3921.02,3966.99,3909.54,466343240,5263176795
2013-05-02,3896.09,3949.42,3950.83,3888.68,546817237,6299794406
2013-05-03,3957.92,3996.36,4043.3,3956.89,698858493,7645793709
2013-05-06,4002.7,4036.11,4044.97,3991.78,594334068,6383830330
2013-05-07,4023.84,4052.35,4059.96,4009.65,551358905,6268687788
2013-05-08,4082.95,4079.45,4124.88,4061.92,603128489,6738246563
2013-05-09,4074.29,4043.57,4079.08,4008.88,590097948,6625660653
2013-05-10,4032.24,4067.49,4074.78,4027.58,476271372,5009402243
2013-05-13,4068.89,4031.71,4077.52,4013.88,474771647,5191133830
2013-05-14,4027.31,3950.24,4036.66,3931.41,489434102,5445420432
2013-05-15,3954.25,3964.75,3974.15,3942.14,416335112,4177763376
2013-05-16,3951.84,4051.35,4051.35,3931.16,756535822,7911009632
2013-05-17,4048.39,4142.41,4150.45,4048.39,932668555,9332107222
2013-05-20,4150.98,4166.74,4199.82,4137.26,965939578,10344459940
2013-05-21,4175.27,4194.23,4194.28,4159.73,792005333,8238466403
2013-05-22,4191.48,4197.87,4226.95,4173.51,842947603,8554426137
2013-05-23,4180.73,4130.99,4216.77,4121.15,802820264,8102189077
2013-05-24,4140.52,4140.59,4171.85,4101.82,612696094,6372238260
2013-05-27,4136.92,4140.5,4157.93,4121.73,572197701,6125127359
2013-05-28,4141.93,4231.55,4231.55,4116.74,767655678,8011487781
2013-05-29,4232.13,4221.5,4263.98,4219.95,916108767,9153861660
2013-05-30,4215.84,4225.82,4236.96,4201.86,677315454,7763382829
2013-05-31,4226.21,4161.68,4240.92,4161.37,670968245,7130880171
2013-06-03,4164.58,4172.26,4210.55,4158.73,614415120,6428603555
2013-06-04,4175.47,4107.16,4175.47,4090.31,620747543,6322717571
2013-06-05,4115.79,4111.06,4118.21,4075.48,495100827,5359075488
2013-06-06,4096.85,4062.48,4116.75,4060.36,629606967,6975256330
2013-06-07,4063.28,3967.62,4077.2,3948.67,670158251,7407317654
2013-06-13,3908.49,3803.36,3908.49,3784.69,669015865,6723055565
2013-06-14,3813.33,3818.98,3831.35,3797.74,507049852,5196638131
2013-06-17,3823.6,3777.75,3833.22,3750.08,587779537,6095523513
2013-06-18,3791.26,3811.76,3821.01,3764.3,536586899,5303406871
2013-06-19,3795.91,3781.83,3795.91,3714.99,679977233,6325777880
2013-06-20,3759.42,3672.51,3773.49,3669.25,547449141,5195252214
2013-06-21,3611.26,3650.42,3681.37,3587.99,611657139,5558397361
2013-06-24,3642.2,3416.8,3642.2,3404.35,845722448,7187248894
2013-06-25,3375.8,3368.18,3410.06,3186.74,1001978604,7988899534
2013-06-26,3388.36,3394.0,3409.63,3333.73,751062139,6124259445
2013-06-27,3414.09,3390.34,3467.41,3390.34,817563502,6413010558
2013-06-28,3378.3,3469.63,3534.52,3370.03,925153128,7805614750
2013-07-01,3453.89,3474.66,3477.61,3392.56,656438312,5826449983
2013-07-02,3478.99,3474.56,3493.35,3429.19,721072366,6751924667
2013-07-03,3463.62,3431.18,3463.62,3377.41,672392823,6026829456
2013-07-04,3403.05,3500.88,3538.23,3386.33,1044296720,9065712736
2013-07-05,3531.68,3541.03,3585.14,3531.68,833316346,7373857221
2013-07-08,3490.03,3439.6,3516.9,3438.1,645882333,5345054487
2013-07-09,3430.76,3413.25,3457.86,3397.73,486504582,4051175981
2013-07-10,3414.66,3539.63,3539.63,3403.49,721177358,6245000138
2013-07-11,3531.84,3670.74,3719.63,3520.91,1404798097,12404733135
2013-07-12,3661.7,3567.66,3675.92,3562.24,978874014,8786287128
2013-07-15,3594.41,3617.85,3679.88,3576.38,881731617,8547216841
2013-07-16,3603.24,3645.37,3645.49,3577.05,727933042,7005567047
2013-07-17,3632.37,3597.21,3662.46,3592.68,761220307,6935315627
2013-07-18,3581.88,3525.43,3604.12,3520.69,655561455,5950914968
2013-07-19,3532.95,3392.46,3538.76,3392.46,802404652,7381539424
2013-07-22,3365.91,3400.81,3408.25,3338.86,535020841,4660348960
2013-07-23,3411.05,3513.14,3529.97,3405.64,785388849,7072244045
2013-07-24,3498.32,3487.15,3524.0,3427.7,718572969,6635174275
2013-07-25,3502.99,3478.95,3522.8,3462.11,613034653,5758434005
2013-07-26,3460.97,3465.42,3492.86,3439.12,502078386,4974445447
2013-07-29,3445.33,3388.08,3445.33,3375.87,576698480,5309018365
2013-07-30,3396.15,3424.61,3482.02,3381.51,541219861,5054651765
2013-07-31,3489.36,3452.15,3546.68,3445.24,627585629,6346293313
2013-08-01,3480.55,3522.52,3544.03,3468.51,711726351,6639616116
2013-08-02,3568.19,3526.82,3591.01,3522.11,726315242,6696778757
2013-08-05,3525.42,3564.78,3564.78,3503.12,587620362,5598310399
2013-08-06,3547.65,3588.6,3596.39,3514.9,816705236,8235210603
2013-08-07,3601.21,3586.18,3649.82,3579.12,924834772,9010222844
2013-08-08,3591.05,3573.65,3605.66,3563.95,599538780,6103789338
2013-08-09,3594.56,3583.85,3609.64,3543.71,582625574,5800436404
2013-08-12,3602.23,3693.3,3693.3,3601.16,1074446447,9920566611
2013-08-13,3693.72,3687.58,3702.04,3661.29,824866717,7421977822
2013-08-14,3700.49,3671.85,3735.64,3659.22,885588766,8588921598
2013-08-15,3668.57,3625.59,3681.13,3621.78,595174271,5647025434
2013-08-16,3610.02,3600.52,3740.27,3589.99,1125173600,10267878949
2013-08-19,3572.68,3632.07,3649.0,3562.45,710876578,6588986682
2013-08-20,3626.14,3601.25,3662.42,3585.51,663167345,6366361390
2013-08-21,3617.23,3583.38,3620.28,3562.6,559101960,5224279909
2013-08-22,3574.64,3568.34,3610.11,3559.43,556793212,4881846502
2013-08-23,3585.53,3525.26,3592.98,3475.3,726691466,6550986667
2013-08-26,3544.95,3601.8,3601.8,3526.47,738181952,6635312117
2013-08-27,3598.13,3604.93,3611.92,3577.42,653849609,5704084744
2013-08-28,3577.53,3579.97,3613.79,3540.88,807371119,6898027156
2013-08-29,3591.92,3571.88,3598.33,3554.33,675695633,5764294639
2013-08-30,3565.4,3587.41,3618.8,3549.55,985824393,8251612803
2013-09-02,3597.7,3593.76,3617.04,3549.78,1027962825,8681431582
2013-09-03,3597.9,3652.38,3653.62,3589.24,922896891,7959293842
2013-09-04,3645.68,3649.25,3667.22,3641.23,858353040,7085729404
2013-09-05,3656.23,3628.51,3662.97,3623.44,771625708,6625136823
2013-09-06,3620.08,3627.71,3655.37,3611.94,693920953,6150043136
2013-09-09,3650.75,3731.21,3760.67,3640.31,1392024085,12738476984
2013-09-10,3743.08,3797.49,3797.49,3738.44,1325410564,11902319359
2013-09-11,3821.58,3838.72,3870.33,3820.59,1671122118,14750237228
2013-09-12,3831.89,3845.08,3864.86,3811.05,1266447805,11818807427
2013-09-13,3835.32,3837.87,3861.12,3819.91,1026696208,9501883434
2013-09-16,3832.34,3790.12,3844.82,3789.32,872998498,8521647094
2013-09-17,3791.46,3703.41,3792.38,3703.41,856167075,7603067824
2013-09-18,3677.84,3687.4,3713.86,3668.71,603790628,6810736512
2013-09-23,3697.31,3771.95,3772.41,3697.31,679215126,7527170410
2013-09-24,3763.18,3722.86,3763.18,3688.06,852604890,8748118950
2013-09-25,3718.09,3723.13,3751.37,3700.91,804263388,8879337389
2013-09-26,3716.79,3635.91,3723.5,3629.78,809147071,8219785294
2013-09-27,3629.24,3657.88,3671.58,3629.24,522603958,5481755704
2013-09-30,3656.28,3647.87,3680.06,3630.11,580798855,5585364957
2013-10-08,3638.48,3711.03,3717.02,3615.98,708200871,7003107777
2013-10-09,3699.27,3711.86,3711.86,3682.1,644219801,6258501373
2013-10-10,3710.7,3704.03,3729.14,3686.11,799544316,7964126255
2013-10-11,3720.12,3751.54,3760.31,3716.8,764777773,7393014872
2013-10-14,3757.32,3780.73,3799.69,3746.99,1023992560,10436097210
2013-10-15,3783.93,3793.0,3793.0,3756.06,959199130,8597367144
2013-10-16,3775.69,3701.68,3779.55,3683.54,817946776,7549569080
2013-10-17,3724.26,3708.67,3741.08,3696.85,718083148,6670857195
2013-10-18,3701.73,3736.64,3761.65,3695.96,665679092,6620903233
2013-10-21,3743.91,3813.01,3815.14,3731.9,844031581,8685581006
2013-10-22,3807.23,3773.61,3814.51,3766.42,754903381,7456618935
2013-10-23,3784.76,3721.69,3813.31,3716.27,834213830,7895315108
2013-10-24,3709.66,3716.88,3750.84,3693.3,624677498,6603748208
2013-10-25,3714.67,3687.08,3755.99,3668.74,630402033,6819706827
2013-10-28,3720.24,3695.41,3730.65,3681.66,715597405,7109096669
2013-10-29,3691.52,3685.32,3737.47,3612.61,869248892,8411441835
2013-10-30,3696.26,3768.79,3770.64,3686.02,692000997,7584241244
2013-10-31,3785.29,3736.0,3795.38,3728.18,810334781,7914052930
2013-11-01,3731.4,3750.03,3766.53,3717.35,500649968,4990405097
2013-11-04,3767.5,3740.12,3782.61,3722.87,417086447,4374594834
2013-11-05,3719.66,3730.2,3737.57,3682.38,490393378,4899812920
2013-11-06,3714.63,3675.51,3726.14,3671.37,514094276,5010882862
2013-11-07,3666.34,3653.16,3671.71,3624.58,457834558,4560545694
2013-11-08,3630.66,3598.51,3654.67,3598.43,403980400,3775750513
2013-11-11,3591.97,3594.27,3610.96,3554.91,362959818,3512315867
2013-11-12,3600.37,3646.93,3656.03,3600.37,373453115,4198634795
2013-11-13,3623.96,3574.93,3624.42,3572.74,409253049,3948251159
2013-11-14,3586.89,3593.61,3594.09,3551.97,408769736,3886603728
2013-11-15,3597.81,3670.48,3717.55,3596.78,626212751,6273145775
2013-11-18,3691.99,3773.71,3773.87,3687.78,835642902,8463040117
2013-11-19,3774.66,3752.04,3774.66,3740.18,659680089,6342168062
2013-11-20,3786.53,3772.22,3796.91,3739.89,540623254,5064861547
2013-11-21,3750.61,3742.81,3755.13,3696.9,752532473,7119453349
2013-11-22,3754.08,3735.37,3770.2,3718.91,590883156,5711977322
2013-11-25,3708.18,3728.33,3760.87,3700.04,668859159,6358908591
2013-11-26,3724.16,3714.28,3742.61,3707.16,599197458,5920023950
2013-11-27,3709.12,3733.06,3750.82,3697.3,610162071,6035099059
2013-11-28,3741.27,3794.33,3831.77,3740.87,888547318,8177547899
2013-11-29,3795.73,3791.99,3803.98,3779.05,621860515,5783823602
2013-12-02,3768.32,3746.34,3824.11,3725.53,1049578463,10213751708
2013-12-03,3743.26,3808.17,3816.09,3735.27,695759782,6714994481
2013-12-04,3801.58,3866.48,3887.84,3794.45,1014352008,9616602330
2013-12-05,3865.49,3874.17,3896.67,3861.54,665529893,6714509996
2013-12-06,3873.91,3870.74,3888.1,3849.41,559564608,5659178853
2013-12-09,3887.38,3882.15,3899.92,3860.48,512253858,5468524019
2013-12-10,3884.98,3888.14,3915.51,3869.88,559274019,6041093867
2013-12-11,3862.02,3814.3,3865.13,3795.87,586965392,5953650849
2013-12-12,3808.05,3808.53,3831.6,3790.99,401245337,4001892212
2013-12-13,3775.5,3846.59,3858.67,3774.57,474040525,5219971324
2013-12-16,3858.77,3789.05,3859.5,3788.09,549683409,5803399185
2013-12-17,3789.4,3742.77,3794.4,3738.84,425608699,4454673444
2013-12-18,3746.45,3758.8,3769.95,3736.32,392189754,4016727455
2013-12-19,3773.47,3731.29,3786.91,3727.28,423483576,4196676367
2013-12-20,3740.47,3649.58,3742.71,3649.58,527841296,5804606962
2013-12-23,3670.06,3666.96,3678.03,3616.05,442382605,4442684863
2013-12-24,3680.25,3687.28,3721.38,3656.3,471557172,4805721673
2013-12-25,3694.15,3724.01,3731.08,3676.84,409132335,4194131028
2013-12-26,3719.62,3647.05,3721.34,3645.42,515051150,5336179265
2013-12-27,3651.24,3711.24,3732.79,3641.66,506667659,5120173063
2013-12-30,3724.64,3700.05,3731.6,3691.82,421356411,4290596489
2013-12-31,3681.1,3744.18,3746.92,3677.74,507392003,5300353734
2014-01-02,3730.25,3715.58,3733.22,3695.15,444394760,4472670576
2014-01-03,3694.19,3652.56,3700.61,3633.8,530463734,5658658502
2014-01-06,3646.95,3549.01,3646.95,3539.56,678084117,6581777061
2014-01-07,3522.0,3540.75,3560.13,3514.32,431688834,4196802180
2014-01-08,3546.9,3540.21,3579.88,3532.91,446936048,4131371104
2014-01-09,3528.5,3512.34,3563.63,3508.72,492728402,4576919883
2014-01-10,3503.29,3476.85,3507.44,3471.68,419299171,3719766696
2014-01-13,3478.09,3443.04,3510.55,3415.7,464777320,4639159387
2014-01-14,3442.84,3508.13,3508.13,3436.69,507190358,4742430560
2014-01-15,3501.46,3498.49,3517.77,3473.64,463620815,4544005758
2014-01-16,3502.86,3505.35,3529.17,3480.43,460911201,4668576971
2014-01-17,3490.29,3452.24,3498.46,3447.41,441724759,4358829804
2014-01-20,3443.09,3470.01,3478.32,3440.62,360115047,3901749198
2014-01-21,3467.73,3508.88,3515.96,3467.73,409263291,4194169946
2014-01-22,3513.52,3604.43,3604.43,3507.28,672657423,6496557855
2014-01-23,3605.53,3588.86,3619.12,3579.89,572845613,5829390760
2014-01-24,3578.66,3616.2,3644.38,3574.18,641714690,6181185179
2014-01-27,3590.34,3547.72,3590.34,3538.26,539723507,5409744354
2014-01-28,3562.11,3558.26,3581.66,3530.41,390149740,3868838076
2014-01-29,3568.46,3541.68,3583.46,3538.22,460093292,4537907046
2014-01-30,3539.2,3489.03,3539.2,3482.43,376899065,3770887786
2014-02-07,3463.74,3506.58,3507.83,3445.84,426006385,4451610821
2014-02-10,3518.16,3601.28,3604.34,3518.16,762972892,7581803003
2014-02-11,3603.7,3616.13,3634.13,3586.3,882811082,8427398271
2014-02-12,3615.3,3646.42,3658.7,3615.22,723139588,7322306774
2014-02-13,3643.07,3621.4,3656.19,3617.9,723035791,7468188272
2014-02-14,3614.38,3634.36,3637.11,3607.15,596914990,6413697834
2014-02-17,3654.84,3652.54,3662.68,3625.69,652281101,6789903361
2014-02-18,3655.78,3604.18,3655.78,3589.86,697886455,7405238851
2014-02-19,3604.85,3638.51,3656.7,3588.58,686954492,7216488175
2014-02-20,3646.53,3590.04,3665.24,3585.97,758618379,8114486696
2014-02-21,3583.82,3540.26,3586.56,3523.0,603140677,5990304781
2014-02-24,3508.3,3413.76,3508.3,3380.61,819601125,8396185028
2014-02-25,3416.77,3315.27,3425.43,3310.24,836741507,8772239326
2014-02-26,3303.4,3335.64,3336.32,3283.63,698830695,6944802376
2014-02-27,3345.7,3275.57,3348.49,3271.57,782899046,8456109929
2014-02-28,3275.53,3362.4,3362.91,3270.01,672928831,7100037727
2014-03-03,3345.73,3387.8,3396.08,3341.81,710866997,7658554768
2014-03-04,3398.12,3386.03,3398.12,3352.68,752957338,7131205199
2014-03-05,3388.16,3358.89,3394.42,3352.24,546040004,5605653778
2014-03-06,3350.28,3424.7,3440.49,3320.65,893789042,8197922791
2014-03-07,3419.04,3392.45,3439.06,3384.96,636667688,5903436622
2014-03-10,3366.38,3298.06,3378.07,3291.05,655278612,6384625544
2014-03-11,3297.2,3346.33,3363.59,3294.55,681557508,6645736569
2014-03-12,3342.6,3373.38,3402.54,3326.95,852788431,7958428804
2014-03-13,3373.41,3401.2,3421.62,3364.37,707444169,6964167909
2014-03-14,3398.44,3370.69,3413.93,3348.76,676578276,6106768352
2014-03-17,3377.46,3416.45,3416.82,3369.28,580509251,5574306661
2014-03-18,3421.1,3394.99,3421.51,3389.87,589960411,6365799479
2014-03-19,3377.59,3367.82,3377.59,3331.53,664401944,6610959212
2014-03-20,3362.79,3308.8,3394.32,3306.99,670501413,6264310913
2014-03-21,3302.68,3418.77,3428.81,3290.98,1005293123,8206246347
2014-03-24,3418.88,3444.72,3460.23,3396.23,990433731,7873283570
2014-03-25,3433.64,3442.0,3473.73,3426.61,820539714,6829288539
2014-03-26,3452.2,3432.82,3462.36,3425.58,531452078,4840047855
2014-03-27,3431.36,3412.75,3465.16,3402.5,699716646,6064837798
2014-03-28,3410.88,3426.94,3458.24,3409.57,794691027,6999531356
2014-03-31,3468.54,3441.14,3492.12,3422.0,555400483,6223257120
2014-04-01,3440.65,3485.95,3500.66,3431.29,601969832,6019135993
2014-04-02,3493.13,3507.54,3525.26,3489.24,801581540,7176126239
2014-04-03,3519.72,3469.73,3533.09,3462.17,707542201,6715804438
2014-04-04,3459.77,3505.2,3505.46,3453.83,467328251,4926947829
2014-04-08,3491.46,3569.67,3581.64,3482.64,778973196,8058691182
2014-04-09,3572.15,3569.0,3592.36,3551.26,601916537,6380710205
2014-04-10,3586.32,3601.11,3624.2,3555.96,1065178235,10395648210
2014-04-11,3588.78,3616.5,3622.48,3576.87,799030566,8957180383
2014-04-14,3607.36,3601.54,3621.83,3582.04,657762467,7233468656
2014-04-15,3587.28,3521.7,3587.28,3514.11,657247883,6564084768
2014-04-16,3510.26,3536.3,3547.3,3508.52,519605274,5153466602
2014-04-17,3542.24,3520.03,3546.75,3514.05,503280949,5050565103
2014-04-18,3503.54,3521.82,3524.3,3476.63,470753741,4777552293
2014-04-21,3505.53,3466.74,3533.28,3465.76,590731678,5825035475
2014-04-22,3463.56,3478.29,3483.35,3431.92,577968524,5774035941
2014-04-23,3473.4,3488.86,3505.3,3470.22,493446112,5060300139
2014-04-24,3480.62,3487.34,3511.85,3471.57,567295348,5246299120
2014-04-25,3492.84,3446.59,3507.8,3444.48,717870362,6459555304
2014-04-28,3452.15,3413.26,3469.04,3408.91,882056846,7332051595
2014-04-29,3413.52,3466.71,3469.95,3399.58,467643108,5147025634
2014-04-30,3450.39,3431.03,3450.39,3424.37,354250589,3675842553
2014-05-05,3419.78,3432.4,3442.47,3394.6,381439005,3762980689
2014-05-06,3418.93,3425.05,3450.95,3411.58,643679394,5286306636
2014-05-07,3414.55,3400.16,3417.11,3397.97,626268112,5317291827
2014-05-08,3366.17,3363.61,3427.7,3345.89,644209084,5349868367
2014-05-09,3367.22,3371.65,3378.24,3336.52,609366535,5126776925
2014-05-12,3400.04,3438.37,3447.49,3372.33,930353325,7281881706
2014-05-13,3446.25,3438.8,3463.97,3426.54,911417233,6416583672
2014-05-14,3444.67,3441.66,3461.82,3435.35,597112504,4570936737
2014-05-15,3434.88,3391.55,3434.88,3389.09,561788937,4660056542
2014-05-16,3386.04,3402.36,3406.71,3377.58,502949872,4006487717
2014-05-19,3384.71,3364.54,3385.11,3339.5,425931113,3498157509
2014-05-20,3377.69,3364.95,3393.98,3354.08,428342908,3590079687
2014-05-21,3351.12,3379.52,3384.76,3326.74,429302927,3614828419
2014-05-22,3381.22,3382.7,3425.01,3380.94,523391039,4363315719
2014-05-23,3381.5,3420.19,3423.66,3378.08,506635643,4133895203
2014-05-26,3440.27,3443.43,3448.73,3428.6,468569471,4278910020
2014-05-27,3442.7,3431.69,3455.86,3431.09,390350506,3483550359
2014-05-28,3435.31,3496.16,3497.05,3428.64,636194448,5852637661
2014-05-29,3505.43,3473.88,3523.66,3472.07,607171714,5535440341
2014-05-30,3478.96,3485.39,3499.18,3462.18,516967594,4642145825
2014-06-03,3484.61,3465.91,3498.59,3463.25,452534372,3955782312
2014-06-04,3462.61,3414.8,3462.61,3397.34,424023047,3642132117
2014-06-05,3413.24,3454.44,3455.52,3408.35,326660588,3061148725
2014-06-06,3431.95,3409.88,3431.95,3386.33,370153720,3346697409
2014-06-09,3398.4,3408.17,3448.75,3393.58,371960945,3396264584
2014-06-10,3412.8,3454.69,3459.16,3412.25,461714455,4465346587
2014-06-11,3449.06,3456.99,3462.36,3441.6,414260700,3820330869
2014-06-12,3448.09,3446.57,3450.58,3428.79,468949651,4013914632
2014-06-13,3441.82,3491.65,3505.02,3441.03,632723136,5802737572
2014-06-16,3493.01,3499.15,3509.84,3481.17,708569240,6453522889
2014-06-17,3494.24,3455.47,3494.24,3449.18,529596416,4766093813
2014-06-18,3456.19,3431.33,3458.53,3427.08,448365255,3840854900
2014-06-19,3435.86,3374.74,3446.79,3359.24,501610335,4236402177
2014-06-20,3375.59,3389.48,3391.17,3365.02,459591866,4114217215
2014-06-23,3392.98,3382.56,3408.7,3377.89,397209391,3552475486
2014-06-24,3386.13,3398.74,3405.01,3377.18,374112827,3208455666
2014-06-25,3399.45,3394.95,3399.45,3367.8,388228039,3093148902
2014-06-26,3399.22,3434.43,3442.99,3399.22,485664721,4138037192
2014-06-27,3432.79,3465.43,3474.25,3426.63,615936001,5107792590
2014-06-30,3466.94,3470.72,3489.57,3461.48,629563782,5561878015
2014-07-01,3474.48,3441.19,3475.45,3436.69,694665292,6974685805
2014-07-02,3439.21,3454.19,3454.19,3421.89,786702110,7107140068
2014-07-03,3445.36,3474.52,3482.39,3441.28,709911321,6849438943
2014-07-04,3479.41,3479.2,3485.53,3466.24,765793060,7573665537
2014-07-07,3478.02,3481.36,3505.21,3469.45,702357735,7023474619
2014-07-08,3478.7,3488.16,3488.77,3450.25,754805012,6640421491
2014-07-09,3483.45,3419.36,3483.45,3418.18,801550366,7557884377
2014-07-10,3421.88,3413.79,3438.7,3408.91,952527570,7603249701
2014-07-11,3419.07,3438.36,3453.44,3408.04,844042880,6667863665
2014-07-14,3439.64,3493.42,3493.52,3437.2,794594019,7916276311
2014-07-15,3493.76,3509.36,3509.36,3483.98,925254217,9629220737
2014-07-16,3507.23,3485.77,3520.78,3483.89,837345856,7395313527
2014-07-17,3480.57,3464.81,3482.55,3444.49,678662558,5914133118
2014-07-18,3447.07,3510.66,3531.49,3442.17,845216402,7673471938
2014-07-21,3508.53,3515.53,3528.12,3505.85,648432469,5778523939
2014-07-22,3509.6,3551.39,3558.4,3508.29,801026698,7803281301
2014-07-23,3551.56,3557.03,3574.68,3539.97,872500274,8359386842
2014-07-24,3556.66,3627.0,3630.75,3556.66,1413638131,12154170316
2014-07-25,3637.98,3664.95,3665.0,3620.47,1163811590,9437606740
2014-07-28,3690.75,3769.28,3774.72,3690.75,1715101541,15305033027
2014-07-29,3780.73,3805.8,3809.88,3760.33,1532313324,14796192268
2014-07-30,3805.54,3784.11,3819.91,3766.98,1413871488,13653889496
2014-07-31,3782.58,3851.17,3851.72,3769.98,1459993431,14474594376
2014-08-01,3830.61,3817.5,3877.66,3811.44,1446727346,14411652028
2014-08-04,3826.5,3878.92,3878.92,3816.26,1286517890,12599179024
2014-08-05,3879.3,3868.72,3885.26,3845.76,1280477497,12256655795
2014-08-06,3849.45,3866.7,3876.09,3811.27,1416231085,13176515143
2014-08-07,3860.0,3808.5,3874.14,3808.25,1242251533,12210369320
2014-08-08,3808.71,3801.36,3823.28,3780.04,983796726,9502836203
2014-08-11,3804.39,3848.03,3854.24,3801.44,950132257,9239486415
2014-08-12,3844.62,3830.6,3844.62,3809.46,967618489,10571866006
2014-08-13,3831.19,3834.72,3855.5,3794.72,1038373516,10475008444
2014-08-14,3830.62,3790.32,3837.11,3787.58,964233977,9690888979
2014-08-15,3797.04,3840.52,3855.28,3797.04,1254412114,10277589365
2014-08-18,3862.75,3865.69,3877.5,3844.36,1829191320,11929732350
2014-08-19,3878.48,3861.4,3879.6,3838.53,1437956923,11944188595
2014-08-20,3850.95,3847.98,3861.64,3838.19,1313702448,11231197694
2014-08-21,3847.02,3826.53,3848.97,3775.92,1271973588,10639313836
2014-08-22,3825.55,3866.31,3869.93,3819.07,1049435837,9532583429
2014-08-25,3866.07,3818.81,3866.96,3812.85,1061764227,9057776086
2014-08-26,3809.7,3760.37,3827.12,3746.25,1056782293,9956275957
2014-08-27,3757.8,3765.61,3781.97,3757.3,709290421,7031080773
2014-08-28,3760.72,3720.11,3765.08,3718.29,768025131,6930149810
2014-08-29,3726.56,3764.18,3764.18,3726.38,627280396,5844997031
2014-09-01,3767.02,3807.18,3809.24,3767.02,866080984,7375416485
2014-09-02,3813.13,3863.7,3863.7,3796.85,1417604070,12404384172
2014-09-03,3869.19,3904.12,3911.77,3869.19,1571603651,14812085009
2014-09-04,3918.12,3931.59,3931.95,3900.11,1297819112,13239034801
2014-09-05,3939.95,3952.54,3956.2,3927.47,1514134970,13576197250
2014-09-09,3955.36,3947.13,3955.36,3925.36,1483436504,11710070436
2014-09-10,3927.34,3910.15,3927.34,3894.82,1198532165,11088842077
2014-09-11,3906.8,3897.3,3957.8,3885.53,1524333326,13177267342
2014-09-12,3889.86,3912.67,3912.97,3875.5,1143959395,9651019236
2014-09-15,3903.12,3897.68,3903.12,3868.59,1366589979,12616220912
2014-09-16,3899.28,3809.45,3909.74,3809.45,2005523806,15243669311
2014-09-17,3825.91,3843.97,3854.8,3808.03,1467694094,11465527372
2014-09-18,3831.95,3854.78,3861.23,3822.16,1332676681,10319313325
2014-09-19,3853.28,3869.69,3874.97,3837.38,1111164525,9243909786
2014-09-22,3862.32,3805.87,3862.32,3801.43,1213652935,10386752899
2014-09-23,3813.91,3841.52,3844.91,3813.91,1052821442,9060436436
2014-09-24,3831.36,3915.82,3917.7,3821.49,1606498440,14194933042
2014-09-25,3933.39,3901.41,3948.53,3891.31,1745784627,15002598453
2014-09-26,3887.52,3887.05,3900.62,3866.32,1098795501,9555903359
2014-09-29,3892.03,3883.63,3897.81,3864.83,1420526316,13793322848
2014-09-30,3888.97,3879.91,3893.12,3867.28,1095602512,9832043371
2014-10-08,3909.4,3927.33,3927.55,3879.25,1427955567,13335019618
2014-10-09,3931.36,3948.3,3958.03,3910.45,1773371572,15811427133
2014-10-10,3945.37,3952.26,3986.23,3930.92,2292689084,17938580347
2014-10-13,3939.11,3941.3,3948.92,3894.28,2163891534,14869905646
2014-10-14,3931.8,3941.81,3967.24,3920.55,2211533631,15211912732
2014-10-15,3934.38,3974.32,3983.11,3915.05,2129696511,16746323444
2014-10-16,3946.18,3917.53,3981.88,3917.17,2069497348,16185708682
2014-10-17,3917.47,3924.93,3945.88,3861.05,1659533702,13398894769
2014-10-20,3936.32,3942.5,3949.6,3919.2,1210371496,9817510883
2014-10-21,3940.74,3896.7,3944.3,3894.93,1155067534,9506296713
2014-10-22,3899.72,3873.92,3921.87,3870.72,1076605603,8800921771
2014-10-23,3870.84,3840.39,3891.43,3832.67,1322786242,9989792117
2014-10-24,3845.19,3823.0,3853.77,3812.14,877338440,7566405161
2014-10-27,3800.87,3753.77,3800.87,3749.14,1035090913,9557998816
2014-10-28,3765.02,3846.7,3846.7,3765.02,1393806765,11485860699
2014-10-29,3858.86,3923.3,3931.13,3836.78,2109994860,17704949110
2014-10-30,3917.86,3925.5,3935.44,3897.54,1868896845,15070667376
2014-10-31,3931.24,3997.96,4002.1,3931.24,2220458219,18959567965
2014-11-03,4009.68,4008.94,4038.75,3991.72,2139788589,16517971037
2014-11-04,4007.56,4022.35,4028.62,3991.19,2289671146,18677025997
2014-11-05,4041.67,4025.99,4055.93,4016.62,2303535149,19851345118
2014-11-06,4028.93,4031.64,4038.59,3988.18,1946508331,16101310075
2014-11-07,4039.98,4041.61,4110.56,4014.85,2403793865,22186021094
2014-11-10,4080.53,4140.83,4140.83,4053.38,2253424144,20933552906
2014-11-11,4156.37,4076.31,4183.84,4039.13,2768755263,25346527667
2014-11-12,4060.68,4150.91,4150.91,4052.26,1653270182,15563049496
2014-11-13,4150.98,4117.25,4159.36,4106.5,1983827570,19329861543
2014-11-14,4095.5,4116.03,4132.0,4075.11,1601027825,14578881361
2014-11-17,4137.87,4095.75,4152.17,4091.41,1392294337,12828348030
2014-11-18,4086.99,4061.54,4099.03,4041.57,1242119951,11445758905
2014-11-19,4054.09,4050.23,4071.62,4045.59,1092102430,10171564956
2014-11-20,4034.01,4047.85,4055.02,4026.43,930416405,8401896069
2014-11-21,4050.7,4117.44,4117.91,4044.92,1541006168,14090919145
2014-11-24,4234.82,4284.75,4328.15,4211.0,3112438873,29944940011
2014-11-25,4302.05,4356.56,4357.86,4291.58,2494168677,25596849636
2014-11-26,4370.6,4395.97,4410.11,4348.49,2427786779,25361611438
2014-11-27,4417.24,4463.93,4463.93,4387.88,2759308619,29625793904
2014-11-28,4446.75,4505.05,4513.7,4409.39,2986903130,31916632828
2014-12-01,4521.65,4554.6,4606.43,4517.63,3284166173,33430101461
2014-12-02,4530.8,4714.2,4746.74,4514.88,3059808453,33340972958
2014-12-03,4769.41,4855.74,4952.77,4746.16,4064350245,46571097741
2014-12-04,4876.87,5069.44,5075.58,4861.99,3600849104,42460794387
2014-12-05,5158.49,5098.85,5241.65,4936.79,4405677385,52631219554
2014-12-08,5097.65,5386.69,5408.63,5026.88,4302500540,49868143122
2014-12-09,5364.47,5196.53,5715.71,5129.39,6009566033,74294502304
2014-12-10,5233.55,5426.48,5435.49,5147.25,3886034113,44581201666
2014-12-11,5378.47,5405.14,5537.88,5346.9,3482370080,40064022655
2014-12-12,5388.67,5406.42,5490.18,5361.0,2708317902,32159212782
2014-12-15,5441.73,5441.68,5458.06,5325.45,2871359303,35270735803
2014-12-16,5433.1,5552.18,5552.18,5411.59,3142891930,40515634702
2014-12-17,5594.21,5611.85,5614.46,5454.19,3673616249,49559196611
2014-12-18,5577.44,5540.3,5616.41,5532.0,2863860458,37270924135
2014-12-19,5533.63,5537.81,5577.13,5406.56,3536249748,41077878952
2014-12-22,5531.46,5481.19,5586.84,5420.83,3838375155,42870080308
2014-12-23,5459.05,5445.57,5595.83,5416.65,2779236518,31823509226
2014-12-24,5478.62,5281.5,5490.05,5220.18,2477244591,28791023399
2014-12-25,5310.68,5401.44,5415.93,5287.62,2425211260,27795890207
2014-12-26,5409.41,5588.68,5596.2,5397.93,3171523436,38728404913
2014-12-29,5645.43,5573.35,5670.06,5502.24,3615831280,45434621955
2014-12-30,5566.89,5546.21,5607.68,5484.8,2520821351,32020646093
2014-12-31,5542.55,5711.01,5725.8,5533.88,2682456089,34085994667
2015-01-05,5783.51,5941.3,5976.81,5783.51,3887622044,51001476457
2015-01-06,5888.06,5940.41,6025.89,5845.95,3238571418,43475629155
2015-01-07,5920.82,5951.45,5991.02,5892.06,2353771207,31724021058
2015-01-08,5960.93,5834.11,5977.24,5792.85,2220090055,29322320125
2015-01-09,5816.78,5762.14,5969.79,5751.77,2353897732,31210054638
2015-01-12,5734.24,5718.77,5781.66,5633.15,2138173679,27854402035
2015-01-13,5698.9,5744.9,5761.95,5694.82,1574799513,22239198136
2015-01-14,5748.55,5684.89,5774.35,5635.44,1447156367,19722407783
2015-01-15,5683.39,5825.77,5826.62,5641.0,1668934147,21565363802
2015-01-16,5827.94,5805.34,5837.53,5764.22,1785182716,22580046879
2015-01-19,5488.8,5365.08,5578.22,5307.07,2580144839,28759092900
2015-01-20,5338.85,5469.48,5482.63,5329.95,2236380795,28745034539
2015-01-21,5508.2,5676.19,5690.72,5467.33,2386682312,30192579174
2015-01-22,5670.42,5721.66,5734.34,5653.4,1868303089,23960493887
2015-01-23,5733.18,5727.63,5787.12,5694.39,1851156475,24267856874
2015-01-26,5819.23,5868.81,5888.98,5777.43,2844143311,44169900275
2015-01-27,5840.76,5759.38,5852.65,5671.03,2782358801,37561551048
2015-01-28,5721.11,5674.05,5767.06,5649.87,1798291407,24175824574
2015-01-29,5576.68,5622.17,5659.94,5564.04,1808120403,23393577101
2015-01-30,5642.21,5565.39,5670.78,5553.64,1899592791,22770177121
2015-02-02,5455.62,5432.84,5544.25,5416.98,1582739124,20395007197
2015-02-03,5487.39,5542.14,5547.07,5417.37,1649307641,21636456773
2015-02-04,5551.14,5497.21,5612.93,5495.06,1833103523,24072157487
2015-02-05,5652.33,5445.99,5658.88,5445.99,2179539508,29213943425
2015-02-06,5416.38,5322.07,5444.79,5281.36,1758849812,21178214301
2015-02-09,5314.85,5394.03,5451.5,5293.81,1475855701,19840540770
2015-02-10,5403.33,5501.59,5501.59,5392.62,1483883426,19094002064
2015-02-11,5524.28,5553.46,5564.56,5518.63,2023250847,19927240171
2015-02-12,5555.51,5574.58,5597.12,5512.21,2037670525,18922227973
2015-02-13,5604.8,5640.5,5708.39,5586.25,2145159391,25752571761
2015-02-16,5639.98,5669.84,5679.01,5622.01,1962552901,22793740142
2015-02-17,5696.51,5756.72,5784.81,5687.39,1648913188,21652012933
2015-02-25,5771.13,5684.02,5771.13,5661.66,1697110949,21360653619
2015-02-26,5677.07,5820.16,5820.16,5654.92,2141794019,27008367439
2015-02-27,5813.98,5798.39,5840.34,5781.07,1935981730,22727100280
2015-03-02,5872.46,5891.99,5944.66,5828.42,2696323913,33670328673
2015-03-03,5867.79,5719.78,5867.79,5713.92,2526463771,32409411948
2015-03-04,5721.63,5788.98,5813.36,5715.83,2155398924,25990823464
2015-03-05,5752.9,5730.47,5761.4,5692.09,2090865167,26695268358
2015-03-06,5739.37,5677.59,5767.97,5667.73,1899737740,23394362073
2015-03-09,5610.49,5722.58,5729.83,5533.47,1995864522,25515146420
2015-03-10,5701.94,5730.86,5777.94,5687.17,2001215308,26398527168
2015-03-11,5731.64,5732.85,5812.33,5710.98,1834122266,24130931059
2015-03-12,5765.32,5776.43,5793.78,5712.53,2035875864,26874198419
2015-03-13,5794.11,5815.15,5837.4,5780.02,1891989718,24988492248
2015-03-16,5857.24,5949.38,5952.55,5831.4,2460061074,32705172416
2015-03-17,5989.61,6064.17,6077.43,5976.28,3492700332,47063883330
2015-03-18,6083.07,6229.21,6232.23,6079.56,3816768154,49071817408
2015-03-19,6274.99,6214.72,6275.26,6160.98,3345608386,43334956785
2015-03-20,6223.43,6304.28,6382.38,6172.62,3613912920,52033327352
2015-03-23,6345.3,6410.03,6436.69,6338.86,3447350182,47869476509
2015-03-24,6418.65,6338.43,6418.65,6216.52,3664848624,50265569920
2015-03-25,6337.52,6320.66,6370.54,6283.09,3231674374,44822257112
2015-03-26,6308.46,6351.5,6415.46,6260.36,2975903107,44068232245
2015-03-27,6375.57,6445.32,6473.99,6363.97,2599587058,39486020358
2015-03-30,6464.08,6659.63,6685.62,6464.08,4085959613,59345191558
2015-03-31,6810.49,6627.63,6860.67,6595.35,4536235642,70470736868
2015-04-01,6643.88,6743.56,6772.31,6608.23,3833446422,53713055357
2015-04-02,6775.14,6738.92,6790.32,6641.94,3466779149,50054379440
2015-04-03,6693.29,6789.91,6790.15,6665.74,3666942369,53480184965
2015-04-07,6866.22,6917.22,6917.22,6845.08,3703519460,54300660432
2015-04-08,6953.06,7016.73,7039.47,6851.39,4338517815,69646155690
2015-04-09,7059.95,6995.53,7063.45,6847.94,4825446080,74673169382
2015-04-10,6960.56,7043.35,7069.13,6913.53,3706778945,57387257147
2015-04-13,7069.3,7060.79,7083.73,6986.67,3814270298,60056683380
2015-04-14,7053.49,7006.15,7075.03,6931.57,3655770046,54629989374
2015-04-15,6981.05,6783.28,6981.05,6783.28,3224574818,46211932806
2015-04-16,6724.21,6915.08,6941.46,6684.54,2867902303,44019126515
2015-04-17,6995.52,7064.18,7116.76,6975.33,4488617188,65952974733
2015-04-20,7053.02,6962.77,7179.82,6940.72,5628992057,78551090006
2015-04-21,6956.75,7248.56,7248.82,6956.75,4786333327,69280240850
2015-04-22,7288.03,7417.38,7426.57,7284.11,4333776532,65047990748
2015-04-23,7467.74,7378.52,7480.67,7331.25,3939047253,60715120666
2015-04-24,7298.64,7297.16,7368.91,7188.18,4021323061,57203606545
2015-04-27,7359.76,7420.43,7440.91,7306.53,3885247929,57492030668
2015-04-28,7504.62,7380.98,7520.06,7319.62,4078142839,64101198277
2015-04-29,7367.97,7411.75,7458.37,7291.13,3325574947,57634793956
2015-04-30,7401.44,7376.64,7450.45,7368.53,3334601326,55111802091
2015-05-04,7384.68,7364.1,7426.89,7303.03,2638103617,40683527497
2015-05-05,7352.46,7016.61,7352.46,6981.92,3104664522,46572800806
2015-05-06,7059.72,6893.7,7136.29,6839.17,2526330874,37478479003
2015-05-07,6866.15,6889.04,6927.77,6832.91,2133968384,31208135323
2015-05-08,6962.89,7014.51,7014.51,6875.0,2311810504,33442628717
2015-05-11,7063.82,7198.84,7198.84,7006.32,2962445641,45066267159
2015-05-12,7199.18,7202.5,7219.68,7129.92,2818883297,41515007521
2015-05-13,7205.28,7239.56,7239.56,7120.82,3247495388,47761121550
2015-05-14,7263.74,7223.35,7336.2,7210.85,3907376785,52458262478
2015-05-15,7222.17,7047.75,7222.17,6998.24,3447503175,45076820907
2015-05-18,7006.01,7010.39,7052.92,6960.95,2717558026,39228998861
2015-05-19,7049.04,7312.61,7343.1,7049.04,3364264026,53917071664
2015-05-20,7346.63,7302.65,7446.82,7288.66,3984741583,61711838627
2015-05-21,7323.81,7514.08,7514.08,7298.87,3573051965,54588024115
2015-05-22,7584.33,7616.8,7625.1,7516.22,4241370179,64030751892
2015-05-25,7612.38,7820.84,7822.34,7594.81,4654532994,72736498503
2015-05-26,7863.5,8045.16,8048.58,7772.36,5654378482,86109141507
2015-05-27,8052.13,8006.05,8085.77,7914.73,5049997291,78523778772
2015-05-28,8005.14,7510.72,8111.32,7507.73,5968189100,91286090707
2015-05-29,7526.72,7566.72,7659.24,7224.03,4135385328,63233467419
2015-06-01,7609.27,7926.12,7936.43,7565.63,3433179147,59339915364
2015-06-02,7973.27,8055.94,8055.94,7882.54,3519705151,61184602931
2015-06-03,8112.48,8118.88,8154.01,7927.16,4801004561,74057414400
2015-06-04,8133.83,8127.87,8169.43,7596.74,4770404862,76216255390
2015-06-05,8243.79,8286.35,8345.2,8099.03,5601928865,92278993292
2015-06-08,8299.16,8439.18,8457.72,8215.36,4892157792,83578760451
2015-06-09,8454.08,8333.1,8454.08,8248.14,4591874919,71781889586
2015-06-10,8245.63,8348.41,8450.44,8177.96,4002242521,61168849118
2015-06-11,8324.52,8370.74,8394.89,8264.49,3487666680,57525048786
2015-06-12,8397.72,8453.22,8507.33,8397.72,3783806220,63997989795
2015-06-15,8507.82,8316.33,8523.19,8299.96,4107341098,70225574140
2015-06-16,8239.99,8068.64,8302.16,8005.77,3633762345,61142845416
2015-06-17,8081.03,8143.33,8169.24,7804.6,3020149439,49877945326
2015-06-18,8102.55,7884.62,8164.63,7880.99,2914335490,48023838413
2015-06-19,7755.44,7412.75,7864.46,7402.35,2755270393,44408759862
2015-06-23,7431.58,7695.37,7697.47,7182.77,2927263253,47974676779
2015-06-24,7747.51,7851.02,7854.22,7639.98,3017262603,50996615589
2015-06-25,7924.07,7661.27,7998.56,7578.21,3378820966,60026277204
2015-06-26,7468.34,7085.01,7568.27,6963.02,3544150424,57283241867
2015-06-29,7320.7,6886.71,7337.4,6607.55,4450927600,72228012980
2015-06-30,6856.84,7348.57,7357.71,6599.82,4427538184,70176103710
2015-07-01,7265.37,6982.63,7434.39,6955.86,3927715875,67852641486
2015-07-02,7059.89,6714.04,7079.76,6514.68,4143888973,60951295994
2015-07-03,6483.79,6229.8,6689.56,6124.39,3907370541,53088564271
2015-07-06,6762.94,6380.85,6762.94,6028.45,5229965007,71346545304
2015-07-07,6180.5,6104.95,6282.85,5906.24,4999356167,64955067198
2015-07-08,5609.62,5643.04,5758.6,5564.23,6581997555,82295733393
2015-07-09,5616.27,6118.09,6125.41,5504.32,4360877143,54472785593
2015-07-10,6196.88,6555.97,6622.38,6158.0,4630456912,66339588255
2015-07-13,6593.21,6808.7,6906.63,6490.44,5050438439,71914489093
2015-07-14,6712.34,6554.22,6852.48,6493.48,4203123094,59651323633
2015-07-15,6461.12,6217.74,6571.94,6141.4,3249364633,44241088506
2015-07-16,6215.62,6309.53,6434.57,6105.63,2554592583,34063978781
2015-07-17,6378.81,6585.77,6647.7,6357.66,2738766847,38287541637
2015-07-20,6603.38,6557.27,6681.37,6469.04,3036776242,42455132707
2015-07-21,6450.49,6519.34,6587.92,6386.93,2515049712,34755593419
2015-07-22,6502.11,6503.21,6531.9,6378.52,2720102289,37957155205
2015-07-23,6494.6,6651.71,6669.14,6481.07,3376262833,45827631177
2015-07-24,6666.58,6537.8,6746.29,6500.41,3717420518,51880140800
2015-07-27,6422.91,5945.31,6496.31,5917.13,3255668975,43741914914
2015-07-28,5776.79,6049.2,6098.76,5665.33,3798414165,48104155306
2015-07-29,6068.04,6195.88,6196.09,5956.12,2188108162,28131530371
2015-07-30,6165.94,5965.44,6217.84,5963.99,2050094549,26151258643
2015-07-31,5898.15,6065.75,6086.35,5898.15,1869569390,23985979889
2015-08-03,5991.25,6220.04,6220.04,5969.55,2273542338,28481163562
2015-08-04,6216.37,6357.45,6368.71,6149.21,2051441512,26832125157
2015-08-05,6348.56,6242.85,6385.88,6234.4,1938030397,25220188178
2015-08-06,6154.83,6179.27,6269.25,6124.5,1586717460,19465527984
2015-08-07,6231.52,6281.43,6305.24,6207.37,1723324662,22680411892
2015-08-10,6326.03,6517.01,6551.6,6285.8,2705225031,36474717815
2015-08-11,6498.74,6541.41,6619.08,6468.97,3151717741,40588972370
2015-08-12,6481.55,6434.2,6555.93,6434.09,2526265105,32018425660
2015-08-13,6414.17,6544.0,6545.27,6376.54,2914001870,36299137908
2015-08-14,6559.58,6550.21,6626.02,6530.06,3009789594,40328253903
2015-08-17,6520.09,6552.39,6568.99,6452.48,2727944294,34298614221
2015-08-18,6556.74,6120.82,6587.71,6085.87,3175834027,40948526517
2015-08-19,6003.95,6233.6,6246.61,5879.96,2364191488,29739426364
2015-08-20,6161.41,6042.04,6210.86,6029.73,1852632821,24155435349
2015-08-21,5964.09,5734.11,6030.79,5731.82,1941708246,24612029925
2015-08-24,5550.27,5260.43,5550.27,5242.72,2601403296,30386453306
2015-08-25,4926.22,4934.15,5187.64,4892.86,3009156975,32759167219
2015-08-26,4994.56,4934.19,5211.22,4845.56,3032135896,32379146529
2015-08-27,5049.24,5148.17,5148.24,4862.91,2637787592,28544712251
2015-08-28,5215.9,5361.28,5402.33,5172.84,2610815071,29262480084
2015-08-31,5286.56,5351.15,5351.15,5152.36,2610348669,30289701411
2015-09-01,5262.08,5352.88,5367.03,5075.0,2889445320,32004701965
2015-09-02,5144.09,5361.7,5406.43,5117.34,2954513093,34132958252
2015-09-07,5336.45,5189.58,5449.89,5174.95,1922305437,22333857446
2015-09-08,5161.21,5298.08,5305.51,5077.14,1330230516,14768121395
2015-09-09,5313.26,5397.73,5439.16,5283.73,2175726375,25376662858
2015-09-10,5323.71,5290.99,5379.87,5284.04,1350070794,16049040171
2015-09-11,5290.44,5289.88,5338.0,5239.44,1107678548,12857165360
2015-09-14,5314.42,5033.7,5324.71,4986.87,1698660648,18415540398
2015-09-15,4950.91,4841.9,5015.44,4820.92,1290105476,13203207138
2015-09-16,4851.67,5104.36,5150.78,4829.12,1428741254,14990357560
2015-09-17,5076.84,4975.02,5152.14,4975.02,1575456619,17404812954
2015-09-18,5002.27,5002.62,5038.77,4962.07,1211607835,14369691089
2015-09-21,4941.44,5084.31,5084.72,4930.02,1833602915,19575810672
2015-09-22,5091.2,5131.97,5186.65,5078.44,1815496434,19951363783
2015-09-23,5061.2,5047.24,5116.67,5026.77,2073537898,18176435185
2015-09-24,5071.1,5065.92,5098.7,5033.77,1518580175,14060536880
2015-09-25,5044.54,4927.93,5069.34,4896.77,1538737270,14494385476
2015-09-28,4926.52,4953.09,4962.09,4881.02,985118697,10144873927
2015-09-29,4893.01,4860.28,4908.1,4832.17,1231793360,12724870862
2015-09-30,4886.28,4898.46,4921.85,4873.7,961741260,10485186373
2015-10-08,5092.75,5083.22,5126.61,5063.64,1658254197,18361039562
2015-10-09,5082.44,5136.4,5157.42,5071.6,1547292968,15760188491
2015-10-12,5151.02,5327.68,5365.36,5145.15,2676030996,27546350375
2015-10-13,5284.6,5314.42,5329.21,5268.42,1741191529,18196311588
2015-10-14,5280.29,5230.89,5315.09,5227.73,1651294661,17335415953
2015-10-15,5219.94,5354.22,5354.22,5219.94,1895047766,19140805821
2015-10-16,5381.51,5413.37,5424.68,5336.58,2409730184,25077889313
2015-10-19,5446.42,5448.02,5496.3,5389.21,2494143329,28290887581
2015-10-20,5441.66,5489.85,5489.85,5415.68,2176287631,23713446305
2015-10-21,5495.74,5283.0,5528.8,5255.26,2966635908,30415934787
2015-10-22,5273.77,5380.16,5385.75,5260.52,2182680202,22175997694
2015-10-23,5410.0,5504.06,5532.33,5398.38,2414294196,26822716662
2015-10-26,5582.34,5528.89,5589.6,5484.36,2560714634,28175133841
2015-10-27,5481.67,5488.87,5514.43,5332.96,1881606005,21196871234
2015-10-28,5467.99,5409.19,5528.58,5395.82,1859194087,22458686221
2015-10-29,5435.77,5452.76,5494.77,5402.42,1492357287,17363736993
2015-10-30,5450.37,5453.81,5514.91,5392.15,1584524723,18466081576
2015-11-02,5375.84,5358.11,5476.92,5355.57,1584423601,19740900466
2015-11-03,5360.58,5353.47,5402.65,5330.16,1062123337,12793556253
2015-11-04,5369.56,5638.79,5638.79,5369.56,2335155044,27964091547
2015-11-05,5646.0,5772.69,5894.06,5629.15,3962675150,45455657891
2015-11-06,5761.1,5917.08,5926.7,5749.1,3155326171,37384138485
2015-11-09,5921.45,5978.06,6061.84,5919.57,3681620734,46181828850
2015-11-10,5921.37,5945.17,6021.95,5890.79,2621082223,33102352861
2015-11-11,5930.6,5952.86,5975.25,5878.14,2331435373,27540431412
2015-11-12,5974.19,5884.89,5975.29,5847.14,2113866552,26292743417
2015-11-13,5825.12,5829.33,5889.29,5780.82,2172252659,29054355654
2015-11-16,5735.65,5855.73,5855.73,5728.05,1498676013,20247008200
2015-11-17,5902.39,5868.73,6012.18,5843.05,2518772556,33444674356
2015-11-18,5867.35,5841.51,5968.21,5814.42,2404842321,29632950555
2015-11-19,5848.34,5905.01,5905.01,5798.62,1888978452,21269712358
2015-11-20,5903.79,5897.53,5934.97,5862.75,2383090512,25077060077
2015-11-23,5897.28,5838.11,5925.96,5819.47,1970427806,21916531359
2015-11-24,5832.73,5869.46,5869.46,5781.43,1532018474,17608821843
2015-11-25,5851.23,5893.08,5896.92,5838.97,1612005281,19896558379
2015-11-26,5912.53,5883.71,5943.17,5873.65,1714861128,21387828968
2015-11-27,5839.71,5539.32,5852.19,5513.76,2158077898,24700223521
2015-11-30,5551.53,5577.16,5613.56,5406.4,1755427625,20256019692
2015-12-01,5572.13,5754.09,5767.17,5535.07,1770137152,22705441308
2015-12-02,5756.47,6095.29,6100.86,5732.5,3238979457,43870354466
2015-12-03,6099.39,6162.07,6187.07,6047.02,2566612713,35558460090
2015-12-04,6113.87,6101.42,6166.61,6062.6,2180167765,30672360657
2015-12-07,6094.66,6068.43,6108.78,6015.38,1691366198,22682044309
2015-12-08,6023.74,5918.22,6027.62,5896.63,1718176421,20505612196
2015-12-09,5911.72,6040.45,6065.63,5905.24,1719501578,23571896500
2015-12-10,6046.43,6027.35,6191.37,6013.56,1807611403,25690089301
2015-12-11,5980.16,6061.39,6088.19,5948.03,1564387178,21274390248
2015-12-14,6007.95,6222.82,6229.44,6000.07,1831141805,23442293249
2015-12-15,6190.37,6235.47,6297.23,6176.19,1583430895,21711746413
2015-12-16,6230.37,6160.05,6257.8,6150.34,1318487320,18345953064
2015-12-17,6206.94,6389.86,6412.46,6206.94,2234977272,30315980534
2015-12-18,6392.33,6484.23,6559.48,6343.47,2186617001,29365966582
2015-12-21,6479.31,6733.76,6754.32,6472.99,2679449106,37022781882
2015-12-22,6762.15,6776.3,6812.9,6721.77,2656188688,32973189120
2015-12-23,6778.62,6803.67,6900.38,6773.35,2819630478,37818496489
2015-12-24,6784.32,6692.59,6787.23,6628.76,1899776155,24741279164
2015-12-25,6700.96,6700.99,6719.56,6654.14,1816639298,22700829304
2015-12-28,6722.44,6529.23,6739.65,6529.23,1958419226,25321719557
2015-12-29,6529.48,6626.47,6626.47,6501.51,1422776909,18484199262
2015-12-30,6627.48,6616.12,6650.31,6563.11,1256980736,17727791104
2015-12-31,6619.1,6535.61,6632.2,6535.61,1171527284,15613896279
2016-01-04,6526.85,6052.77,6540.31,6048.75,1333704820,15587390983
2016-01-05,5920.36,6100.36,6161.34,5900.41,1842244361,20838438501
2016-01-06,6109.07,6201.08,6208.15,6074.21,1494991372,16405539292
2016-01-07,6108.87,5790.24,6108.87,5778.95,452052399,4756673107
2016-01-08,5937.83,5913.01,6015.92,5709.74,1882914987,20578456213
2016-01-11,5821.6,5626.72,5883.81,5626.72,1762407944,18324329698
2016-01-12,5669.48,5671.82,5717.26,5599.27,1299382758,13505024617
2016-01-13,5697.67,5599.64,5754.03,5596.79,1151573952,12443685927
2016-01-14,5478.47,5709.48,5716.71,5474.27,1312960778,13607344757
2016-01-15,5672.9,5528.6,5709.41,5498.65,1220566808,12486249472
2016-01-18,5446.8,5544.5,5604.85,5446.57,946388945,9714941337
2016-01-19,5543.94,5713.69,5727.7,5530.79,1246159943,13207387090
2016-01-20,5685.14,5624.24,5719.78,5584.82,1134884053,12145024336
2016-01-21,5556.74,5482.64,5682.41,5482.64,1085648381,12121272847
2016-01-22,5537.61,5530.57,5559.83,5437.53,868210939,9270060160
2016-01-25,5561.98,5564.29,5602.72,5530.39,769206867,7989311861
2016-01-26,5521.39,5279.22,5548.02,5265.14,1385109448,12989714432
2016-01-27,5300.15,5245.96,5317.33,5080.72,1339309103,12265815933
2016-01-28,5211.17,5157.48,5283.12,5144.87,1045991072,9203291878
2016-01-29,5157.06,5307.8,5339.91,5157.06,1070971074,10085270334
2016-02-01,5287.99,5253.25,5315.29,5211.44,824116886,7751858583
2016-02-02,5253.39,5353.96,5376.53,5253.39,938278086,8857632534
2016-02-03,5316.15,5341.09,5356.84,5285.53,794302680,7297969024
2016-02-04,5354.07,5385.81,5415.41,5354.07,906715744,8726185428
2016-02-05,5386.48,5341.08,5396.6,5339.35,727470585,6993491876
2016-02-15,5219.96,5285.63,5312.18,5214.62,651643620,6447464214
2016-02-16,5317.54,5434.23,5443.31,5314.56,1048159899,10061104488
2016-02-17,5431.32,5481.77,5483.54,5415.93,1131641417,10318489536
2016-02-18,5510.43,5471.27,5541.46,5465.71,1318365621,11885829311
2016-02-19,5463.16,5473.45,5500.74,5443.98,902325468,9104793480
2016-02-22,5528.01,5586.69,5593.91,5513.1,1384787907,13611965808
2016-02-23,5581.85,5547.78,5588.86,5507.21,1139765605,10983407021
2016-02-24,5525.84,5579.72,5579.72,5495.49,1161088361,10935025782
2016-02-25,5571.14,5282.97,5571.14,5254.29,1584184388,14362587326
2016-02-26,5331.44,5341.81,5368.57,5273.87,1226529694,10502434117
2016-02-29,5329.94,5185.05,5340.38,5136.77,1307434791,11247143355
2016-03-01,5204.82,5293.44,5325.11,5187.92,1118409040,10259101233
2016-03-02,5297.88,5534.58,5540.4,5297.88,1782931533,16877855766
2016-03-03,5539.61,5531.28,5605.8,5522.74,1873924543,17736818734
2016-03-04,5521.34,5571.27,5624.8,5521.28,2041227291,20532137330
2016-03-07,5604.25,5608.53,5657.63,5574.58,1291520210,13427456643
2016-03-08,5606.3,5570.59,5606.3,5449.9,1304045389,12518655970
2016-03-09,5487.92,5479.9,5518.97,5457.02,842747635,8086813899
2016-03-10,5485.62,5456.59,5538.74,5452.67,800757485,8393182431
2016-03-11,5427.36,5457.41,5490.31,5408.55,636642611,6416090014
2016-03-14,5496.95,5547.26,5608.09,5496.95,1083233868,11167288065
2016-03-15,5540.95,5526.7,5551.53,5491.64,869996972,8340929568
2016-03-16,5526.07,5490.92,5551.94,5475.55,768150344,7636483316
2016-03-17,5510.04,5576.35,5602.98,5493.1,1053225575,10821554047
2016-03-18,5587.75,5673.59,5691.6,5583.26,1694592279,17300842905
2016-03-21,5715.96,5815.16,5821.61,5712.07,2307383181,23951599856
2016-03-22,5789.38,5766.56,5808.89,5755.65,1471272005,15762948101
2016-03-23,5749.5,5785.28,5790.69,5732.39,1167618815,11895840332
2016-03-24,5744.99,5723.3,5791.16,5709.42,1240636409,13909100001
2016-03-25,5712.85,5766.92,5773.78,5712.85,904241587,9887360708
2016-03-28,5788.44,5739.57,5831.67,5727.25,1068454462,13151400369
2016-03-29,5742.21,5674.27,5749.56,5645.77,862575532,9617587358
2016-03-30,5713.7,5794.17,5794.17,5713.7,1003569676,11601352400
2016-03-31,5810.45,5794.18,5826.13,5780.62,1001537876,11606310297
2016-04-01,5782.79,5766.61,5798.57,5708.84,838579402,9088374406
2016-04-05,5759.28,5836.9,5848.88,5756.57,1231512264,13093078715
2016-04-06,5824.15,5847.22,5858.71,5809.82,994811452,11079957001
2016-04-07,5862.22,5756.66,5868.41,5756.66,995572895,11634025451
2016-04-08,5730.1,5715.42,5740.56,5679.17,800352161,8969915520
2016-04-11,5762.66,5787.72,5816.18,5762.66,1384897887,14595588468
2016-04-12,5776.43,5765.48,5787.32,5733.82,875271033,8855795856
2016-04-13,5790.1,5832.49,5891.02,5790.1,1902449127,18842182892
2016-04-14,5854.95,5865.31,5870.07,5820.4,1042905315,10389672797
2016-04-15,5865.41,5857.14,5875.15,5839.48,1050706609,9925287547
2016-04-18,5831.75,5774.68,5831.75,5758.81,916363357,9111325833
2016-04-19,5796.98,5785.64,5811.78,5756.98,735772712,8100984332
2016-04-20,5793.7,5659.08,5797.85,5577.35,1401470066,13662933621
2016-04-21,5643.55,5649.0,5704.03,5635.66,994594121,9790979101
2016-04-22,5628.5,5689.04,5690.77,5620.38,796064829,7867301945
2016-04-25,5679.7,5680.95,5699.04,5649.76,699227479,7681251518
2016-04-26,5681.59,5712.43,5712.52,5668.95,575487925,6135793522
2016-04-27,5711.57,5696.69,5730.42,5690.01,641840081,7026489805
2016-04-28,5693.81,5671.01,5702.19,5630.02,720094828,7639933930
2016-04-29,5669.98,5684.0,5712.47,5666.82,708724814,9098307476
2016-05-03,5691.99,5823.51,5823.51,5680.02,1007314502,12781295105
2016-05-04,5798.61,5794.08,5822.65,5777.99,789703881,9589817259
2016-05-05,5787.77,5803.56,5805.99,5771.74,630686411,7486061732
2016-05-06,5786.05,5646.7,5790.01,5646.7,1037787099,11120167555
2016-05-09,5622.47,5564.64,5630.22,5544.2,942217946,9462219395
2016-05-10,5559.57,5590.8,5615.43,5553.6,695816807,8239825594
2016-05-11,5610.2,5633.9,5665.48,5601.86,743972553,9472895083
2016-05-12,5586.53,5634.15,5642.48,5538.51,657937412,7712165323
2016-05-13,5622.01,5606.43,5670.12,5587.45,644612381,6270269773
2016-05-16,5589.7,5636.7,5636.7,5566.41,611514706,6064463542
2016-05-17,5642.38,5608.07,5645.36,5591.31,649473592,7631541491
2016-05-18,5586.64,5571.73,5591.51,5512.45,743762091,7536591793
2016-05-19,5558.54,5557.09,5594.25,5553.63,493803667,5173713088
2016-05-20,5538.17,5581.43,5581.43,5528.8,489416605,4856117078
2016-05-23,5584.62,5605.41,5611.19,5581.39,538720832,5735133092
2016-05-24,5600.2,5569.67,5600.2,5553.28,505194246,4681950194
2016-05-25,5588.32,5559.36,5607.18,5549.18,535450366,4821710599
2016-05-26,5559.84,5566.5,5578.11,5512.08,541258143,5109977142
2016-05-27,5559.27,5582.34,5594.76,5547.48,560567328,5364256366
2016-05-30,5569.45,5577.81,5593.82,5544.07,516760725,5289809412
2016-05-31,5579.79,5724.82,5726.12,5579.79,1253745633,12713938102
2016-06-01,5754.81,5745.6,5780.97,5737.64,1050999973,12022838255
2016-06-02,5740.43,5761.17,5765.51,5736.06,769176598,8603130683
2016-06-03,5762.65,5814.32,5839.65,5753.44,919793029,12036655167
2016-06-06,5823.54,5821.87,5829.37,5797.05,694264877,8774084145
2016-06-07,5823.76,5824.86,5829.67,5799.71,660588789,8634174269
2016-06-08,5821.89,5779.64,5821.89,5757.07,615398793,7430020129
2016-06-13,5732.23,5634.22,5750.78,5634.22,753083735,8255150061
2016-06-14,5630.17,5674.15,5675.41,5630.17,584292492,6355215399
2016-06-15,5627.64,5757.43,5778.12,5620.41,858210113,9995577505
2016-06-16,5737.47,5708.61,5740.2,5698.48,694214543,8130746623
2016-06-17,5719.75,5761.96,5783.57,5719.75,767455359,10016767216
2016-06-20,5755.25,5770.78,5776.03,5721.04,636327961,7516749015
2016-06-21,5788.63,5750.86,5837.96,5737.01,909676675,10221461980
2016-06-22,5735.26,5803.67,5803.67,5730.93,725497215,7915186199
2016-06-23,5788.64,5768.26,5799.74,5741.42,590752287,6682771208
2016-06-24,5764.09,5713.53,5800.13,5650.27,909454801,10121102570
2016-06-27,5695.28,5810.35,5810.79,5695.28,757741723,8987041273
2016-06-28,5792.44,5830.44,5836.02,5770.45,883404871,10644718236
2016-06-29,5836.86,5832.81,5849.26,5815.56,821277537,9248354623
2016-06-30,5841.04,5849.18,5866.07,5833.83,688995747,8987392726
2016-07-01,5851.86,5850.42,5890.53,5846.58,676990829,8629812476
2016-07-04,5748.58,5847.22,5872.41,5743.24,1144789824,13364079227
2016-07-05,5775.07,5786.81,5803.16,5765.98,1320912277,16425864764
2016-07-06,5751.0,5840.89,5842.26,5745.54,2056735122,33838476583
2016-07-07,5767.89,5751.24,5783.99,5731.46,1366411508,21182013724
2016-07-08,5744.49,5749.81,5763.47,5705.99,1036736832,15599358359
2016-07-11,5743.16,5782.21,5861.87,5743.16,1431241441,20094110880
2016-07-12,5775.11,5913.18,5913.18,5773.6,1849484636,25041063033
2016-07-13,5919.52,5920.72,5950.91,5899.01,1606423319,21194127377
2016-07-14,5900.39,5880.61,5915.94,5851.95,1067208145,13575467339
2016-07-15,5883.33,5919.57,5943.15,5875.35,1054330029,14262282280
2016-07-18,5900.98,5869.45,5908.09,5841.15,1103864167,14444610867
2016-07-19,5865.53,5799.77,5868.31,5764.86,977609580,14784117621
2016-07-20,5789.47,5791.65,5815.63,5770.41,908605644,12340495253
2016-07-21,5798.74,5829.06,5880.59,5798.74,1039899079,13750904431
2016-07-22,5828.35,5763.45,5829.0,5752.57,1097730070,14419163400
2016-07-25,5744.55,5768.77,5807.16,5733.31,968242060,13691285616
2016-07-26,5763.94,5858.76,5858.76,5756.57,948641754,13208101242
2016-07-27,5858.58,5730.12,5869.27,5648.26,1440100486,17593539219
2016-07-28,5716.02,5794.36,5809.17,5700.91,1142678040,16017101208
2016-07-29,5762.66,5796.31,5835.09,5756.02,1070067597,16803059971
2016-08-01,5781.87,5742.65,5799.82,5702.6,935780813,13085789948
2016-08-02,5732.12,5763.83,5763.83,5709.3,792113346,10917024296
2016-08-03,5745.88,5792.78,5798.49,5733.97,854998788,10583327259
2016-08-04,5784.09,5841.7,5841.7,5736.36,1041238614,15143870452
2016-08-05,5864.58,5904.57,5959.31,5848.26,1139896432,17947302554
2016-08-08,5885.76,5970.23,5976.42,5864.13,1145618898,17774090569
2016-08-09,5979.02,5998.53,6011.42,5933.84,916294963,14066631199
2016-08-10,5982.35,5949.27,6001.7,5948.92,977781025,14380561258
2016-08-11,5947.36,5940.19,6009.2,5936.78,1111579950,16068402294
2016-08-12,5934.21,6081.17,6082.27,5919.72,1606289191,22676076154
2016-08-15,6120.13,6296.88,6339.56,6115.43,2557600172,34877645283
2016-08-16,6352.15,6355.18,6415.07,6317.47,2512241467,37097304892
2016-08-17,6339.58,6290.4,6413.34,6268.63,1788177221,27359335105
2016-08-18,6264.49,6281.43,6388.64,6226.8,1908941060,28987662782
2016-08-19,6258.0,6230.76,6271.18,6207.82,1354099600,19179267211
2016-08-22,6234.89,6194.73,6258.28,6188.86,1211681889,17050928885
2016-08-23,6180.21,6208.01,6242.77,6170.93,1088638138,16898257887
2016-08-24,6184.13,6138.33,6190.41,6128.46,869625497,13760453060
2016-08-25,6096.04,6094.61,6114.83,6034.47,1095468044,16134301963
2016-08-26,6100.34,6051.3,6105.69,6044.23,747278195,10861937742
2016-08-29,6052.72,6057.85,6072.62,6045.07,666668161,9889801073
2016-08-30,6064.58,6053.11,6083.73,6039.56,723306537,10447311282
2016-08-31,6063.3,6157.77,6174.59,6059.4,1006062777,16224770410
2016-09-01,6160.81,6061.49,6160.81,6056.75,978357129,15406535560
2016-09-02,6099.14,6099.55,6156.42,6082.77,893678442,14837285278
2016-09-05,6153.41,6163.74,6185.13,6132.47,759534534,11203755801
2016-09-06,6215.67,6232.06,6233.01,6153.92,1448413399,24253151412
2016-09-07,6232.05,6218.34,6252.45,6211.06,1433124241,18457731518
2016-09-08,6210.93,6209.47,6246.58,6189.44,979581582,15221287344
2016-09-09,6204.05,6158.53,6217.47,6157.53,919497358,13060211629
2016-09-12,6066.7,6033.03,6089.96,6002.35,1194477731,17768129694
2016-09-13,6049.29,6045.04,6064.23,6015.23,706397354,10713286072
2016-09-14,6015.93,5975.89,6030.49,5961.37,713668407,11060236910
2016-09-19,5983.56,6042.72,6048.38,5983.56,687386354,10063275054
2016-09-20,6046.61,6036.4,6051.93,6023.92,605181920,8900033353
2016-09-21,6037.31,6091.58,6091.58,6031.73,782157549,12482223592
2016-09-22,6122.88,6212.12,6237.28,6111.38,1185565441,20805342934
2016-09-23,6194.77,6141.54,6203.21,6136.37,764240908,12580266445
2016-09-26,6116.26,6042.01,6119.04,6039.54,847863876,11909686789
2016-09-27,6031.52,6112.47,6112.47,6031.52,853731885,12486828943
2016-09-28,6109.89,6114.02,6151.33,6068.16,602358708,9757609876
2016-09-29,6118.63,6152.11,6176.4,6112.29,663724327,10349562711
2016-09-30,6146.36,6207.86,6248.64,6140.32,648139630,11172836698
2016-10-10,6187.17,6227.91,6229.63,6133.47,980976249,14469803999
2016-10-11,6217.84,6239.76,6276.43,6204.35,778861673,12237621509
2016-10-12,6220.88,6231.22,6232.92,6198.18,601650581,9195562027
2016-10-13,6227.96,6220.27,6249.52,6204.13,703252937,10358394104
2016-10-14,6219.93,6226.72,6229.39,6200.29,670000275,9015529774
2016-10-17,6220.57,6154.41,6231.03,6142.93,735162376,9826367204
2016-10-18,6147.35,6219.13,6219.13,6147.07,851747949,11439471186
2016-10-19,6223.31,6193.7,6235.53,6185.27,708200561,9430798873
2016-10-20,6190.59,6203.68,6234.72,6186.34,707657150,10307551443
2016-10-21,6191.58,6207.77,6230.15,6168.8,1017760332,12952009202
2016-10-24,6213.71,6265.37,6292.22,6209.65,1260758565,15642884582
2016-10-25,6261.91,6301.54,6305.71,6261.89,1032458188,14653281710
2016-10-26,6298.55,6295.58,6317.48,6278.14,882272975,13653005553
2016-10-27,6287.75,6261.82,6290.15,6237.61,681941166,9821292337
2016-10-28,6257.36,6245.74,6310.4,6242.71,905174134,13232373460
2016-10-31,6233.14,6252.31,6259.84,6206.27,674686600,9692286619
2016-11-01,6265.41,6322.8,6330.28,6256.81,728272373,11338156335
2016-11-02,6301.9,6246.7,6301.9,6245.98,757557485,10480293841
2016-11-03,6228.09,6284.35,6316.0,6227.54,920261102,11589500272
2016-11-04,6280.68,6258.49,6310.03,6247.79,812980193,10897386002
2016-11-07,6262.72,6241.72,6272.66,6232.64,820840712,9847439005
2016-11-08,6257.98,6279.46,6297.29,6257.98,826030369,9807546258
2016-11-09,6287.13,6310.05,6351.72,6248.24,1305800911,20780670535
2016-11-10,6332.69,6392.82,6448.18,6332.56,1330780011,18100635037
2016-11-11,6388.55,6412.68,6419.42,6362.63,1635858659,17916749299
2016-11-14,6415.5,6415.4,6455.66,6383.27,1901947849,21599777053
2016-11-15,6409.84,6468.15,6483.89,6401.1,1478819116,17924659639
2016-11-16,6458.29,6447.03,6463.64,6423.91,1057810088,12827028434
2016-11-17,6425.63,6498.14,6498.14,6425.08,1381205964,19196916923
2016-11-18,6508.68,6466.41,6544.33,6458.56,1393011087,19605383157
2016-11-21,6443.79,6491.22,6560.53,6438.69,1606348358,23506151698
2016-11-22,6486.54,6525.46,6543.57,6485.19,1653083351,22663329644
2016-11-23,6566.82,6618.38,6629.26,6566.07,2047306306,29447529232
2016-11-24,6595.23,6674.36,6719.34,6577.52,1898217426,29620707825
2016-11-25,6666.34,6733.78,6733.78,6584.78,1703972366,25955071915
2016-11-28,6781.31,6776.73,6809.32,6749.75,2017512672,34338915667
2016-11-29,6751.35,6818.48,6864.07,6734.48,1562922882,25157049253
2016-11-30,6841.36,6772.15,6851.68,6752.03,1279185748,18826216602
2016-12-01,6826.07,6893.81,6918.19,6825.1,1865079469,34562680038
2016-12-02,6865.63,6737.95,6865.63,6724.44,1605382123,26067583096
2016-12-05,6551.49,6523.25,6636.37,6507.8,1545194553,25935330775
2016-12-06,6513.88,6551.56,6580.72,6513.88,1079446102,18839379923
2016-12-07,6542.54,6555.79,6555.79,6499.4,962456647,14332043143
2016-12-08,6561.43,6543.35,6581.77,6534.39,929306696,15554320284
2016-12-09,6537.19,6595.0,6623.41,6527.47,1115029676,18696405037
2016-12-12,6567.88,6325.8,6567.88,6321.99,1459518282,22393146784
2016-12-13,6304.32,6329.85,6350.67,6237.19,1045721446,14568837401
2016-12-14,6322.54,6249.33,6327.63,6249.33,990394903,13260568736
2016-12-15,6234.59,6200.19,6263.05,6169.73,1013809848,14542427577
2016-12-16,6197.57,6253.21,6256.76,6183.77,868603690,11713848383
2016-12-19,6247.36,6178.85,6247.36,6167.81,1116733341,12998126323
2016-12-20,6165.02,6104.44,6165.02,6075.86,1002022900,11840424565
2016-12-21,6111.5,6147.77,6148.25,6111.5,841948893,9893754836
2016-12-22,6140.8,6158.63,6170.01,6120.4,840326497,10278005213
2016-12-23,6146.35,6065.23,6146.35,6065.23,761967897,9262836327
2016-12-26,6044.1,6111.88,6112.74,6019.1,755587664,9322518552
2016-12-27,6108.16,6147.22,6191.51,6105.97,789123634,10119573417
2016-12-28,6141.02,6109.64,6158.57,6097.79,649430454,7520545951
2016-12-29,6106.52,6094.97,6125.48,6079.55,600344718,7259355750
2016-12-30,6104.56,6103.42,6126.08,6093.0,599560042,7788829930
2017-01-03,6124.6,6186.69,6193.68,6124.6,931264205,10359547702
2017-01-04,6186.9,6251.31,6252.49,6177.87,955687482,12250850200
2017-01-05,6251.98,6254.94,6266.52,6235.66,918667172,10455194656
2017-01-06,6251.47,6202.98,6251.47,6195.74,760253810,9639885073
2017-01-09,6202.32,6216.4,6219.44,6187.41,692202879,8287633016
2017-01-10,6207.88,6222.36,6236.09,6202.29,682804736,8217287614
2017-01-11,6216.94,6161.85,6232.63,6158.05,739447922,8709228423
2017-01-12,6159.23,6109.22,6171.52,6107.52,630961893,7159797500
2017-01-13,6126.83,6120.74,6165.75,6117.01,741192836,9832475550
2017-01-16,6116.31,6038.33,6116.31,5940.46,988544394,11464514612
2017-01-17,6020.19,6091.13,6091.91,6011.01,659181881,7844788221
2017-01-18,6083.38,6156.71,6180.0,6082.28,647328594,10226946335
2017-01-19,6142.12,6134.66,6165.46,6121.73,556937859,7338862161
2017-01-20,6132.09,6197.03,6203.47,6131.94,598343851,7986284205
2017-01-23,6210.53,6216.19,6258.16,6205.72,637442870,9026168220
2017-01-24,6216.19,6230.35,6242.23,6201.28,566470216,7409547077
2017-01-25,6219.98,6242.9,6254.73,6206.11,452226630,6414352261
2017-01-26,6252.0,6270.61,6293.48,6251.63,585452906,7634654512
2017-02-03,6271.8,6230.32,6279.55,6216.09,425640856,5847034050
2017-02-06,6231.94,6253.5,6273.83,6231.56,585231049,7489397619
2017-02-07,6251.52,6250.85,6266.07,6224.21,687964439,8283914993
2017-02-08,6248.57,6294.55,6295.24,6228.42,713218707,8488270146
2017-02-09,6293.25,6327.3,6362.68,6288.7,930689267,12003652083
2017-02-10,6334.67,6385.24,6407.8,6334.14,1406536867,14704997343
2017-02-13,6394.49,6505.48,6521.69,6393.61,1634046509,18634577321
2017-02-14,6517.63,6504.55,6530.41,6480.0,1211601050,13504967075
2017-02-15,6508.64,6485.28,6542.43,6467.74,1528082444,15693593453
2017-02-16,6484.38,6555.4,6555.4,6476.83,1172419451,12281881554
2017-02-17,6566.24,6529.34,6609.64,6517.61,1277871068,14207157519
2017-02-20,6534.31,6684.83,6713.96,6534.31,1500065465,19678969112
2017-02-21,6689.38,6684.75,6709.6,6653.8,1132586071,14330267580
2017-02-22,6677.61,6727.61,6727.61,6668.95,1208368899,13492753225
2017-02-23,6721.17,6665.27,6733.78,6639.29,1106975620,13156654704
2017-02-24,6659.64,6629.76,6659.64,6596.59,930817043,11001263941
2017-02-27,6620.66,6524.56,6620.66,6521.97,939021288,11701825628
2017-02-28,6526.3,6563.39,6581.18,6526.3,702456997,8662644280
2017-03-01,6564.56,6582.56,6617.1,6560.24,768036659,9272909860
2017-03-02,6592.97,6545.08,6604.91,6538.16,945251925,9931291898
2017-03-03,6529.72,6538.0,6545.46,6509.33,794220058,9382683860
2017-03-06,6534.99,6629.99,6634.23,6534.99,934100880,13019545692
2017-03-07,6629.1,6661.54,6661.54,6610.69,728059849,10655268441
2017-03-08,6665.31,6652.94,6678.7,6631.56,740230008,10393583718
2017-03-09,6650.15,6601.56,6658.75,6583.18,771336409,10024929580
2017-03-10,6600.5,6663.33,6686.2,6600.5,741207471,12081457297
2017-03-13,6665.47,6720.98,6733.51,6632.67,1008110129,14894624865
2017-03-14,6726.79,6723.02,6750.36,6695.09,898583823,13025912188
2017-03-15,6710.25,6762.49,6776.82,6699.96,907230996,12523748414
2017-03-16,6783.16,6765.63,6819.62,6747.81,1010504543,14288565698
2017-03-17,6777.42,6690.86,6784.99,6689.37,1009292940,14053109845
2017-03-20,6698.91,6709.83,6718.05,6660.85,800206595,12229202181
2017-03-21,6709.61,6810.59,6810.59,6704.62,826601902,15851935702
2017-03-22,6774.31,6797.72,6831.08,6753.01,1020984042,14933171522
2017-03-23,6793.13,6838.78,6841.75,6756.74,910659414,14067272769
2017-03-24,6846.19,6875.66,6912.82,6842.32,1166910558,16776111570
2017-03-27,6869.93,6791.89,6909.71,6780.8,1064849855,15344936706
2017-03-28,6795.37,6781.12,6808.62,6749.8,783996870,10974474720
2017-03-29,6786.88,6786.78,6814.44,6740.11,945155979,12083751165
2017-03-30,6784.44,6702.38,6802.22,6668.83,1108216537,13674195902
2017-03-31,6697.77,6763.17,6767.37,6691.25,876542732,12051327287
2017-04-05,6806.98,6834.62,6857.81,6794.03,1434410004,19077812085
2017-04-06,6848.84,6872.3,6872.3,6808.49,1145837655,14501059651
2017-04-07,6878.94,6867.75,6892.37,6859.21,2041091904,21291542952
2017-04-10,6868.76,6823.6,6870.14,6822.38,2149423781,23904409465
2017-04-11,6826.06,6824.34,6858.81,6691.18,2369023684,28053574536
2017-04-12,6816.85,6830.55,6882.08,6795.2,2881379452,31870149792
2017-04-13,6816.63,6884.78,6895.49,6805.64,2053250330,23134270930
2017-04-14,6892.59,6790.77,6892.86,6789.19,1959773780,21012685263
2017-04-17,6776.86,6815.98,6828.72,6754.83,1642908419,19646710823
2017-04-18,6818.15,6863.78,6912.94,6815.05,1494901994,20419616999
2017-04-19,6844.98,6861.51,6867.27,6788.79,1591102117,20669324923
2017-04-20,6862.05,6906.6,6966.45,6861.68,1493527004,21778459470
2017-04-21,6898.55,6894.6,6938.77,6857.93,1046841143,15292518085
2017-04-24,6866.78,6754.95,6866.78,6734.16,1064770385,14360947030
2017-04-25,6781.7,6894.4,6897.27,6781.7,1210814174,18339551417
2017-04-26,6901.13,6884.72,6983.43,6874.4,1393824765,22171618616
2017-04-27,6870.04,6856.31,6870.04,6748.57,1392337681,18719560875
2017-04-28,6842.31,6795.37,6842.31,6718.77,1323819820,20498591465
2017-05-02,6746.93,6781.75,6781.75,6724.43,1236621152,17588037913
2017-05-03,6777.34,6753.85,6808.21,6720.76,1064513840,14517125924
2017-05-04,6750.54,6748.84,6789.79,6730.35,1097789862,14091098319
2017-05-05,6738.88,6712.16,6752.98,6705.87,1483771322,18314495631
2017-05-08,6699.25,6570.84,6711.81,6569.98,1228122384,15794937953
2017-05-09,6558.37,6594.43,6608.06,6500.69,840901350,12756452504
2017-05-10,6581.0,6569.16,6637.52,6561.73,1071262222,13648101418
2017-05-11,6535.47,6664.18,6664.7,6524.02,1150912238,15169611963
2017-05-12,6651.44,6704.86,6711.2,6631.98,1139179122,14306260121
2017-05-15,6699.02,6732.02,6746.89,6695.91,947423603,13383629072
2017-05-16,6697.24,6816.95,6816.95,6664.23,1314618549,18358939676
2017-05-17,6796.24,6744.66,6812.89,6744.66,1348619682,17580727566
2017-05-18,6702.55,6716.59,6776.25,6693.79,978642393,12516709286
2017-05-19,6724.11,6764.58,6782.79,6724.11,932343286,12885031611
2017-05-22,6761.22,6771.79,6792.35,6728.59,1129847804,14753927347
2017-05-23,6763.94,6806.21,6836.2,6753.73,1193945113,17141880287
2017-05-24,6777.94,6801.0,6810.2,6705.92,870658338,12618776424
2017-05-25,6782.28,6890.86,6911.32,6775.82,1355243081,17276887651
2017-05-26,6883.44,6901.21,6926.1,6861.67,1054054009,14788572154
2017-05-31,6951.97,6952.52,6969.15,6864.9,1036576276,15344890919
2017-06-01,6924.14,6928.93,6955.84,6907.69,924458482,12739712235
2017-06-02,6925.5,6909.77,6937.97,6872.18,807349932,11991599027
2017-06-05,6898.4,6889.48,6915.01,6879.34,696968817,10249140609
2017-06-06,6885.71,6991.69,6991.69,6880.71,730706198,12413444130
2017-06-07,6995.6,7105.09,7123.0,6985.39,1108443757,17894948990
2017-06-08,7104.03,7209.86,7209.86,7101.31,949096476,16678878691
2017-06-09,7206.65,7221.01,7283.57,7198.85,1020651907,16606438203
2017-06-12,7227.57,7309.37,7362.66,7219.74,1158802424,20439745544
2017-06-13,7300.88,7319.61,7327.89,7262.73,881619258,14131393066
2017-06-14,7299.52,7208.28,7310.66,7189.29,909986525,15363914583
2017-06-15,7206.07,7191.8,7223.54,7139.37,799190726,14250852369
2017-06-16,7180.56,7141.94,7222.17,7131.91,757856819,12347731914
2017-06-19,7158.81,7248.05,7252.88,7157.76,863978077,14854732387
2017-06-20,7267.45,7250.39,7280.57,7220.82,852554141,15663638582
2017-06-21,7298.09,7409.4,7409.4,7251.56,1006488923,18259813632
2017-06-22,7408.22,7408.94,7522.95,7393.07,1445203595,25015143641
2017-06-23,7402.11,7583.1,7585.11,7377.46,1148740392,20923635990
2017-06-26,7602.83,7758.46,7801.28,7602.83,1651142113,29948758838
2017-06-27,7748.95,7763.19,7763.19,7679.26,1189183183,21354262896
2017-06-28,7730.15,7653.7,7736.48,7639.21,1187950160,21737510287
2017-06-29,7663.5,7679.19,7680.05,7617.94,968739668,16729627679
2017-06-30,7649.53,7685.5,7703.4,7622.58,875248414,15727261857
2017-07-03,7682.82,7577.79,7694.53,7569.55,1063495473,20873711200
2017-07-04,7573.11,7480.04,7573.26,7442.91,1138552800,22590988953
2017-07-05,7422.01,7559.94,7560.03,7395.85,1086872279,20875923619
2017-07-06,7553.24,7536.81,7559.02,7450.44,1079260538,19815315279
2017-07-07,7501.82,7494.48,7506.75,7460.5,1046890102,18679957057
2017-07-10,7466.99,7495.5,7539.83,7460.97,1169909136,20075642362
2017-07-11,7492.72,7645.98,7708.04,7492.37,1518238525,27553112214
2017-07-12,7664.7,7590.37,7676.57,7544.56,1357172853,23762080770
2017-07-13,7567.18,7622.88,7640.5,7557.07,1267162062,20721764559
2017-07-14,7609.18,7661.41,7670.71,7577.35,993683668,16108582611
2017-07-17,7650.79,7537.37,7694.39,7484.97,1852575687,27177764149
2017-07-18,7529.08,7544.12,7553.35,7442.38,1595819363,23871446869
2017-07-19,7524.48,7661.83,7663.11,7521.2,1924062564,28913256975
2017-07-20,7665.99,7752.91,7760.6,7638.52,1666195104,27181016213
2017-07-21,7735.77,7715.28,7778.46,7698.6,1463290312,21826282282
2017-07-24,7705.94,7779.42,7810.11,7698.17,1680002590,26498054245
2017-07-25,7775.98,7700.02,7782.33,7683.15,1294445883,19943774862
2017-07-26,7712.51,7598.26,7735.1,7553.8,1605219059,20813351223
2017-07-27,7590.02,7542.29,7596.66,7499.83,1472651274,21496796071
2017-07-28,7548.12,7641.43,7649.1,7535.19,1179536413,17939285664
2017-07-31,7646.21,7648.32,7672.65,7591.38,1658627428,24325505378
2017-08-01,7643.15,7705.73,7711.97,7621.59,1771158784,22799135394
2017-08-02,7697.33,7664.98,7729.16,7655.23,1763948559,22913773366
2017-08-03,7652.73,7574.85,7658.74,7545.03,1429277753,21447356916
2017-08-04,7572.45,7500.66,7596.58,7500.66,1385209422,19151507248
2017-08-07,7484.8,7571.96,7578.52,7439.78,1051580411,16737956777
2017-08-08,7571.01,7570.16,7601.73,7551.72,976946729,13541541040
2017-08-09,7561.27,7631.56,7659.84,7526.6,1184397415,18572588457
2017-08-10,7619.72,7595.56,7681.22,7539.27,1150297312,17878169461
2017-08-11,7527.5,7388.07,7571.61,7382.39,1367437980,18341962217
2017-08-14,7402.44,7470.58,7500.91,7402.44,1007695601,16562556318
2017-08-15,7474.13,7485.1,7508.79,7454.6,946370695,14636695058
2017-08-16,7478.78,7442.1,7478.98,7409.42,911022257,15096225461
2017-08-17,7443.94,7466.07,7468.56,7415.28,908080336,14461059182
2017-08-18,7425.37,7499.38,7510.45,7409.72,1029700647,14585804975
2017-08-21,7502.42,7547.66,7549.19,7502.42,1068297156,16138020286
2017-08-22,7553.64,7555.02,7580.3,7534.01,1030649421,18167455593
2017-08-23,7549.32,7590.5,7611.92,7533.99,901131832,14191293661
2017-08-24,7584.02,7569.44,7608.98,7555.06,797122475,13082086802
2017-08-25,7587.25,7641.2,7655.83,7585.45,1048310191,17955066126
2017-08-28,7677.65,7760.39,7809.71,7677.65,1634022094,27922355498
2017-08-29,7743.38,7721.24,7743.38,7703.02,1189573587,19054460491
2017-08-30,7727.9,7746.15,7757.9,7717.67,1087259464,17208051137
2017-08-31,7761.85,7675.66,7773.11,7621.57,1411408869,22969621228
2017-09-01,7678.85,7655.25,7685.61,7625.75,1285308950,21068307635
2017-09-04,7650.93,7696.05,7697.02,7624.82,1437392505,22344099594
2017-09-05,7696.54,7716.85,7751.1,7688.71,1124028555,17685452386
2017-09-06,7714.26,7707.59,7732.89,7683.02,1188589389,17884053943
2017-09-07,7710.21,7717.43,7756.61,7687.38,1329912479,21656010934
2017-09-08,7711.32,7686.47,7720.96,7658.76,1037267806,19408801507
2017-09-11,7683.64,7677.97,7729.57,7656.69,1138480619,20100807566
2017-09-12,7667.21,7681.16,7696.13,7641.55,1414495498,23024878170
2017-09-13,7683.67,7755.47,7760.56,7674.14,929426948,17947494159
2017-09-14,7751.78,7791.2,7817.02,7749.21,1196272554,20225181434
2017-09-15,7782.86,7883.3,7917.24,7782.29,1484994772,25506355769
2017-09-18,7885.84,7907.78,7936.77,7885.84,1180081384,20479332596
2017-09-19,7917.35,7872.66,7969.14,7859.72,1261420454,22590920359
2017-09-20,7896.57,7965.71,7976.27,7894.26,1067063739,20326638193
2017-09-21,7965.13,7945.3,7983.4,7942.98,1197736119,18324486887
2017-09-22,7933.69,8005.2,8010.8,7929.26,1036435320,20252013244
2017-09-25,7986.9,7890.47,7986.9,7865.27,1173527219,22385322156
2017-09-26,7882.6,7873.31,7905.61,7844.74,823427387,14596202539
2017-09-27,7870.82,7917.76,7954.22,7858.05,866516831,15896022039
2017-09-28,7921.02,7901.7,7937.02,7867.78,1015320371,17699944383
2017-09-29,7911.56,7930.56,7992.42,7911.56,884107950,16784414420
2017-10-09,8096.6,8105.34,8187.9,8068.13,1657567895,30505847433
2017-10-10,8113.88,8148.68,8158.95,8036.32,1227752119,22654088849
2017-10-11,8131.12,8204.03,8240.91,8118.39,1163322524,24421366666
2017-10-12,8216.37,8221.08,8243.12,8180.06,917974720,17659679923
2017-10-13,8218.4,8234.09,8253.13,8194.13,1028710293,16162727355
2017-10-16,8231.46,8153.64,8271.68,8153.21,1427728728,21268618562
2017-10-17,8154.55,8219.6,8219.6,8119.39,1097220447,17384420837
2017-10-18,8214.67,8301.51,8301.51,8210.84,1385572740,19235770065
2017-10-19,8274.27,8257.16,8326.12,8240.61,1327871859,22949188224
2017-10-20,8222.79,8212.93,8226.47,8158.87,951021145,15180264766
2017-10-23,8200.77,8221.64,8238.04,8162.24,1055278016,15600633485
2017-10-24,8203.65,8329.7,8338.17,8181.82,1178989946,20803464791
2017-10-25,8327.98,8400.12,8402.19,8317.16,1089567805,17742240877
2017-10-26,8443.75,8457.85,8553.86,8428.05,1589576553,28622594760
2017-10-27,8451.28,8560.72,8565.5,8442.46,1453223697,24888944783
2017-10-30,8563.74,8567.19,8594.2,8406.46,1528542228,27570733675
2017-10-31,8537.55,8520.75,8560.75,8445.31,1301776013,24638754701
2017-11-01,8526.65,8497.57,8623.9,8484.19,1324220497,24734305466
2017-11-02,8497.31,8567.0,8569.23,8460.29,1113044464,19923123361
2017-11-03,8563.88,8494.65,8596.55,8457.73,1626737974,26415863849
2017-11-06,8507.54,8651.56,8654.63,8468.82,1722688855,27542112940
2017-11-07,8658.48,8749.21,8801.88,8647.72,2211027172,33236494913
2017-11-08,8761.74,8689.13,8885.56,8661.3,2318272758,38682610636
2017-11-09,8692.13,8796.07,8796.07,8648.74,1962654986,32089781670
2017-11-10,8781.6,8941.21,8961.27,8769.37,2005525407,35097952776
2017-11-13,8966.88,8988.39,9053.72,8963.48,1967419401,33550423638
2017-11-14,8979.01,8884.21,8979.32,8822.66,1797992354,31744748291
2017-11-15,8859.84,8910.98,8936.62,8801.46,1413617130,27504513689
2017-11-16,8882.05,9019.93,9022.07,8867.54,1448695038,29386142669
2017-11-17,8985.02,8955.98,9040.85,8933.41,1976706490,37537645539
2017-11-20,8891.83,9058.73,9058.73,8772.62,1722688377,31442185884
2017-11-21,9037.07,9387.06,9387.06,9032.43,2141183864,43748390555
2017-11-22,9391.76,9323.43,9454.61,9226.49,1904551479,39080981365
2017-11-23,9286.06,8942.77,9286.06,8903.79,1905856122,36953501460
2017-11-24,8909.11,9023.52,9027.17,8745.82,1585854331,33529043479
2017-11-27,8941.48,8795.77,8941.48,8746.74,1399715154,28632941539
2017-11-28,8743.63,8795.41,8825.85,8678.99,1136189377,22212160784
2017-11-29,8802.53,8751.97,8816.01,8600.2,1470155137,29857853963
2017-11-30,8699.07,8608.63,8731.54,8558.36,1295099780,24974994425
2017-12-01,8607.21,8533.56,8679.01,8528.86,1071279936,21725377417
2017-12-04,8522.22,8616.89,8671.42,8494.67,1281073921,24946601918
2017-12-05,8576.99,8629.95,8678.83,8567.63,1404339108,26544303926
2017-12-06,8605.97,8577.17,8633.02,8442.23,1156488620,21915898920
2017-12-07,8554.39,8393.61,8608.79,8393.61,973483518,19164878382
2017-12-08,8382.29,8519.88,8553.87,8382.29,1008158684,20673014777
2017-12-11,8552.94,8782.61,8782.61,8551.51,1224959189,27314437391
2017-12-12,8786.1,8703.61,8837.2,8703.08,1022355881,21695019660
2017-12-13,8704.58,8865.14,8868.68,8684.78,911286084,21186925797
2017-12-14,8870.1,8837.82,8880.69,8784.7,910079728,18324465626
2017-12-15,8818.16,8679.54,8818.16,8670.56,965663481,19385534553
2017-12-18,8682.24,8733.02,8797.22,8680.03,926762401,22423219387
2017-12-19,8732.72,8863.35,8874.25,8730.65,1073913655,22330417380
2017-12-20,8860.98,8866.51,8924.54,8833.88,1011442097,22098396836
2017-12-21,8864.77,9013.05,9035.64,8847.41,1205822275,25495975675
2017-12-22,8998.56,9002.91,9041.96,8966.93,863478181,19598307752
2017-12-25,9021.15,9029.06,9131.06,8969.32,1176246078,24441404469
2017-12-26,9030.85,8995.41,9034.52,8893.16,1010879715,20202033415
2017-12-27,8979.3,8823.34,9004.31,8821.58,1116910637,21878442426
2017-12-28,8857.42,8934.41,9006.59,8795.12,1129380019,24487188283
2017-12-29,8958.25,8959.61,9048.0,8912.8,1102648470,21384491948
2018-01-02,9012.06,9145.48,9152.06,9012.06,1651479153,30117372968
2018-01-03,9148.25,9160.69,9266.73,9137.04,1820271901,35011361873
2018-01-04,9175.83,9283.51,9283.51,9152.39,1325261210,28048277795
2018-01-05,9285.93,9370.59,9415.42,9232.85,1627062758,30531963339
2018-01-08,9377.38,9410.24,9494.0,9302.43,2002809828,36299991214
2018-01-09,9399.79,9569.11,9578.29,9371.6,1462127101,30226583765
2018-01-10,9556.24,9693.56,9712.75,9531.22,1504335595,31571156107
2018-01-11,9658.61,9611.12,9704.22,9565.02,1115003581,24500700807
2018-01-12,9605.98,9770.74,9782.85,9598.35,1204683051,26064376431
2018-01-15,9782.65,9872.23,9953.6,9782.65,1931205170,40634200022
2018-01-16,9827.45,10044.75,10055.47,9816.06,2034485847,43042843319
2018-01-17,10041.66,9856.76,10086.66,9810.82,2387116832,49489324055
2018-01-18,9854.81,9916.78,9991.38,9814.05,1625960970,33553916607
2018-01-19,9912.72,9848.82,10003.38,9820.57,1798386785,34911961547
2018-01-22,9851.5,10149.45,10150.09,9851.5,1609768958,36156924604
2018-01-23,10152.85,10246.97,10273.47,10119.04,1688032428,35834339464
2018-01-24,10238.91,10137.92,10245.69,10066.66,1812126938,36690296122
2018-01-25,10115.81,10070.72,10127.88,9891.54,1622757938,33122950339
2018-01-26,10034.94,10133.9,10213.98,10007.98,1540226449,33060881664
2018-01-29,10127.73,9841.93,10132.88,9787.35,1843450540,41188595196
2018-01-30,9779.96,9652.49,9825.76,9637.55,1281314831,28986701308
2018-01-31,9623.71,9797.11,9849.81,9621.99,1516947422,31307701954
2018-02-01,9778.26,9637.31,9779.06,9526.63,1803032788,36651774997
2018-02-02,9558.42,9687.71,9697.69,9456.91,1333020094,27229788927
2018-02-05,9523.78,9544.04,9623.89,9403.67,1416284103,34396629165
2018-02-06,9295.75,9267.62,9372.71,9173.22,1776372754,38621174269
2018-02-07,9423.9,8838.88,9449.0,8836.58,1878266157,39292962571
2018-02-08,8827.67,8903.91,9021.41,8797.27,1371840444,29105598581
2018-02-09,8621.55,8542.05,8671.16,8362.42,1833237255,34965267771
2018-02-12,8583.6,8793.16,8830.2,8583.6,1080174993,23702972483
2018-02-13,8881.36,8916.17,9085.13,8881.36,1010237148,21273721091
2018-02-14,8946.12,9059.1,9060.69,8908.5,681032495,14429409143
2018-02-22,9204.49,9279.46,9302.03,9175.51,967610310,20386006498
2018-02-23,9305.54,9265.41,9345.0,9193.37,932194891,18769936149
2018-02-26,9318.37,9315.06,9347.37,9147.7,1350944637,25188977876
2018-02-27,9333.9,9036.41,9333.9,9035.78,1341602598,27796889037
2018-02-28,8911.53,8976.64,9035.16,8832.73,1159134799,23604887859
2018-03-01,8913.8,9002.43,9061.95,8894.6,935457936,18337828610
2018-03-02,8918.87,8984.5,9067.76,8885.6,868364917,17653855208
2018-03-05,8993.96,8919.92,9050.94,8891.22,822140135,15724631756
2018-03-06,8968.62,9066.99,9066.99,8823.45,1333617945,24637216928
2018-03-07,9051.4,8994.1,9148.88,8986.66,992236733,18371032127
2018-03-08,9024.2,9209.39,9209.39,8999.8,884602946,19014654917
2018-03-09,9235.59,9265.09,9274.06,9182.28,1018743977,20765157136
2018-03-12,9332.05,9261.75,9347.79,9208.37,1373404496,27040501465
2018-03-13,9251.4,9184.32,9277.31,9176.2,986391586,18935376895
2018-03-14,9144.8,9154.39,9189.61,9111.64,824490505,16497004520
2018-03-15,9116.36,9241.96,9267.19,9114.38,871449180,19915651871
2018-03-16,9243.14,9146.96,9262.43,9142.01,884136244,18853637163
2018-03-19,9137.86,9106.22,9153.35,9057.2,744586293,14605148518
2018-03-20,9038.95,9046.43,9060.65,8966.19,739069222,14575115461
2018-03-21,9080.77,9000.92,9131.87,8990.21,869173910,16662657384
2018-03-22,9016.01,8816.99,9038.29,8809.6,839998604,18378982982
2018-03-23,8507.35,8615.5,8630.39,8362.32,1647797814,29210916219
2018-03-26,8487.83,8489.29,8520.75,8378.23,1031798226,20111783570
2018-03-27,8607.59,8499.74,8649.22,8432.03,1034127529,22961370918
2018-03-28,8391.16,8318.28,8457.45,8287.1,910129442,22357172560
2018-03-29,8368.21,8609.94,8661.01,8234.35,1171881830,25538828643
2018-03-30,8593.42,8557.41,8639.58,8531.18,787495686,17032303664
2018-04-02,8522.48,8479.91,8667.61,8470.98,1028848559,20780270957
2018-04-03,8398.95,8447.23,8506.23,8363.14,816729140,16986591034
2018-04-04,8455.72,8526.34,8634.72,8453.8,904433151,20292893652
2018-04-09,8499.38,8421.58,8552.39,8381.9,784597834,16096042167
2018-04-10,8439.56,8618.97,8618.97,8411.85,864532003,17409552612
2018-04-11,8636.97,8682.41,8739.19,8633.62,1015649758,20779458281
2018-04-12,8673.53,8571.79,8678.57,8564.8,706447767,13652710111
2018-04-13,8634.92,8502.05,8669.66,8472.67,769547470,14135984939
2018-04-16,8483.74,8330.98,8515.32,8263.66,942637322,18200968060
2018-04-17,8337.08,8250.21,8373.74,8237.01,708176175,13324046150
2018-04-18,8335.73,8254.43,8357.06,8151.49,877935437,15110866752
2018-04-19,8292.69,8459.48,8459.48,8256.87,726107274,15482589972
2018-04-20,8462.02,8390.58,8535.67,8351.31,746693284,15827697664
2018-04-23,8398.99,8446.29,8503.79,8357.75,659126301,13613815882
2018-04-24,8478.37,8645.94,8681.5,8478.37,919429942,19102577752
2018-04-25,8605.46,8578.99,8633.6,8542.63,603582170,12643683917
2018-04-26,8437.51,8300.71,8498.38,8272.13,1047647651,30164734869
2018-04-27,8378.93,8237.47,8387.68,8158.1,1045505582,24473165759
2018-05-02,8246.28,8266.08,8330.45,8207.29,797806255,17997159986
2018-05-03,8253.28,8377.3,8381.94,8208.8,873687755,18241129886
2018-05-04,8340.91,8311.27,8402.93,8302.88,667216892,15436108836
2018-05-07,8342.71,8488.96,8489.11,8320.22,779127514,18476957200
2018-05-08,8489.96,8631.86,8665.51,8489.35,913078112,21215851438
2018-05-09,8610.6,8612.35,8620.53,8557.87,635613426,13467901232
2018-05-10,8631.78,8657.94,8678.34,8604.15,647270713,14494937017
2018-05-11,8687.78,8589.32,8693.04,8587.01,614104194,13107893926
2018-05-14,8623.8,8696.64,8708.05,8623.8,722363720,15711043322
2018-05-15,8719.65,8707.12,8730.14,8634.07,667224356,14296387307
2018-05-16,8675.44,8633.54,8692.99,8623.11,615769375,13738066411
2018-05-17,8641.32,8547.17,8653.38,8535.72,649397873,13454492324
2018-05-18,8542.8,8619.14,8619.14,8465.68,591034349,12813592583
2018-05-21,8671.78,8613.58,8688.74,8592.59,757443277,14374402733
2018-05-22,8609.45,8533.69,8609.45,8465.6,677408683,15014467513
2018-05-23,8519.51,8434.89,8519.51,8434.52,686587736,13390437233
2018-05-24,8435.94,8348.02,8452.35,8334.0,590186559,12935099164
2018-05-25,8342.4,8327.53,8401.82,8308.32,605291558,12711291700
2018-05-28,8341.68,8458.68,8484.47,8319.11,616485041,14549133527
2018-05-29,8437.11,8362.6,8491.65,8360.17,672772019,15161514854
2018-05-30,8256.26,8234.82,8319.12,8172.23,838196252,15761487231
2018-05-31,8285.99,8465.74,8465.74,8264.38,921510034,22106639221
2018-06-01,8424.62,8398.39,8458.84,8357.73,714737034,14622032568
2018-06-04,8433.98,8556.33,8571.32,8421.16,906915415,22146956055
2018-06-05,8582.58,8646.86,8655.04,8538.05,788852374,19422078788
2018-06-06,8642.02,8601.09,8663.27,8583.24,643177539,14445075102
2018-06-07,8639.16,8594.67,8661.75,8571.62,745001038,15342550120
2018-06-08,8565.11,8517.76,8608.91,8454.0,784328615,16025580125
2018-06-11,8519.46,8600.66,8658.5,8505.11,735220249,18768607497
2018-06-12,8620.81,8780.49,8791.06,8606.16,1025104364,23663624579
2018-06-13,8721.02,8668.95,8767.51,8663.53,788524739,16768946034
2018-06-14,8625.05,8533.41,8672.75,8498.89,747782750,15568848726
2018-06-15,8505.68,8507.67,8560.23,8470.01,880469376,16562615288
2018-06-19,8358.44,8151.23,8375.54,8117.22,1368853626,24323077047
2018-06-20,8109.78,8213.35,8241.86,8073.63,799851054,14872500371
2018-06-21,8197.97,8136.25,8318.37,8132.51,960362794,17122888019
2018-06-22,8050.6,8134.28,8134.28,7981.96,764556380,13670400363
2018-06-25,8154.44,8014.82,8201.71,8009.19,1340446028,23595520913
2018-06-26,7912.05,7897.99,7951.61,7779.17,1195040325,20619447104
2018-06-27,7891.15,7636.12,7921.48,7616.86,1090204063,21447253771
2018-06-28,7559.93,7528.3,7682.49,7504.41,933434890,17251198286
2018-06-29,7577.53,7760.67,7770.62,7523.87,928648755,15676058707
2018-07-02,7742.2,7490.86,7749.38,7434.24,1207411689,21292515324
2018-07-03,7493.68,7441.79,7538.86,7215.08,1342487704,26149352922
2018-07-04,7427.73,7253.81,7459.86,7240.86,1238521954,21789000891
2018-07-05,7298.24,7215.84,7388.92,7173.42,1130990861,19612823429
2018-07-06,7245.14,7269.85,7350.59,7109.94,1143469091,19340549335
2018-07-09,7332.52,7535.81,7537.04,7324.72,1024139899,18534307789
2018-07-10,7561.14,7545.74,7576.44,7461.81,957015891,16464557068
2018-07-11,7360.55,7399.28,7445.81,7315.27,833760508,13548102831
2018-07-12,7397.96,7552.42,7605.55,7397.96,978465834,16332028391
2018-07-13,7597.14,7606.36,7627.22,7550.06,1166633335,19563711404
2018-07-16,7618.86,7577.68,7675.33,7544.63,874445230,15019554813
2018-07-17,7574.72,7515.34,7574.72,7449.29,966263065,17471977167
2018-07-18,7535.81,7427.19,7573.73,7426.84,924378308,16676972876
2018-07-19,7457.93,7457.2,7506.74,7423.95,765344771,13817062782
2018-07-20,7439.46,7533.59,7564.18,7342.5,1153312673,19619748792
2018-07-23,7487.07,7559.7,7561.92,7445.37,1199944126,19853196497
2018-07-24,7577.54,7729.32,7744.63,7577.54,1577393826,26502565484
2018-07-25,7744.82,7663.81,7746.69,7648.02,940749153,16392273795
2018-07-26,7687.5,7591.32,7710.24,7581.35,1034940965,16304759180
2018-07-27,7594.11,7545.97,7609.9,7540.88,752536382,12491306976
2018-07-30,7551.01,7514.01,7581.76,7459.61,769071838,13034379263
2018-07-31,7492.14,7521.88,7538.18,7468.73,701469291,11907325890
2018-08-01,7553.09,7330.6,7558.18,7326.75,978272551,16549049619
2018-08-02,7286.72,7082.64,7286.72,6991.47,1193286477,21778038280
2018-08-03,7072.36,6887.83,7105.68,6887.83,861827302,18183925408
2018-08-06,6878.26,6789.92,6926.79,6757.46,828398918,15125494102
2018-08-07,6826.56,7019.25,7021.8,6780.45,967947071,16953941716
2018-08-08,7028.57,6889.99,7028.57,6887.05,809401023,14426972344
2018-08-09,6876.05,7099.42,7129.87,6855.25,1110315141,19151047134
2018-08-10,7121.81,7123.85,7197.14,7083.12,973894365,17128804306
2018-08-13,7043.02,7068.59,7081.93,6957.75,942064637,16366442768
2018-08-14,7072.23,7035.99,7081.34,6996.32,870011809,14690699071
2018-08-15,7033.88,6864.15,7034.19,6853.62,856787778,15307786881
2018-08-16,6768.17,6801.36,6931.87,6726.04,951355163,17301484453
2018-08-17,6866.27,6723.58,6880.9,6712.74,816616122,14613878214
2018-08-20,6736.89,6803.99,6803.99,6671.62,858716362,15422958140
2018-08-21,6822.52,6964.48,6976.16,6804.38,959751491,18356044201
2018-08-22,6948.85,6902.95,6948.85,6885.23,656236184,11032253169
2018-08-23,6886.81,6892.78,6940.67,6802.35,942118092,16250185445
2018-08-24,6863.56,6882.08,6940.28,6812.17,984236201,15231587596
2018-08-27,6917.54,7109.26,7109.26,6917.54,1245428904,21323082876
2018-08-28,7116.05,7097.66,7148.62,7063.34,1016480074,18911692427
2018-08-29,7086.3,7078.49,7108.15,7048.2,796358692,14197808094
2018-08-30,7078.08,7006.66,7119.25,6993.11,831742351,15312787239
2018-08-31,6949.15,6958.72,6993.94,6886.13,1084681059,19732018012
2018-09-03,6924.07,6916.01,6927.68,6868.89,928661739,15511147415
2018-09-04,6935.38,7005.89,7026.1,6879.18,868317610,14914963499
2018-09-05,6965.64,6865.72,6965.64,6865.27,914101059,16366841824
2018-09-06,6837.22,6747.85,6899.17,6735.09,774649470,15471576831
2018-09-07,6772.67,6763.55,6864.62,6715.14,751184407,14116512700
2018-09-10,6751.38,6700.39,6761.64,6684.66,728145235,12005945916
2018-09-11,6698.15,6711.32,6746.28,6684.16,637334854,9992774205
2018-09-12,6698.57,6618.16,6698.95,6611.77,604167658,10826830393
2018-09-13,6694.69,6689.5,6716.26,6600.82,804319913,14281747611
2018-09-14,6712.33,6734.97,6755.56,6674.13,695761245,12631205102
2018-09-17,6704.64,6694.75,6740.03,6682.84,601752323,10122022432
2018-09-18,6673.78,6783.77,6787.98,6646.17,837319182,14582244800
2018-09-19,6760.14,6911.69,6964.96,6754.46,1179052983,21988700051
2018-09-20,6901.52,6902.39,6951.98,6888.1,760468092,13738171555
2018-09-21,6922.82,7120.21,7126.39,6911.64,1257946595,21551970593
2018-09-25,7040.86,7031.91,7067.9,7003.23,839907318,14565171438
2018-09-26,7049.42,7117.55,7198.8,7039.16,1130762424,21808097672
2018-09-27,7099.97,7092.91,7128.54,7063.11,773832700,14193199200
2018-09-28,7110.13,7134.56,7169.39,7083.79,885951188,15245794834
2018-10-08,6952.02,6810.33,6968.48,6810.33,1139900693,20651060901
2018-10-09,6828.57,6808.27,6871.34,6784.86,783623782,13839155834
2018-10-10,6821.15,6750.98,6850.55,6735.77,735216256,14287187039
2018-10-11,6570.46,6471.85,6632.88,6442.19,1351404743,20494483446
2018-10-12,6472.81,6598.53,6621.48,6446.3,1141838009,17514525299
2018-10-15,6611.99,6501.87,6625.85,6486.73,852707618,13490193742
2018-10-16,6507.87,6449.25,6563.2,6423.05,753346095,10841397408
2018-10-17,6524.2,6491.29,6541.26,6387.15,793520151,12045920128
2018-10-18,6447.8,6354.46,6447.8,6354.46,726247396,10926930025
2018-10-19,6310.0,6528.9,6533.58,6301.35,1165030502,18101875105
2018-10-22,6589.57,6805.52,6870.27,6588.28,1643043869,26343549156
2018-10-23,6807.48,6611.32,6816.4,6561.85,1305300475,22097562859
2018-10-24,6570.14,6621.66,6725.18,6546.74,1073702985,17922847194
2018-10-25,6470.34,6636.55,6644.84,6446.91,1144261767,17169958168
2018-10-26,6673.94,6617.84,6725.37,6578.62,1065597877,16139291151
2018-10-29,6493.6,6312.63,6495.46,6284.72,1157624957,21428063367
2018-10-30,6249.95,6351.52,6439.48,6199.7,1280450419,21263245104
2018-10-31,6364.54,6449.19,6477.88,6342.43,1068850174,17631514279
2018-11-01,6542.15,6563.82,6660.38,6540.64,1551295499,25192991847
2018-11-02,6799.18,6840.39,6852.07,6683.49,1829128366,32667675896
2018-11-05,6801.27,6789.97,6809.33,6716.29,1258820765,21167407123
2018-11-06,6773.4,6738.25,6773.4,6663.04,967939787,15698183879
2018-11-07,6742.28,6715.51,6818.19,6673.65,1039411074,17211236132
2018-11-08,6775.77,6705.33,6791.15,6695.16,906647882,14707640673
2018-11-09,6659.37,6608.06,6670.11,6603.7,893762631,14180103900
2018-11-12,6589.96,6708.15,6713.18,6565.16,1023483572,15867254933
2018-11-13,6619.53,6826.92,6863.02,6608.28,1382841651,19769701290
2018-11-14,6813.0,6759.11,6830.71,6748.65,1011544940,15107243827
2018-11-15,6745.55,6814.7,6816.88,6739.97,993603021,14095817884
2018-11-16,6817.79,6905.54,6951.85,6792.98,1338712680,19859908800
2018-11-19,6894.39,7007.58,7016.21,6887.29,1292812270,18713862951
2018-11-20,6940.81,6791.07,6955.76,6777.3,1255322325,18825971896
2018-11-21,6717.95,6814.83,6850.65,6711.39,890814857,13657042086
2018-11-22,6838.42,6799.98,6847.88,6750.93,730195133,10579748098
2018-11-23,6789.93,6659.26,6800.58,6642.58,906804323,12681169201
2018-11-26,6656.72,6673.0,6721.53,6644.19,623118446,9505012956
2018-11-27,6692.12,6630.03,6702.13,6605.01,652747631,10413773954
2018-11-28,6626.67,6767.07,6771.2,6626.67,969386492,12999625219
2018-11-29,6812.73,6659.99,6839.15,6659.99,1050832615,15553162099
2018-11-30,6665.75,6734.19,6737.27,6642.28,815825897,13703786258
2018-12-03,6942.68,6972.19,6990.8,6873.84,1543964141,27640011910
2018-12-04,6945.4,6945.68,6971.05,6900.91,868423408,14332321669
2018-12-05,6855.7,6916.9,6958.59,6843.59,772292995,13636625578
2018-12-06,6821.12,6751.45,6841.81,6742.85,922853923,16709071327
2018-12-07,6762.71,6758.18,6791.43,6740.1,599620115,9972475687
2018-12-10,6689.11,6641.92,6733.42,6621.38,775745386,11805023079
2018-12-11,6646.86,6688.77,6688.77,6633.64,622359231,10104471304
2018-12-12,6742.01,6742.99,6760.4,6701.83,625079877,10501183654
2018-12-13,6762.21,6890.48,6919.49,6738.85,999757139,19425486883
2018-12-14,6861.24,6778.78,6879.67,6775.25,765291596,12272363813
2018-12-17,6761.71,6756.74,6776.35,6688.48,686548020,11165661139
2018-12-18,6703.39,6685.14,6773.36,6650.65,655573468,10560654418
2018-12-19,6697.75,6616.68,6722.33,6606.69,586005933,9614240169
2018-12-20,6609.47,6606.23,6648.01,6552.38,700125108,11297193335
2018-12-21,6578.25,6497.09,6583.47,6451.74,763398509,12564261863
2018-12-24,6462.97,6523.61,6526.12,6442.49,645791522,10530214744
2018-12-25,6447.54,6493.88,6528.12,6396.78,754114886,11373390646
2018-12-26,6487.49,6461.92,6535.23,6446.03,539587735,8026195361
2018-12-27,6563.63,6429.18,6575.72,6429.18,688402974,10558285929
2018-12-28,6438.23,6476.04,6502.92,6399.85,672499555,10185563214
2019-01-02,6504.3,6402.37,6510.97,6392.37,698732881,10750979890
2019-01-03,6383.69,6378.4,6464.81,6353.02,756540050,11129539296
2019-01-04,6324.84,6550.91,6561.16,6311.52,1617433283,16926130235
2019-01-07,6613.47,6613.79,6629.26,6566.46,1505926617,17776642253
2019-01-08,6604.0,6600.94,6623.6,6574.22,1311055899,12045961584
2019-01-09,6686.11,6740.8,6812.33,6676.14,1749671250,22825358362
2019-01-10,6721.85,6737.58,6787.12,6688.39,1222453675,14305582508
2019-01-11,6752.06,6791.88,6804.92,6721.07,1105822442,13802503885
2019-01-14,6782.62,6734.05,6809.64,6726.59,938502505,10859520129
2019-01-15,6739.08,6909.96,6914.91,6720.54,1121722443,17973348380
2019-01-16,6908.13,6907.07,6942.08,6878.86,1027042558,14109671912
2019-01-17,6900.31,6852.45,6917.41,6844.94,967051139,14603910300
2019-01-18,6883.66,6972.37,6977.71,6870.87,1058753301,16860791627
2019-01-21,6981.5,6999.27,7071.14,6967.24,1136582812,19031978737
2019-01-22,6990.83,6891.78,6990.83,6878.07,835855531,13386880800
2019-01-23,6870.15,6909.1,6942.34,6865.42,633013608,9758463896
2019-01-24,6942.32,6960.26,6986.91,6892.17,777863415,11226997999
2019-01-25,6984.04,7039.61,7081.82,6952.24,1130922177,15857051573
2019-01-28,7086.5,7074.19,7186.34,7050.44,1087806293,18496937116
2019-01-29,7061.71,7135.5,7138.89,6995.47,1149514282,16545105881
2019-01-30,7103.04,7073.96,7170.52,7073.59,909671970,14067016469
2019-01-31,7115.72,7201.17,7207.33,7098.21,1089224676,18187260843
2019-02-01,7268.49,7316.41,7318.27,7196.54,1092147460,18030963088
2019-02-11,7301.21,7523.08,7536.31,7301.21,1229617128,21085859264
2019-02-12,7516.09,7568.34,7596.6,7503.95,1405626838,20387466841
2019-02-13,7586.78,7692.84,7711.95,7570.47,2072387211,27455163633
2019-02-14,7682.09,7731.2,7764.01,7651.03,1800266228,23246433582
2019-02-15,7703.12,7566.03,7703.23,7565.79,1672352891,24877950321
2019-02-18,7633.81,7847.31,7847.31,7631.03,2010295436,28075049463
2019-02-19,7880.99,7828.98,7948.37,7769.49,2160971409,28779366334
2019-02-20,7850.7,7894.63,7916.97,7804.45,1651622935,21672300540
2019-02-21,7896.66,7871.83,8005.35,7836.63,2036894472,28130378614
2019-02-22,7855.31,7998.98,7998.98,7752.93,2378791989,31782292781
2019-02-25,8134.23,8416.54,8416.54,8085.8,4306579000,61103103780
2019-02-26,8400.59,8271.23,8418.1,8240.22,4036939795,54005474516
2019-02-27,8258.75,8229.98,8349.0,8148.42,3016045007,41610404636
2019-02-28,8209.64,8217.72,8284.72,8165.82,1861422453,28073058334
2019-03-01,8304.6,8421.68,8421.68,8254.01,2125793105,33585823657
2019-03-04,8525.23,8663.29,8818.49,8506.69,3783373000,57695888768
2019-03-05,8670.17,8783.95,8801.96,8634.18,2958577992,40627156579
2019-03-06,8804.07,8839.38,8850.35,8715.83,3837422925,46186143065
2019-03-07,8812.82,8671.78,8812.82,8594.41,3834883095,49955623753
2019-03-08,8469.93,8384.03,8633.88,8373.71,3595180369,47996374059
2019-03-11,8405.75,8622.58,8629.64,8350.5,2635980322,37662140528
2019-03-12,8669.52,8712.85,8808.68,8605.1,2920131641,44201461634
2019-03-13,8700.64,8555.48,8700.64,8512.94,2928605760,41171409619
2019-03-14,8509.03,8446.31,8597.85,8388.12,2306249768,33890503265
2019-03-15,8507.72,8640.68,8727.96,8497.06,2213720805,35720049332
2019-03-18,8664.73,8975.42,8975.42,8638.76,2420556318,43002980782
2019-03-19,8964.11,8914.41,8975.6,8859.48,2123323622,34421457321
2019-03-20,8884.52,8893.83,8940.0,8767.49,2312734179,35216479893
2019-03-21,8887.91,8885.41,8923.23,8822.97,2292240591,30512412295
2019-03-22,8884.75,8859.74,8903.76,8705.69,2415585883,30044721242
2019-03-25,8716.02,8650.17,8792.54,8640.36,3201505227,35360253501
2019-03-26,8715.08,8588.8,8727.95,8547.97,2580511721,30668162838
2019-03-27,8642.04,8730.57,8750.29,8589.36,1993020904,28011733537
2019-03-28,8737.66,8735.81,8810.07,8698.36,1878667114,32966315413
2019-03-29,8728.4,9111.98,9115.92,8728.4,2785162267,48590543726
2019-04-01,9165.02,9416.11,9444.19,9165.02,3077945790,51050787784
2019-04-02,9446.06,9363.13,9447.54,9316.27,2563012429,36938904798
2019-04-03,9303.5,9427.49,9442.76,9285.0,2352369330,31488184062
2019-04-04,9442.33,9570.95,9602.52,9442.33,2658430924,42350014680
2019-04-08,9659.61,9566.03,9739.36,9460.37,2836489747,44163367192
2019-04-09,9669.98,9781.56,9781.56,9623.56,2193729909,37833174860
2019-04-10,9805.64,9864.99,9945.46,9700.33,2479132826,58980958121
2019-04-11,9841.97,9562.9,9853.23,9542.17,2113254448,46562055362
2019-04-12,9526.44,9515.94,9585.68,9429.38,1717176268,32801585132
2019-04-15,9691.14,9505.24,9838.13,9500.35,2148308405,42293089393
2019-04-16,9436.94,9717.91,9717.91,9358.35,2256056513,44046256469
2019-04-17,9707.98,9751.89,9819.31,9623.7,2021130069,41216585646
2019-04-18,9749.28,9717.43,9784.01,9697.18,1772078770,32999178920
2019-04-19,9711.11,9947.72,9954.07,9642.89,1944858453,35568817051
2019-04-22,9896.82,9677.62,9934.12,9642.09,2497607635,48364516155
2019-04-23,9644.02,9656.52,9752.35,9593.25,1973147171,39835309635
2019-04-24,9728.56,9689.64,9745.92,9536.68,1913622320,37259711232
2019-04-25,9636.56,9462.08,9706.11,9446.58,1996297070,37391080192
2019-04-26,9420.08,9321.12,9481.88,9304.35,1802285799,36018357449
2019-04-29,9307.76,9356.39,9510.59,9255.61,1861364273,37211284815
2019-04-30,9260.49,9390.35,9426.49,9258.77,1577037785,33115599417
2019-05-06,9001.61,8685.0,9070.64,8648.89,2517490432,49105415118
2019-05-07,8782.68,8885.93,8975.37,8721.22,1853487500,37939985832
2019-05-08,8710.31,8744.08,8913.53,8695.78,1510332187,26109864506
2019-05-09,8682.26,8615.4,8745.64,8534.41,1470164100,27683961507
2019-05-10,8744.03,8988.71,9006.05,8606.59,1928456318,36311615490
2019-05-13,8845.17,8891.77,8977.74,8808.72,1328931836,26917689969
2019-05-14,8792.18,8847.24,8943.92,8790.58,1495371048,27407356604
2019-05-15,8949.43,9128.45,9166.42,8949.43,1439962962,31849276519
2019-05-16,9116.11,9136.39,9189.08,9078.5,1262022126,25739131564
2019-05-17,9140.3,8886.68,9141.32,8846.81,1596088819,28844235153
2019-05-20,8860.88,8752.44,8875.7,8661.33,1369613273,25891470655
2019-05-21,8752.65,8898.5,8961.78,8719.49,1283917239,26041772928
2019-05-22,8861.02,8833.67,8946.64,8804.73,1251625257,27358822355
2019-05-23,8764.72,8583.04,8766.16,8571.95,1291478515,26568924843
2019-05-24,8592.09,8634.07,8723.99,8570.17,1069127509,22197261620
2019-05-27,8652.79,8776.24,8812.36,8553.6,1518930170,27142434636
2019-05-28,8774.88,8923.59,8941.9,8762.03,1559199593,29575521460
2019-05-29,8824.04,8874.46,8936.37,8807.79,1004082955,20956537798
2019-05-30,8837.45,8807.22,8844.18,8720.27,1123853202,22341025911
2019-05-31,8799.92,8764.19,8853.72,8722.62,1070844041,21864151767
2019-06-03,8809.76,8749.5,8898.12,8723.44,1327829848,26929973993
2019-06-04,8756.31,8647.93,8786.45,8598.32,1299730326,25295669575
2019-06-05,8745.77,8690.96,8774.31,8641.23,1293230978,25341322027
2019-06-06,8685.82,8557.9,8685.82,8519.07,1291546104,23311807896
2019-06-10,8606.32,8704.6,8739.0,8570.38,1309683433,25416271659
2019-06-11,8723.06,9038.88,9051.77,8718.4,1914602885,38733037451
2019-06-12,8999.77,8942.4,9011.57,8908.28,1267546903,25301983794
2019-06-13,8942.02,8893.87,8944.01,8800.76,1065619852,21674732946
2019-06-14,8899.09,8801.13,8965.78,8786.26,1282462728,22996207474
2019-06-17,8800.73,8754.77,8875.27,8728.36,847443012,17336340020
2019-06-18,8760.99,8788.0,8821.35,8701.55,808021917,15263655742
2019-06-19,9064.93,8900.52,9085.31,8896.92,1508431300,28082874117
2019-06-20,8908.42,9178.11,9230.95,8901.17,2110832837,38557699280
2019-06-21,9180.35,9149.68,9237.45,9092.4,1872619988,33674769706
2019-06-24,9139.45,9180.2,9234.12,9087.89,1258471038,25679015652
2019-06-25,9171.62,9088.41,9181.64,8962.7,1397255058,25364896570
2019-06-26,9031.35,9059.87,9097.47,9010.75,814534609,15213461549
2019-06-27,9090.96,9180.95,9223.17,9078.13,1257279644,26329611642
2019-06-28,9181.63,9174.79,9203.81,9117.54,1026279967,17411305454
2019-07-01,9377.64,9556.06,9558.54,9344.32,2150434717,39096238968
2019-07-02,9521.99,9597.57,9599.43,9494.17,1602634544,30005766646
2019-07-03,9570.77,9445.73,9576.93,9386.72,1361740377,32820841652
2019-07-04,9463.05,9404.56,9512.2,9355.45,1166942678,25625964323
2019-07-05,9421.73,9561.23,9576.53,9389.44,973190435,25684883143
2019-07-08,9537.76,9373.04,9537.88,9269.87,1328361618,27943972248
2019-07-09,9365.69,9363.16,9407.94,9313.14,947463411,21889192929
2019-07-10,9410.45,9356.41,9418.51,9311.79,944777604,18323732855
2019-07-11,9409.88,9321.28,9484.4,9303.6,890149799,21656515464
2019-07-12,9328.33,9438.65,9466.44,9314.76,1047938377,21280410234
2019-07-15,9388.73,9480.67,9525.26,9268.62,1632002032,26668607010
2019-07-16,9467.91,9388.54,9496.22,9366.58,1333737452,22247278075
2019-07-17,9369.71,9381.33,9434.71,9337.41,1444704534,21314516855
2019-07-18,9339.31,9269.73,9349.86,9262.96,1153125307,18881334239
2019-07-19,9343.45,9368.79,9432.74,9314.38,1382352859,21805863825
2019-07-22,9395.21,9351.26,9423.3,9291.25,1378277048,23594799691
2019-07-23,9358.75,9320.76,9374.77,9256.23,1026108401,22828779603
2019-07-24,9353.72,9344.01,9420.23,9320.32,1116790254,21333764979
2019-07-25,9340.47,9437.42,9437.42,9291.46,1320735745,24579288227
2019-07-26,9388.55,9421.03,9440.36,9372.88,1046739509,20030014476
2019-07-29,9420.83,9426.57,9440.19,9376.3,1240255258,22535793535
2019-07-30,9436.28,9478.73,9540.37,9436.28,1356540706,21104377061
2019-07-31,9444.92,9365.55,9449.56,9354.39,1114511554,20411603648
2019-08-01,9320.5,9270.21,9364.5,9223.83,1035472795,21338024713
2019-08-02,9038.33,9135.11,9157.0,9009.39,1286410759,23982650204
2019-08-05,9069.23,8971.33,9124.22,8969.79,1142561482,22359636384
2019-08-06,8784.55,8931.51,8960.1,8686.4,1517223116,28244565081
2019-08-07,8986.53,8868.55,9007.49,8868.55,886172169,16779313532
2019-08-08,8940.04,9009.41,9034.32,8940.04,1030738123,18534540775
2019-08-09,9046.24,8867.01,9061.46,8848.9,1120252073,21035399243
2019-08-12,8902.29,9040.05,9040.05,8897.53,1134176194,22552617663
2019-08-13,8991.82,8946.98,9054.34,8925.93,969162137,17362235680
2019-08-14,9092.06,8993.81,9105.96,8982.37,1253601463,22733840015
2019-08-15,8821.8,8983.92,8994.17,8786.49,1066921948,17744237633
2019-08-16,8996.63,9014.68,9103.88,8959.2,1070931593,19941005759
2019-08-19,9110.75,9198.88,9199.42,9007.49,1956405420,30708558669
2019-08-20,9195.77,9217.52,9263.93,9159.16,1487172935,23491246767
2019-08-21,9212.21,9213.0,9261.5,9196.5,1204873461,22621971113
2019-08-22,9252.66,9272.45,9279.78,9197.76,1205927969,21843512786
2019-08-23,9286.98,9284.3,9335.19,9252.75,1247809389,22080728761
2019-08-26,9098.34,9131.74,9167.66,9083.1,1260401500,23231825848
2019-08-27,9195.49,9324.73,9400.55,9195.21,1662065768,30214906263
2019-08-28,9343.19,9360.85,9382.36,9276.16,1190166925,23132801022
2019-08-29,9372.2,9339.14,9387.34,9268.63,1150603038,22353486281
2019-08-30,9414.64,9419.78,9494.19,9344.78,1210615308,26297564631
2019-09-02,9469.94,9556.02,9575.55,9449.78,1423300672,29402519347
2019-09-03,9596.18,9579.68,9613.08,9526.21,1165394444,24725378329
2019-09-04,9559.94,9649.55,9649.55,9544.26,1400667215,28903017108
2019-09-05,9694.92,9670.83,9806.52,9652.04,2156097746,33070311373
2019-09-06,9718.46,9695.8,9721.9,9620.14,1361111610,25522327039
2019-09-09,9754.59,9718.88,9773.14,9692.7,1825582997,28555817542
2019-09-10,9719.87,9704.88,9719.93,9637.55,1467710571,22842744202
2019-09-11,9693.98,9551.26,9698.17,9517.27,2059120803,33410974868
2019-09-12,9578.4,9649.88,9669.25,9578.4,1478588686,24915985686
2019-09-16,9663.53,9566.27,9663.53,9535.07,1287124228,21409198636
2019-09-17,9540.92,9439.7,9540.92,9392.84,1315511802,20886662246
2019-09-18,9469.46,9508.26,9537.12,9469.46,991240654,19587575178
2019-09-19,9552.85,9546.34,9559.35,9475.01,1254506413,19676658042
2019-09-20,9572.52,9583.06,9596.78,9537.17,1323483651,23083412715
2019-09-23,9567.08,9451.44,9567.08,9391.25,1241229683,19681174635
2019-09-24,9462.78,9456.7,9530.61,9431.0,1134320625,19387607705
2019-09-25,9425.71,9418.24,9443.03,9383.95,1227236724,19506241615
2019-09-26,9450.34,9314.67,9458.71,9311.65,1272643242,22756266959
2019-09-27,9310.73,9337.72,9361.87,9282.91,884024089,16515988023
2019-09-30,9312.65,9266.65,9358.17,9255.04,892276620,16508878492
2019-10-08,9300.49,9425.5,9460.95,9300.49,1048693361,20489974564
2019-10-09,9397.39,9408.6,9420.91,9348.24,958393284,17826430390
2019-10-10,9357.2,9428.71,9429.97,9320.94,1104779930,23499007699
2019-10-11,9451.0,9504.56,9526.64,9406.69,1089793994,21243577571
2019-10-14,9585.09,9594.53,9667.2,9537.58,1465467971,26626910720
2019-10-15,9599.95,9558.06,9599.95,9529.52,1035264247,20111694666
2019-10-16,9561.81,9525.45,9609.17,9508.44,1130799463,22038554392
2019-10-17,9553.12,9502.08,9554.8,9471.92,861745716,16344360402
2019-10-18,9533.45,9373.96,9548.82,9358.99,1005050591,20003491650
2019-10-21,9384.23,9501.58,9512.61,9372.41,1057197366,20349875457
2019-10-22,9549.23,9523.04,9550.86,9454.4,899575455,17402989028
2019-10-23,9516.27,9462.74,9559.99,9444.18,781114955,15645785532
2019-10-24,9472.35,9461.36,9521.21,9423.05,844690303,17549821787
2019-10-25,9483.0,9557.55,9562.99,9428.09,957764114,21240890465
2019-10-28,9554.74,9588.41,9613.87,9533.0,1124459902,21782920412
2019-10-29,9650.4,9689.71,9738.49,9609.44,1109037651,25353394709
2019-10-30,9673.31,9623.63,9693.12,9592.73,1033211327,20943267558
2019-10-31,9703.12,9632.29,9708.11,9615.06,1131395905,27087635555
2019-11-01,9631.62,9931.01,9971.8,9614.65,1493852828,33948101231
2019-11-04,9962.69,9971.79,10008.43,9932.43,1293144355,27560676560
2019-11-05,9991.14,10023.62,10115.31,9951.03,1396334067,28908436753
2019-11-06,10057.14,9946.98,10057.14,9922.7,1213007977,23154595961
2019-11-07,9946.41,9972.83,10003.19,9913.12,1099449141,18133923943
2019-11-08,10046.55,9955.65,10060.86,9949.51,1285173520,24602372994
2019-11-11,9856.21,9736.82,9857.05,9716.7,1223532984,24903118928
2019-11-12,9709.39,9695.45,9745.38,9632.28,928773452,19272199713
2019-11-13,9728.11,9694.17,9728.11,9643.16,841286584,16841997206
2019-11-14,9703.3,9681.46,9711.54,9642.55,1099122251,20108318202
2019-11-15,9693.17,9601.38,9695.82,9601.38,946421175,17810259185
2019-11-18,9582.86,9673.92,9685.3,9552.77,1036438857,18103363562
2019-11-19,9681.95,9768.13,9774.78,9667.45,1057025805,19507496076
2019-11-20,9754.01,9673.64,9754.01,9659.21,986983156,19427231516
2019-11-21,9642.21,9608.82,9644.24,9565.47,775496708,15768294589
2019-11-22,9625.64,9463.69,9681.36,9418.98,1029345344,21435963459
2019-11-25,9463.08,9571.83,9571.83,9422.17,1229434825,22240787698
2019-11-26,9615.95,9620.76,9635.04,9535.21,1392155476,22101084325
2019-11-27,9561.9,9527.7,9578.71,9492.75,935630861,17074045050
2019-11-28,9547.41,9505.26,9559.71,9477.78,779248912,13419439251
2019-11-29,9499.19,9416.33,9503.35,9343.36,980307847,17695174936
2019-12-02,9449.6,9450.87,9492.76,9430.77,1074972869,16167124542
2019-12-03,9475.05,9519.14,9519.55,9426.12,954434740,19142963887
2019-12-04,9518.71,9551.94,9560.23,9472.5,1059906997,21068150575
2019-12-05,9587.17,9588.85,9597.86,9544.46,1010595478,17420478318
2019-12-06,9601.99,9650.22,9660.51,9600.92,976762912,18043228995
2019-12-09,9681.39,9647.86,9702.98,9624.0,1233088902,20241096225
2019-12-10,9632.58,9621.9,9640.3,9582.4,1016717334,17611556766
2019-12-11,9630.2,9594.2,9637.49,9580.6,1536080448,21633242417
2019-12-12,9623.12,9572.69,9624.26,9553.82,1117752715,16273207517
2019-12-13,9668.09,9758.82,9763.15,9651.62,1844523767,28322838707
2019-12-16,9780.63,9815.97,9815.97,9725.16,2340843186,30481618967
2019-12-17,9809.31,9979.62,10046.57,9804.99,2760890885,36245189737
2019-12-18,9981.37,10001.78,10094.7,9974.9,2075385622,30172882803
2019-12-19,10012.02,10025.46,10056.83,9986.25,1474538867,21168240103
2019-12-20,10039.95,10025.48,10092.39,10021.73,1684908389,22479194202
2019-12-23,10032.97,9896.24,10068.79,9887.53,1739140782,24102841012
2019-12-24,9905.67,9931.02,9941.04,9877.6,1255159248,17184553149
2019-12-25,9932.59,9911.05,9956.36,9880.57,1219062482,17351753209
2019-12-26,9938.95,9992.52,9992.52,9924.8,1641038103,19597724822
2019-12-27,10020.74,9978.03,10080.09,9970.21,1724904678,24435474940
2019-12-30,9961.1,10146.44,10157.73,9932.69,1992170143,31585557133
2019-12-31,10128.73,10189.25,10189.25,10112.77,1522174660,23761568022
2020-01-02,10265.47,10392.1,10426.22,10265.47,2428413436,39135468466
2020-01-03,10413.22,10352.64,10433.24,10310.85,1824189745,28709289754
2020-01-06,10276.54,10261.66,10377.12,10176.11,1865898477,32074054299
2020-01-07,10307.29,10396.07,10400.84,10305.59,1532323226,27294519480
2020-01-08,10335.79,10327.79,10435.22,10288.16,2209362359,30393739094
2020-01-09,10430.94,10492.24,10493.88,10423.14,1757167167,28866037280
2020-01-10,10511.76,10474.84,10525.49,10441.08,1587724802,28262415853
2020-01-13,10494.82,10599.84,10599.84,10493.28,1532752545,30970485887
2020-01-14,10619.16,10541.37,10643.54,10530.01,1754992222,24959829195
2020-01-15,10544.04,10486.66,10557.25,10430.71,1409573693,24134104790
2020-01-16,10508.8,10428.49,10512.57,10404.35,1422118840,23133456975
2020-01-17,10463.64,10409.45,10505.05,10384.09,1277894997,20822151950
2020-01-20,10452.93,10428.93,10456.14,10343.72,1637584492,25202567907
2020-01-21,10360.69,10163.86,10362.67,10152.04,1653168734,28852873566
2020-01-22,10100.64,10183.53,10223.01,9960.36,1600694130,27892931844
2020-01-23,10071.58,9783.97,10071.58,9715.72,2121528365,36436108753
2020-02-03,8815.02,8877.74,9077.72,8815.02,2006458786,37164648906
2020-02-04,8789.95,9149.36,9149.36,8789.95,3041458387,45114575605
2020-02-05,9181.2,9276.56,9374.62,9143.62,2419702039,36625177936
2020-02-06,9327.22,9416.4,9450.14,9192.55,2481859439,33955299910
2020-02-07,9347.36,9360.62,9360.62,9258.77,2092825755,29835799763
2020-02-10,9290.47,9445.37,9451.38,9235.78,2130676883,30825332739
2020-02-11,9489.38,9634.16,9686.12,9462.33,2012731928,31692048779
2020-02-12,9611.17,9664.89,9667.9,9575.55,1731157208,24746011758
2020-02-13,9661.14,9619.59,9727.13,9585.93,2011957027,27704595312
2020-02-14,9605.72,9696.89,9707.61,9591.67,2033149376,28698478539
2020-02-17,9694.42,9871.49,9871.49,9684.88,2308187402,34472966980
2020-02-18,9857.37,9802.08,9857.37,9725.15,2698735184,32200865346
2020-02-19,9785.96,9860.1,9922.82,9773.04,2515211760,34608322757
2020-02-20,9887.45,10119.98,10131.97,9881.34,3187779666,41720096878
2020-02-21,10097.97,10063.88,10136.54,10023.8,3197328239,40450260164
2020-02-24,10036.45,9988.88,10036.45,9909.91,2853810139,39483806036
2020-02-25,9828.87,9920.05,9925.43,9711.96,3583952754,45746104086
2020-02-26,9778.67,9871.0,10012.89,9761.3,3633639825,46116820735
2020-02-27,9883.36,9897.69,9956.99,9858.16,2653638832,35777616374
2020-02-28,9672.4,9507.7,9743.34,9471.24,3289948893,43679232994
2020-03-02,9542.36,9844.55,9906.65,9542.36,3182700459,44029040229
2020-03-03,9957.31,9861.66,9985.82,9790.73,2974195325,40030360222
2020-03-04,9819.67,9948.82,9948.82,9798.75,2619078101,36132692597
2020-03-05,10019.57,10303.41,10336.35,9969.23,3354268244,58588514356
2020-03-06,10179.08,10083.06,10239.68,10074.22,2475667904,37646134905
2020-03-09,9879.24,9760.52,9885.84,9751.9,2769961570,40451615115
2020-03-10,9713.3,9942.56,9975.57,9633.49,2884420992,40065669893
2020-03-11,9966.24,9812.59,9967.49,9809.93,2251633277,30556520777
2020-03-12,9671.28,9582.04,9695.52,9526.2,2447007768,32980247320
2020-03-13,9123.0,9415.33,9526.82,9081.38,2629864474,37173647581
2020-03-16,9431.85,8972.03,9431.85,8950.17,2706406805,36938922745
2020-03-17,8957.82,8825.75,9121.76,8633.04,2480864583,34367651700
2020-03-18,8863.37,8659.13,9041.35,8652.73,2560970999,39582324751
2020-03-19,8622.77,8480.02,8655.25,8254.93,2824306074,43133137384
2020-03-20,8583.93,8654.25,8682.47,8500.73,2158329829,31885561473
2020-03-23,8370.42,8289.88,8445.45,8264.55,2070859447,27563407580
2020-03-24,8463.27,8548.4,8554.39,8343.66,2096690053,29281285169
2020-03-25,8783.78,8825.83,8851.46,8700.1,2381485440,33563789821
2020-03-26,8758.29,8747.04,8869.12,8706.96,1549077105,23039310312
2020-03-27,8876.43,8782.41,8900.49,8778.87,1702979779,28243026704
2020-03-30,8637.04,8635.19,8677.53,8561.67,1725309166,24660793521
2020-03-31,8736.14,8715.16,8799.94,8690.39,1722015274,24401174402
2020-04-01,8750.51,8742.7,8861.4,8719.27,2175202422,27586086679
2020-04-02,8691.71,8845.29,8845.29,8667.8,1819794045,24636775411
2020-04-03,8830.42,8795.12,8886.71,8762.12,1769225199,23714583402
2020-04-07,8954.09,9023.61,9037.96,8933.29,2281398682,32489648000
2020-04-08,8978.31,8941.95,8986.36,8911.79,1692149593,23367151968
2020-04-09,8995.33,8943.15,9001.37,8922.55,1404583008,20129557988
2020-04-10,8949.76,8990.55,9138.11,8926.55,1543282771,25638872749
2020-04-13,8954.54,9004.94,9061.28,8947.68,1315939770,21612117132
2020-04-14,9082.97,9134.28,9134.28,9013.01,1666910884,24941207721
2020-04-15,9092.99,9045.71,9134.06,9027.97,1806314020,26297785198
2020-04-16,9000.28,8992.99,9019.39,8958.72,1260547088,20059041506
2020-04-17,9062.71,9067.4,9121.35,9027.53,1925579487,26899847057
2020-04-20,9087.78,9100.02,9106.37,9042.3,1298876892,19697914292
2020-04-21,9081.86,8962.09,9081.86,8903.83,1542005065,24359818555
2020-04-22,8914.03,9084.42,9084.42,8894.6,1139694546,21532392665
2020-04-23,9112.23,9090.97,9159.42,9075.35,1175459383,21520946230
2020-04-24,9110.21,9053.62,9122.9,9026.06,1076342429,18109244725
2020-04-27,9073.92,9112.04,9166.47,9040.45,1208745333,21762850843
2020-04-28,9156.94,9203.88,9244.53,9000.1,1502884312,28058068357
2020-04-29,9188.05,9269.69,9308.33,9164.82,1337659223,25674693247
2020-04-30,9287.55,9350.42,9391.26,9287.55,1998720714,28982774939
2020-05-06,9235.1,9413.4,9416.3,9232.62,2266861427,32818475185
2020-05-07,9412.67,9391.03,9434.6,9371.37,1489713963,24347423323
2020-05-08,9450.71,9563.22,9601.49,9418.73,1717918912,31749501140
2020-05-11,9597.03,9576.28,9698.65,9524.94,1680680343,30700884261
2020-05-12,9588.72,9585.49,9632.34,9519.83,1329483962,23742606848
2020-05-13,9556.94,9609.91,9622.62,9516.74,1234800855,22141376149
2020-05-14,9581.48,9509.72,9581.48,9502.92,1399241493,22599480045
2020-05-15,9552.88,9449.76,9564.58,9431.02,1470894406,22138742370
2020-05-18,9466.91,9529.51,9581.77,9436.25,1594419366,29098648272
2020-05-19,9639.27,9584.28,9643.94,9557.39,1275755476,23472120299
2020-05-20,9576.65,9538.28,9578.83,9519.11,1454153363,22675883424
2020-05-21,9589.08,9475.55,9589.74,9453.72,1221381323,19179829326
2020-05-22,9462.4,9234.9,9463.62,9225.06,1442877937,25276973165
2020-05-25,9242.72,9243.53,9276.01,9127.24,1022688625,20684802674
2020-05-26,9292.71,9373.08,9377.8,9276.87,1150983447,19668022834
2020-05-27,9376.24,9305.78,9387.5,9290.64,1039637816,17252187751
2020-05-28,9325.26,9328.7,9424.06,9248.04,1267323694,20690677677
2020-05-29,9285.8,9355.63,9366.43,9270.52,1503098202,20505965655
2020-06-01,9432.61,9645.69,9673.57,9432.61,2039341214,33067433601
2020-06-02,9646.83,9656.93,9688.53,9605.76,1977892869,30195579645
2020-06-03,9710.81,9646.24,9748.64,9626.22,1971977586,28987859200
2020-06-04,9693.28,9716.48,9724.5,9665.87,1502466474,23590788309
2020-06-05,9731.38,9749.18,9749.99,9672.51,1463588883,25111710582
2020-06-08,9827.45,9874.24,9983.64,9827.45,1913899970,31574150519
2020-06-09,9905.92,9902.74,9938.58,9854.96,1629494860,25676751366
2020-06-10,9916.17,9849.22,9916.17,9810.55,1462891255,22923765573
2020-06-11,9793.07,9650.1,9793.93,9589.39,1673306942,27397333118
2020-06-12,9471.95,9655.27,9668.03,9449.13,1539024516,24727714750
2020-06-15,9586.33,9520.37,9645.29,9520.37,1780655871,34158481309
2020-06-16,9602.57,9623.77,9625.33,9560.04,1438421518,27985436214
2020-06-17,9612.61,9599.37,9612.61,9534.48,1507855384,28163224860
2020-06-18,9600.15,9694.92,9711.57,9585.17,2039351307,32979902331
2020-06-19,9709.19,9865.31,9881.86,9708.78,2074822165,41413689000
2020-06-22,9836.89,9790.88,9845.27,9766.97,2297313354,40588127143
2020-06-23,9782.43,9811.84,9823.82,9736.83,2033428750,37189093149
2020-06-24,9837.34,9893.16,9908.28,9837.34,1792393143,34105851078
2020-06-29,9860.5,9846.53,9899.0,9791.1,1675274841,32833759389
2020-06-30,9895.78,9963.26,9990.16,9895.78,1659155228,32792403186
2020-07-01,9970.77,10333.36,10369.15,9959.97,2585554612,55787446530
2020-07-02,10300.36,10578.5,10596.98,10297.88,3334061916,68958970370
2020-07-03,10614.2,10698.18,10698.18,10546.22,3392908876,67387676961
2020-07-06,10793.44,11260.5,11274.25,10793.44,4376772243,88315934890
2020-07-07,11407.65,11293.35,11526.91,11260.62,4308921226,89405417150
2020-07-08,11257.36,11344.87,11398.16,11158.81,3648879958,70599595640
2020-07-09,11328.06,11531.96,11531.96,11303.78,3738679972,73652519733
2020-07-10,11434.39,11340.2,11505.98,11292.57,3251375117,67351951938
2020-07-13,11299.43,11595.94,11653.39,11299.43,3808716421,82991288255
2020-07-14,11593.77,11515.53,11658.81,11297.63,3427224553,71750216935
2020-07-15,11513.13,11470.15,11623.03,11407.41,3211472402,69405223066
2020-07-16,11455.88,10894.06,11504.06,10877.02,3432478457,79999741135
2020-07-17,10840.85,11060.45,11143.54,10817.76,2595525847,58325314866
2020-07-20,11138.71,11368.8,11389.44,10977.85,2938877094,63315673722
2020-07-21,11390.99,11381.55,11433.97,11311.85,2596101512,50076811513
2020-07-22,11352.86,11437.43,11574.96,11309.67,2644731484,54032164364
2020-07-23,11326.23,11426.33,11479.12,11154.33,2830421891,56419811137
2020-07-24,11330.71,10944.44,11388.73,10863.98,3092222415,63398271097
2020-07-27,11047.43,10967.61,11099.14,10841.04,2178105470,46097168539
2020-07-28,11044.05,11131.34,11187.85,11025.5,1880769131,43655474046
2020-07-29,11119.43,11388.05,11392.98,11074.79,2269397441,52824583427
2020-07-30,11384.59,11308.43,11433.55,11286.84,2166049627,47549239905
2020-07-31,11281.35,11323.73,11483.08,11162.75,2447711599,50700766274
2020-08-03,11380.2,11500.73,11506.11,11380.2,2903640281,57258596643
2020-08-04,11489.74,11515.58,11539.99,11408.59,2655752248,52442924087
2020-08-05,11450.17,11506.88,11506.88,11338.87,2330648596,45458228667
2020-08-06,11507.69,11400.49,11515.18,11278.67,2685586409,53311105935
2020-08-07,11338.57,11270.74,11366.68,11101.7,2196062600,47470235031
2020-08-10,11237.0,11386.31,11428.47,11130.2,2101502711,41936163925
2020-08-11,11417.37,11380.68,11623.09,11366.2,2395706363,51074851938
2020-08-12,11362.47,11306.62,11410.22,11135.55,2170339437,45372560099
2020-08-13,11354.92,11299.1,11397.62,11272.62,1677318703,32357536280
2020-08-14,11269.98,11458.9,11465.08,11240.8,1595186476,34438918632
2020-08-17,11508.37,11717.35,11776.21,11508.37,3134469666,60662227873
2020-08-18,11716.23,11677.93,11720.26,11619.16,2266049555,44231986625
2020-08-19,11660.92,11579.37,11709.01,11569.67,1983268478,43050463741
2020-08-20,11518.1,11387.38,11530.01,11351.54,1658335579,34548042237
2020-08-21,11516.71,11492.64,11528.68,11417.29,1801308109,32820467355
2020-08-24,11552.45,11650.53,11686.51,11547.21,2301124315,43582249204
2020-08-25,11678.3,11753.26,11813.99,11673.06,1929804811,42080636110
2020-08-26,11751.84,11626.3,11821.17,11557.96,1739040538,40488543034
2020-08-27,11653.95,11627.65,11655.37,11509.19,1420376450,34370263937
2020-08-28,11594.41,11980.78,11995.53,11565.42,2264442988,56696240990
2020-08-31,12056.86,11898.1,12149.73,11889.61,2723654365,60129797252
2020-09-01,11857.44,11917.94,11923.31,11774.1,1958916962,44512437948
2020-09-02,11942.79,11958.6,12021.57,11829.96,2299103973,48558077274
2020-09-03,11953.38,11930.36,12078.07,11877.13,1932625627,48697286472
2020-09-04,11722.77,11782.77,11802.04,11635.29,1691241804,42513796093
2020-09-07,11730.98,11542.64,11840.71,11496.28,2346878343,52367898569
2020-09-08,11569.23,11505.13,11603.7,11381.02,1914460309,46261352708
2020-09-09,11353.82,11214.09,11404.7,11167.49,1877236218,37781520456
2020-09-10,11344.2,11275.73,11417.08,11239.05,1830803866,35965180755
2020-09-11,11247.67,11363.26,11372.19,11193.2,1629381401,32534395415
2020-09-14,11405.68,11405.76,11470.81,11333.94,1465437590,31954360151
2020-09-15,11404.43,11531.69,11537.98,11370.13,1418419911,29509000539
2020-09-16,11518.07,11425.2,11533.36,11391.62,1351024561,31560126435
2020-09-17,11380.0,11375.95,11456.51,11297.73,1317927718,34699971489
2020-09-18,11406.97,11627.68,11638.07,11382.15,1962064322,41267114142
2020-09-21,11628.81,11513.81,11640.28,11509.28,1510631123,31731379719
2020-09-22,11414.18,11384.82,11539.63,11348.2,1417974716,27865065020
2020-09-23,11343.83,11381.79,11416.49,11299.43,1181309756,27012402399
2020-09-24,11329.22,11175.16,11358.08,11167.98,1403656955,28171414983
2020-09-25,11212.07,11159.06,11254.99,11124.38,1173407091,23008995125
2020-09-28,11194.55,11178.23,11268.59,11161.79,1122500096,26613879287
2020-09-29,11250.01,11234.2,11291.16,11217.52,1220041495,25340327693
2020-09-30,11290.37,11241.67,11361.71,11185.84,1303076658,28662622975
2020-10-09,11409.62,11419.16,11477.36,11360.19,1531518428,33692219703
2020-10-12,11457.17,11799.76,11799.76,11457.17,2073789127,48872729432
2020-10-13,11778.01,11959.82,11973.33,11731.54,1489294428,36989993639
2020-10-14,11991.61,11904.59,11995.55,11872.0,1853489894,42318478362
2020-10-15,11904.36,11915.83,11989.53,11882.53,1811933224,37737430686
2020-10-16,11898.76,11866.94,11965.94,11825.1,1706970981,32191476345
2020-10-19,11940.37,11802.32,12054.2,11772.49,1736978367,35471994853
2020-10-20,11797.67,11939.39,11939.39,11775.85,1421660607,31205107440
2020-10-21,11944.99,11973.48,12000.98,11878.9,1241946963,28858542672
2020-10-22,11966.55,11960.28,11991.56,11824.99,1503162691,35828780461
2020-10-23,11940.7,11785.92,12019.72,11784.45,1396979564,32207019802
2020-10-26,11700.22,11815.94,11852.05,11585.39,1410497343,34939666431
2020-10-27,11790.18,11795.38,11853.1,11745.9,1390361973,31334563180
2020-10-28,11809.22,11893.46,11954.66,11796.51,1516453628,35656339504
2020-10-29,11790.48,12194.97,12261.74,11780.58,1808343444,46437203340
2020-10-30,12211.72,11951.27,12217.51,11919.13,1805658193,44912748509
2020-11-02,11996.64,12201.32,12254.35,11996.64,1969665169,45480976224
2020-11-03,12241.61,12277.66,12299.78,12165.23,1805198950,40122726457
2020-11-04,12294.19,12452.59,12485.14,12282.29,1572381746,37415976926
2020-11-05,12552.04,12633.69,12684.63,12542.94,2103262016,47912045884
2020-11-06,12651.62,12759.83,12777.15,12564.22,1945850384,46345812921
2020-11-09,12843.43,12970.28,12992.67,12842.23,2583212333,56749939708
2020-11-10,12966.92,12931.96,12992.59,12834.94,2326418028,51713918026
2020-11-11,12859.48,12824.34,12986.52,12818.68,2393754230,49795373629
2020-11-12,12860.08,12854.84,12911.74,12784.41,1745420641,38561065121
2020-11-13,12765.7,12749.29,12778.3,12565.31,2022491835,41635742800
2020-11-16,12877.33,12952.63,12952.63,12717.11,1940693452,45109294726
2020-11-17,12950.56,13009.07,13056.16,12909.13,2375588725,52210590371
2020-11-18,12990.64,12986.41,13051.96,12911.94,2041285396,49601749137
2020-11-19,12994.31,13171.95,13229.02,12966.95,1963087221,46859681988
2020-11-20,13188.69,13147.41,13189.65,13104.88,1619865747,39821418832
2020-11-23,13154.6,13282.31,13307.58,13085.16,2259488440,51768792401
2020-11-24,13281.29,13180.21,13281.29,13098.29,1762158842,40936131216
2020-11-25,13201.23,12981.21,13238.88,12981.21,1866055321,44040091823
2020-11-26,12977.36,12931.96,13013.44,12750.33,1606482190,41735577840
2020-11-27,12989.82,13101.0,13108.69,12951.2,1838569554,39928153158
2020-11-30,13117.02,12942.17,13204.44,12942.17,2730943710,59719409096
2020-12-01,12933.54,13148.68,13160.8,12932.88,2577418036,52110457379
2020-12-02,13226.73,13312.28,13346.93,13215.04,2977815883,56791383394
2020-12-03,13323.45,13256.05,13323.45,13153.81,3181223975,52590701477
2020-12-04,13221.49,13255.97,13286.42,13150.04,2626967332,49990654399
2020-12-07,13247.28,13169.33,13276.69,13151.71,2243555091,48000145004
2020-12-08,13195.39,13094.45,13213.79,13047.04,2022333212,44257316212
2020-12-09,13108.5,12822.6,13125.6,12821.94,1939683865,43778796060
2020-12-10,12810.12,12846.43,12938.92,12799.68,1732927860,39073955812
2020-12-11,12903.51,12737.0,12907.83,12597.79,2195685425,45811196734
2020-12-14,12790.25,12883.24,12888.17,12736.31,2065701092,45652232007
2020-12-15,12871.01,12868.98,12897.87,12698.62,2033691222,47601265277
2020-12-16,12894.05,12911.79,12965.29,12861.76,1706952645,42940638820
2020-12-17,12913.29,13032.61,13059.96,12887.73,1752400607,43097132559
2020-12-18,13044.03,12998.35,13103.95,12947.96,1914073955,44455745955
2020-12-21,12968.91,13046.3,13055.81,12829.98,2251984985,49019422791
2020-12-22,13009.59,12912.72,13112.34,12900.49,2353875393,49044833800
2020-12-23,12919.51,12933.7,13075.09,12810.89,2195595198,54007305896
2020-12-24,12907.98,12940.4,13013.94,12826.87,1771685278,40157464047
2020-12-25,12901.07,12949.76,12961.4,12826.47,1515007301,34485040778
2020-12-28,12932.12,13226.76,13242.83,12932.12,1900183836,46924059177
2020-12-29,13238.21,13150.91,13244.49,13098.14,1818943010,39641798791
2020-12-30,13139.03,13275.96,13287.92,13130.56,1985154581,42244515137
2020-12-31,13262.78,13488.62,13502.71,13262.78,2116534412,48789184282
2021-01-04,13506.51,13749.32,13793.27,13506.51,2919644045,70727548932
2021-01-05,13726.15,14322.13,14322.39,13682.41,3250189100,85854987396
2021-01-06,14413.76,14469.69,14579.22,14236.9,2785548611,80197452674
2021-01-07,14502.67,14730.02,14730.02,14396.75,3116493432,80759693683
2021-01-08,14733.54,14547.41,14783.79,14379.3,2994059683,79506835056
2021-01-11,14545.02,14266.57,14623.97,14199.59,3557364185,91568422234
2021-01-12,14202.65,14648.61,14650.99,14202.65,3287259979,75227533910
2021-01-13,14703.28,14601.76,14810.61,14489.8,3731459686,82845288411
2021-01-14,14564.05,14177.5,14596.01,14149.32,3463036887,77851637296
2021-01-15,14178.6,14171.2,14272.79,13936.29,3073199544,77272598068
2021-01-18,14127.75,14331.67,14376.48,14022.73,3241165365,72885774031
2021-01-19,14364.17,14062.31,14405.29,14012.27,3315987956,72883507742
2021-01-20,14022.73,14081.88,14157.96,13960.63,2397914405,60695948747
2021-01-21,14109.34,14353.92,14454.81,14109.34,2878085519,69255807394
2021-01-22,14328.86,14339.99,14363.3,14151.52,2672646288,65052161407
2021-01-25,14307.11,14644.81,14690.72,14197.71,2866692551,76367997555
2021-01-26,14618.99,14397.16,14618.99,14382.22,2582749336,71351335065
2021-01-27,14330.06,14412.73,14443.92,14141.06,2440628290,67934614970
2021-01-28,14184.28,13984.01,14189.22,13915.18,2351159055,60896379958
2021-01-29,14061.33,13983.72,14149.5,13855.34,2608497877,62689127227
2021-02-01,14036.75,14279.82,14294.34,13979.5,2347305047,60704332242
2021-02-02,14252.76,14609.53,14611.94,14252.76,2584146262,74385606304
2021-02-03,14637.1,14637.84,14762.58,14571.97,2685712892,74873256824
2021-02-04,14517.98,14592.2,14736.73,14460.46,2483580998,69296940012
2021-02-05,14635.84,14662.82,14869.91,14613.36,3074800293,80484863660
2021-02-08,14770.01,14913.86,14935.68,14654.57,2366256121,69980943748
2021-02-09,14982.31,15268.42,15270.0,14843.98,2393651334,70052141370
2021-02-10,15296.97,15662.66,15715.64,15296.97,2217252040,77166013812
2021-02-18,15955.01,15335.68,15990.77,15250.92,2988002701,92405137481
2021-02-19,15205.56,15527.85,15578.19,15077.49,2823373374,77382466275
2021-02-22,15459.39,14781.45,15459.39,14776.46,3476004714,96356529211
2021-02-23,14612.95,14692.42,14909.15,14591.08,2753527882,70163607949
2021-02-24,14816.84,14396.7,14861.15,14225.36,2710439880,81927893930
2021-02-25,14532.01,14514.48,14699.71,14398.71,2779022516,68966716763
2021-02-26,14177.39,14149.21,14407.13,14010.56,2617949823,73006677551
2021-03-01,14311.89,14445.16,14480.61,14273.73,2182315830,59356147826
2021-03-02,14551.44,14300.36,14635.46,14143.76,2232124180,61168625679
2021-03-03,14219.18,14528.9,14528.9,14124.89,2205613158,52544252576
2021-03-04,14358.46,13994.86,14358.46,13938.38,2565211922,62272392113
2021-03-05,13698.64,13846.64,13999.82,13587.41,2453142047,60324036151
2021-03-08,13933.64,13275.74,14024.61,13275.74,2683327863,65960539850
2021-03-09,13206.83,12982.02,13292.24,12803.73,2700607727,67413562497
2021-03-10,13189.25,13144.39,13225.55,12981.55,2035418476,50343337462
2021-03-11,13202.42,13440.98,13514.5,13137.85,2437867465,54156686952
2021-03-12,13511.27,13529.34,13563.61,13364.32,2408822878,48863733336
2021-03-15,13399.52,13192.5,13435.91,13055.65,2262866594,52661988017
2021-03-16,13244.89,13399.12,13399.46,13157.65,1947565788,46818618289
2021-03-17,13372.78,13575.96,13635.97,13283.61,2124965210,48512977875
2021-03-18,13631.07,13765.25,13794.75,13622.09,1775893370,41955305051
2021-03-19,13540.06,13321.55,13600.22,13226.68,2226455728,49279574408
2021-03-22,13284.27,13459.91,13468.92,13228.76,2542325406,47486905926
2021-03-23,13469.21,13325.3,13483.59,13211.74,2055902317,40547288149
2021-03-24,13275.49,13157.9,13422.58,13127.13,1967356909,42374873601
2021-03-25,13092.64,13049.17,13139.06,12952.64,1907644679,38258474233
2021-03-26,13150.59,13346.46,13395.05,13118.24,1923068537,44578723430
2021-03-29,13359.64,13375.33,13521.55,13260.52,2231540306,51359594916
2021-03-30,13371.36,13504.67,13574.74,13321.78,1910561517,42300675404
2021-03-31,13454.36,13369.25,13454.36,13276.69,1940383769,40889590332
2021-04-01,13399.41,13559.6,13575.48,13393.89,1582278700,34300222932
2021-04-02,13646.49,13748.65,13763.38,13594.14,1943964901,43236105100
2021-04-06,13779.56,13630.04,13792.77,13584.45,1477693106,35169494514
2021-04-07,13635.53,13441.12,13637.28,13351.87,1908602679,44396319339
2021-04-08,13332.34,13436.43,13480.84,13277.84,1609814402,34372500650
2021-04-09,13422.7,13207.97,13422.7,13175.14,1741565699,35756110222
2021-04-12,13211.61,12954.38,13265.61,12913.76,2021131060,38665694293
2021-04-13,12945.2,12951.99,13089.34,12898.43,1778230623,34750946129
2021-04-14,12955.86,13074.69,13110.54,12930.4,1662741245,32970162241
2021-04-15,13075.57,13008.85,13099.17,12864.41,1373312033,35126715191
2021-04-16,13048.46,13090.99,13135.46,12963.27,1415852195,34251277134
2021-04-19,13114.03,13392.39,13402.49,13012.32,2033292916,47682634560
2021-04-20,13338.94,13421.15,13533.17,13315.35,1924622151,47022329315
2021-04-21,13329.08,13466.8,13502.02,13315.18,1691033730,39916409702
2021-04-22,13510.33,13462.87,13529.68,13380.46,1460028854,34176101124
2021-04-23,13493.99,13663.44,13688.9,13490.63,1752336009,44487477001
2021-04-26,13731.37,13474.94,13789.3,13462.29,2191968738,51373697980
2021-04-27,13467.37,13479.92,13484.53,13329.08,1561773895,36922882295
2021-04-28,13435.16,13606.29,13609.46,13400.12,1621482343,40309293913
2021-04-29,13655.78,13804.88,13818.69,13597.07,1596843504,45489068215
2021-04-30,13823.1,13640.7,13823.1,13582.09,1717532062,44465936434
2021-05-06,13518.87,13367.02,13620.76,13333.59,1792350992,43543692808
2021-05-07,13421.13,13232.71,13479.43,13227.46,1886803610,40697454560
2021-05-10,13197.53,13126.32,13265.7,13040.82,1993227868,46816491040
2021-05-11,13033.82,13244.42,13256.48,12994.11,1936306666,41645140911
2021-05-12,13215.16,13277.83,13295.4,13169.51,1743753633,37475526075
2021-05-13,13133.25,13077.52,13211.85,13045.48,1950835050,41087127151
2021-05-14,13118.57,13333.41,13343.09,13013.7,2097517155,47946212571
2021-05-17,13350.7,13574.92,13676.57,13350.7,2002993348,53065809559
2021-05-18,13607.27,13584.36,13622.69,13473.43,1562746112,35067147833
2021-05-19,13514.55,13496.77,13596.47,13450.69,1526318225,35850410785
2021-05-20,13528.95,13618.68,13643.66,13512.26,1871707587,45052502356
2021-05-21,13645.32,13546.21,13725.56,13464.38,1798956426,45833491361
2021-05-24,13580.53,13563.33,13582.41,13394.33,1865388269,48468105725
2021-05-25,13577.27,13930.3,13948.19,13552.88,2266856585,64310546409
2021-05-26,13919.88,13930.09,13965.56,13867.5,2080519566,52783050658
2021-05-27,13967.55,13975.39,14091.72,13844.57,2027247837,50636814283
2021-05-28,13954.1,13849.24,13954.1,13769.56,2281454309,49462773384
2021-05-31,13814.23,13752.7,13814.23,13602.85,1917331562,47894779478
2021-06-01,13743.82,13772.22,13778.49,13593.7,1902402127,47741326853
2021-06-02,13740.32,13649.84,13747.26,13579.62,1866476527,45839381849
2021-06-03,13645.71,13584.89,13765.7,13574.94,1624798370,43189598911
2021-06-04,13535.17,13682.03,13790.45,13482.46,1791481315,42265239278
2021-06-07,13662.27,13582.25,13662.27,13475.76,1658447200,42266113567
2021-06-08,13577.56,13334.48,13616.44,13252.42,1538479157,47652976416
2021-06-09,13300.22,13294.36,13368.17,13225.75,1409413682,35153975772
2021-06-10,13280.38,13327.15,13388.97,13244.97,1762552532,39989081734
2021-06-11,13307.93,13124.04,13311.7,13078.37,2098379836,52333556006
2021-06-15,13099.15,12953.87,13114.88,12806.58,1387106371,40478712904
2021-06-16,12958.56,12863.97,12981.35,12835.39,1206061497,31284439025
2021-06-17,12834.11,12801.25,12932.49,12768.91,1498529013,29353859794
2021-06-18,12801.3237,12702.0811,12807.8787,12606.8382,1847854511,41213799924
